id,code,coding_scheme,valid_from,valid_until,code_display_text,parent_code
0,E00010,NORPAT,2001-12-31 23:00:00+00,,ukjent agens,
1,E00030,NORPAT,2017-10-14 22:00:00+00,,støv,
2,E00040,NORPAT,2001-12-31 23:00:00+00,,mikroorganisme ikke påvist,
3,E00050,NORPAT,2001-12-31 23:00:00+00,,"etiologisk agens ikke påvist, antatt toksisk",
4,E00070,NORPAT,2001-12-31 23:00:00+00,,infeksiøst agens,
5,E00120,NORPAT,2001-12-31 23:00:00+00,,nosokomiell etiologi,
6,E00130,NORPAT,2001-12-31 23:00:00+00,,iatrogen etiologi,
7,E00160,NORPAT,2001-12-31 23:00:00+00,,terapeutisk uhell,
8,E00180,NORPAT,2001-12-31 23:00:00+00,,medikamentrelatert etiologi,
9,E00181,NORPAT,2017-10-14 22:00:00+00,,tacrolimus,
10,E00182,NORPAT,2017-10-14 22:00:00+00,,cyclosporin,
11,E00200,NORPAT,2001-12-31 23:00:00+00,,idiopatisk,
12,E00220,NORPAT,2001-12-31 23:00:00+00,,sekundær,
13,E00240,NORPAT,2001-12-31 23:00:00+00,,ervervet,
14,E00320,NORPAT,2001-12-31 23:00:00+00,,miljørelatert etiologi,
15,E00340,NORPAT,2001-12-31 23:00:00+00,,yrkesrelatert etiologi,
16,E00360,NORPAT,2001-12-31 23:00:00+00,,operasjonskomplikasjon,
17,E00400,NORPAT,2001-12-31 23:00:00+00,,endemisk,
18,E00420,NORPAT,2001-12-31 23:00:00+00,,epidemisk,
19,E01000,NORPAT,2001-12-31 23:00:00+00,,arvelig årsak,
20,E01050,NORPAT,2001-12-31 23:00:00+00,,recessiv arvelig disposisjon,
21,E01080,NORPAT,2001-12-31 23:00:00+00,,medfødt arvelig disposisjon,
22,E01090,NORPAT,2001-12-31 23:00:00+00,,dominant arvelig disposisjon,
23,E01100,NORPAT,2001-12-31 23:00:00+00,,medfødt,
24,E01110,NORPAT,2001-12-31 23:00:00+00,,familiær,
25,E01120,NORPAT,2001-12-31 23:00:00+00,,utviklingsmessig relasjon,
26,E01200,NORPAT,2001-12-31 23:00:00+00,,"bærer, heterozygot",
27,E01240,NORPAT,2001-12-31 23:00:00+00,,kjønnsbundet arvelig disposisjon,
28,E10000,NORPAT,2001-12-31 23:00:00+00,,bakterie,
29,E10030,NORPAT,2001-12-31 23:00:00+00,,grampositiv bakterie,28
30,E10040,NORPAT,2001-12-31 23:00:00+00,,grampositiv stav,28
31,E10050,NORPAT,2001-12-31 23:00:00+00,,grampositiv kokk,28
32,E10070,NORPAT,2001-12-31 23:00:00+00,,gramnegativ bakterie,28
33,E10080,NORPAT,2001-12-31 23:00:00+00,,gramnegativ stav,28
34,E10090,NORPAT,2001-12-31 23:00:00+00,,gramnegativ kokk,28
35,E10200,NORPAT,2001-12-31 23:00:00+00,,bakterielt toksin,28
36,E10700,NORPAT,2001-12-31 23:00:00+00,,actinomyces,28
37,E12800,NORPAT,2001-12-31 23:00:00+00,,borrelia,28
38,E13700,NORPAT,2001-12-31 23:00:00+00,,campylobacter,28
39,E13701,NORPAT,2001-12-31 23:00:00+00,,Helicobacter pylori,28
40,E14300,NORPAT,2001-12-31 23:00:00+00,,clostridium,28
41,E15200,NORPAT,2001-12-31 23:00:00+00,,corynebacterium,28
42,E15710,NORPAT,2001-12-31 23:00:00+00,,colibakterie,28
43,E15860,NORPAT,2001-12-31 23:00:00+00,,klebsiella,28
44,E15920,NORPAT,2001-12-31 23:00:00+00,,proteus,28
45,E16000,NORPAT,2001-12-31 23:00:00+00,,salmonella,28
46,E16500,NORPAT,2001-12-31 23:00:00+00,,shigella,28
47,E16840,NORPAT,2001-12-31 23:00:00+00,,yersinia,28
48,E18300,NORPAT,2001-12-31 23:00:00+00,,haemophilus,28
49,E18510,NORPAT,2017-10-14 22:00:00+00,,Gardnerella vaginalis,28
50,E19000,NORPAT,2001-12-31 23:00:00+00,,legionella,28
51,E19400,NORPAT,2001-12-31 23:00:00+00,,listeria,28
52,E19410,NORPAT,2001-12-31 23:00:00+00,,Listeria monocytogenes,28
53,E20000,NORPAT,2001-12-31 23:00:00+00,,syrefast stav,28
54,E20010,NORPAT,2001-12-31 23:00:00+00,,Mycobacterium tuberculosis,28
55,E20030,NORPAT,2001-12-31 23:00:00+00,,BCG,28
56,E20100,NORPAT,2001-12-31 23:00:00+00,,atypisk mykobakterie,28
57,E20310,NORPAT,2001-12-31 23:00:00+00,,Mycobacterium leprae,28
58,E21000,NORPAT,2001-12-31 23:00:00+00,,mycoplasma,28
59,E21600,NORPAT,2001-12-31 23:00:00+00,,Neisseria  gonococcus,28
60,E21650,NORPAT,2001-12-31 23:00:00+00,,gonokokk,28
61,E21700,NORPAT,2001-12-31 23:00:00+00,,meningokokk,28
62,E23000,NORPAT,2001-12-31 23:00:00+00,,pseudomonas,28
63,E24000,NORPAT,2001-12-31 23:00:00+00,,spirokete,28
64,E24400,NORPAT,2001-12-31 23:00:00+00,,stafylokokk,28
65,E24410,NORPAT,2001-12-31 23:00:00+00,,Stafylococcus aureus,28
66,E25000,NORPAT,2001-12-31 23:00:00+00,,streptokokk,28
67,E25480,NORPAT,2001-12-31 23:00:00+00,,beta-hemolytisk streptokokk,28
68,E26000,NORPAT,2001-12-31 23:00:00+00,,treponema,28
69,E26010,NORPAT,2001-12-31 23:00:00+00,,Treponema pallidum,28
70,E28000,NORPAT,2001-12-31 23:00:00+00,,chlamydia,28
71,E30000,NORPAT,2001-12-31 23:00:00+00,,virus,
72,E30100,NORPAT,2017-10-14 22:00:00+00,,adenovirus,71
73,E32100,NORPAT,2001-12-31 23:00:00+00,,herpesvirus,71
74,E32110,NORPAT,2001-12-31 23:00:00+00,,Herpes simplex-virus,71
75,E32120,NORPAT,2001-12-31 23:00:00+00,,Herpes simplex 1-virus,71
76,E32130,NORPAT,2001-12-31 23:00:00+00,,Herpes simplex 2-virus,71
77,E32200,NORPAT,2001-12-31 23:00:00+00,,Herpes zoster-virus,71
78,E32210,NORPAT,2001-12-31 23:00:00+00,,Epstein-Barr-virus,71
79,E32220,NORPAT,2001-12-31 23:00:00+00,,cytomegalovirus,71
80,E32230,NORPAT,2001-12-31 23:00:00+00,,"humant cytomegalovirus, HCMV",71
81,E33400,NORPAT,2001-12-31 23:00:00+00,,papillomavirus,71
82,E33406,NORPAT,2017-10-14 22:00:00+00,,humant papillomavirus type 6,71
83,E3340A,NORPAT,2017-10-14 22:00:00+00,,humant papillomavirus,71
84,E3340B,NORPAT,2017-10-14 22:00:00+00,,humant papillomavirus ikke påvist,71
85,E3340C,NORPAT,2020-01-30 23:00:00+00,,"humant papillomavirus, andre høyrisiko, ikke 16, ikke 18",71
86,E3340D,NORPAT,2020-01-30 23:00:00+00,,humant papillomavirus type 33 eller 58,71
87,E3340E,NORPAT,2020-01-30 23:00:00+00,,"humant papillomavirus type 35, 39 eller 68",71
88,E3340F,NORPAT,2020-01-30 23:00:00+00,,"humant papillomavirus type 56, 59 eller 66",71
89,E3340G,NORPAT,2021-12-31 23:00:00+00,,"humant papillomavirus type 31, 33, 52 eller 58",71
90,E3340H,NORPAT,2021-12-31 23:00:00+00,,"humant papillomavirus type 35, 39, 51, 56, 59, 66 eller 68",71
91,E3340X,NORPAT,2017-10-14 22:00:00+00,,"humant papillomavirus, ukjent type",71
92,E33411,NORPAT,2017-10-14 22:00:00+00,,humant papillomavirus type 11,71
93,E33416,NORPAT,2017-10-14 22:00:00+00,,humant papillomavirus type 16,71
94,E33418,NORPAT,2017-10-14 22:00:00+00,,humant papillomavirus type 18,71
95,E33426,NORPAT,2017-10-14 22:00:00+00,,humant papillomavirus type 26,71
96,E33431,NORPAT,2017-10-14 22:00:00+00,,humant papillomavirus type 31,71
97,E33433,NORPAT,2017-10-14 22:00:00+00,,humant papillomavirus type 33,71
98,E33435,NORPAT,2017-10-14 22:00:00+00,,humant papillomavirus type 35,71
99,E33439,NORPAT,2017-10-14 22:00:00+00,,humant papillomavirus type 39,71
100,E33440,NORPAT,2017-10-14 22:00:00+00,,humant papillomavirus type 40,71
101,E33442,NORPAT,2017-10-14 22:00:00+00,,humant papillomavirus type 42,71
102,E33443,NORPAT,2017-10-14 22:00:00+00,,humant papillomavirus type 43,71
103,E33444,NORPAT,2017-10-14 22:00:00+00,,humant papillomavirus type 44,71
104,E33445,NORPAT,2017-10-14 22:00:00+00,,humant papillomavirus type 45,71
105,E33450,NORPAT,2001-12-31 23:00:00+00,2017-10-13 22:00:00+00,humant papillomavirus,
106,E33451,NORPAT,2017-10-14 22:00:00+00,,humant papillomavirus type 51,71
107,E33452,NORPAT,2017-10-14 22:00:00+00,,humant papillomavirus type 52,71
108,E33453,NORPAT,2017-10-14 22:00:00+00,,humant papillomavirus type 53,71
109,E33454,NORPAT,2017-10-14 22:00:00+00,,humant papillomavirus type 54,71
110,E33456,NORPAT,2017-10-14 22:00:00+00,,humant papillomavirus type 56,71
111,E33458,NORPAT,2017-10-14 22:00:00+00,,humant papillomavirus type 58,71
112,E33459,NORPAT,2017-10-14 22:00:00+00,,humant papillomavirus type 59,71
113,E33461,NORPAT,2017-10-14 22:00:00+00,,humant papillomavirus type 61,71
114,E33462,NORPAT,2017-10-14 22:00:00+00,,humant papillomavirus type 62,71
115,E33466,NORPAT,2017-10-14 22:00:00+00,,humant papillomavirus type 66,71
116,E33467,NORPAT,2021-01-28 23:00:00+00,,humant papillomavirus type 67,71
117,E33468,NORPAT,2017-10-14 22:00:00+00,,humant papillomavirus type 68,71
118,E33470,NORPAT,2017-10-14 22:00:00+00,,humant papillomavirus type 70,71
119,E33471,NORPAT,2017-10-14 22:00:00+00,,humant papillomavirus type 71,71
120,E33472,NORPAT,2017-10-14 22:00:00+00,,humant papillomavirus type 72,71
121,E33473,NORPAT,2017-10-14 22:00:00+00,,humant papillomavirus type 73,71
122,E33481,NORPAT,2017-10-14 22:00:00+00,,humant papillomavirus type 81,71
123,E33482,NORPAT,2017-10-14 22:00:00+00,,humant papillomavirus type 82,71
124,E33483,NORPAT,2017-10-14 22:00:00+00,,humant papillomavirus type 83,71
125,E33484,NORPAT,2017-10-14 22:00:00+00,,humant papillomavirus type 84,71
126,E33485,NORPAT,2017-10-14 22:00:00+00,,humant papillomavirus type 85,71
127,E33489,NORPAT,2017-10-14 22:00:00+00,,humant papillomavirus type 89,71
128,E33520,NORPAT,2001-12-31 23:00:00+00,,Verruca vulgaris-virus,71
129,E33650,NORPAT,2001-12-31 23:00:00+00,,parotittvirus,71
130,E33900,NORPAT,2017-10-14 22:00:00+00,,parvovirus,71
131,E37000,NORPAT,2017-10-14 22:00:00+00,,polyomavirus,71
132,E37001,NORPAT,2017-10-14 22:00:00+00,,SV-40 (simianvirus),71
133,E37002,NORPAT,2017-10-14 22:00:00+00,,JC virus,71
134,E37003,NORPAT,2017-10-14 22:00:00+00,,BK virus,71
135,E37020,NORPAT,2017-10-14 22:00:00+00,,hantavirus,71
136,E37021,NORPAT,2017-10-14 22:00:00+00,,puumalavirus,71
137,E38000,NORPAT,2001-12-31 23:00:00+00,,uklassifisert virus,71
138,E38500,NORPAT,2001-12-31 23:00:00+00,,hepatittvirus,71
139,E38510,NORPAT,2001-12-31 23:00:00+00,2017-10-13 22:00:00+00,"hepatittvirus, type A",
140,E38600,NORPAT,2001-12-31 23:00:00+00,2017-10-13 22:00:00+00,"hepatittvirus, type B",
141,E38660,NORPAT,2001-12-31 23:00:00+00,2017-10-13 22:00:00+00,"hepatittvirus, type C",
142,E38670,NORPAT,2001-12-31 23:00:00+00,2017-10-13 22:00:00+00,"hepatittvirus, type non-A/non-B/non-C",
143,E38900,NORPAT,2001-12-31 23:00:00+00,,humant immunsviktvirus (hiv),71
144,E40000,NORPAT,2001-12-31 23:00:00+00,,sopp,
145,E40100,NORPAT,2001-12-31 23:00:00+00,,phycomyces,144
146,E40220,NORPAT,2001-12-31 23:00:00+00,,mucor,144
147,E40610,NORPAT,2001-12-31 23:00:00+00,,aspergillus,144
148,E40740,NORPAT,2001-12-31 23:00:00+00,,blastomyces,144
149,E40800,NORPAT,2001-12-31 23:00:00+00,,candida,144
150,E40810,NORPAT,2001-12-31 23:00:00+00,,Candida albicans,144
151,E41150,NORPAT,2001-12-31 23:00:00+00,,coccidioides,144
152,E41200,NORPAT,2001-12-31 23:00:00+00,,kryptokokk,144
153,E41300,NORPAT,2001-12-31 23:00:00+00,,epidermophyton,144
154,E41450,NORPAT,2001-12-31 23:00:00+00,,histoplasma,144
155,E41460,NORPAT,2017-10-14 22:00:00+00,,Histoplasma capsulatum,144
156,E41650,NORPAT,2001-12-31 23:00:00+00,,microsporon,144
157,E42100,NORPAT,2001-12-31 23:00:00+00,,phialophora,144
158,E42260,NORPAT,2001-12-31 23:00:00+00,,Malassezia furfur,144
159,E42400,NORPAT,2001-12-31 23:00:00+00,,rhinosporidium,144
160,E42560,NORPAT,2017-10-14 22:00:00+00,,Candida glabrata,144
161,E42600,NORPAT,2001-12-31 23:00:00+00,,trichophyton,144
162,E42650,NORPAT,2001-12-31 23:00:00+00,,Trichophyton rubrum,144
163,E43000,NORPAT,2001-12-31 23:00:00+00,,parasitt,
164,E43010,NORPAT,2017-10-14 22:00:00+00,,protozo,163
165,E43310,NORPAT,2001-12-31 23:00:00+00,,Pneumocystis carinii,163
166,E43340,NORPAT,2017-10-14 22:00:00+00,,Cryptosporidium,163
167,E43360,NORPAT,2001-12-31 23:00:00+00,,Toxoplasma gondii,163
168,E44150,NORPAT,2001-12-31 23:00:00+00,,giardia,163
169,E44160,NORPAT,2001-12-31 23:00:00+00,,Giardia lamblia,163
170,E44200,NORPAT,2001-12-31 23:00:00+00,,leishmania,163
171,E44320,NORPAT,2001-12-31 23:00:00+00,,trichomonas,163
172,E44330,NORPAT,2001-12-31 23:00:00+00,,Trichomonas vaginalis,163
173,E44360,NORPAT,2001-12-31 23:00:00+00,,trypanosoma,163
174,E44500,NORPAT,2001-12-31 23:00:00+00,,amøbe,163
175,E44560,NORPAT,2001-12-31 23:00:00+00,,Entamoeba histolytica,163
176,E44750,NORPAT,2001-12-31 23:00:00+00,,plasmodium,163
177,E44760,NORPAT,2017-10-14 22:00:00+00,,Plasmodium falciparum,163
178,E44770,NORPAT,2017-10-14 22:00:00+00,,Plasmodium malariae,163
179,E44780,NORPAT,2017-10-14 22:00:00+00,,Plasmodium ovale,163
180,E44790,NORPAT,2017-10-14 22:00:00+00,,Plasmodium vivax,163
181,E45000,NORPAT,2001-12-31 23:00:00+00,,orm,163
182,E45100,NORPAT,2001-12-31 23:00:00+00,,nematode,163
183,E45140,NORPAT,2001-12-31 23:00:00+00,,anchylostoma,163
184,E45150,NORPAT,2001-12-31 23:00:00+00,,Anchylostoma duodenale,163
185,E45220,NORPAT,2001-12-31 23:00:00+00,,ascaris,163
186,E45230,NORPAT,2001-12-31 23:00:00+00,,Ascaris lumbricoides,163
187,E45440,NORPAT,2001-12-31 23:00:00+00,,oxyuris,163
188,E45450,NORPAT,2001-12-31 23:00:00+00,,Enterobius vermicularis,163
189,E45580,NORPAT,2001-12-31 23:00:00+00,,Loa loa,163
190,E45680,NORPAT,2001-12-31 23:00:00+00,,onchocerca,163
191,E45690,NORPAT,2001-12-31 23:00:00+00,,Onchocerca volvulus,163
192,E45950,NORPAT,2001-12-31 23:00:00+00,,Trichinella spiralis-larve,163
193,E46860,NORPAT,2001-12-31 23:00:00+00,,schistosoma,163
194,E47100,NORPAT,2001-12-31 23:00:00+00,,cestode,163
195,E47170,NORPAT,2001-12-31 23:00:00+00,,Diphyllobothrium latum,163
196,E47260,NORPAT,2001-12-31 23:00:00+00,,echinococcus,163
197,E47550,NORPAT,2001-12-31 23:00:00+00,,taenia,163
198,E47560,NORPAT,2001-12-31 23:00:00+00,,Taenia solium,163
199,E47570,NORPAT,2001-12-31 23:00:00+00,,Taenia saginata,163
200,E48010,NORPAT,2001-12-31 23:00:00+00,,insekt,
201,E48240,NORPAT,2001-12-31 23:00:00+00,,veps,200
202,E48300,NORPAT,2001-12-31 23:00:00+00,,loppe,200
203,E48600,NORPAT,2001-12-31 23:00:00+00,,lus,200
204,E48700,NORPAT,2001-12-31 23:00:00+00,,midd,200
205,E48740,NORPAT,2001-12-31 23:00:00+00,,Demodex folliculorum,200
206,E48870,NORPAT,2001-12-31 23:00:00+00,,Sarcoptes scabiei,200
207,E48X00,NORPAT,2001-12-31 23:00:00+00,,flått,200
208,E48Y20,NORPAT,2001-12-31 23:00:00+00,,ixodes,200
209,E49040,NORPAT,2001-12-31 23:00:00+00,,brennmanet,
210,E49220,NORPAT,2001-12-31 23:00:00+00,,fugl,
211,E49250,NORPAT,2001-12-31 23:00:00+00,,katt,
212,E49270,NORPAT,2001-12-31 23:00:00+00,,hund,
213,E49290,NORPAT,2001-12-31 23:00:00+00,,rev,
214,E49570,NORPAT,2001-12-31 23:00:00+00,,menneske,
215,E49640,NORPAT,2001-12-31 23:00:00+00,,orm/slange,
216,E496Y0,NORPAT,2001-12-31 23:00:00+00,,giftorm/-slange,
217,E49750,NORPAT,2001-12-31 23:00:00+00,,gnager,
218,E49910,NORPAT,2001-12-31 23:00:00+00,,hest,
219,E49980,NORPAT,2001-12-31 23:00:00+00,,sau,
220,E50000,NORPAT,2001-12-31 23:00:00+00,,kjemikalie,
221,E50020,NORPAT,2001-12-31 23:00:00+00,,syre,
222,E50030,NORPAT,2001-12-31 23:00:00+00,,base,
223,E50070,NORPAT,2001-12-31 23:00:00+00,,radioaktivt stoff,
224,E50200,NORPAT,2001-12-31 23:00:00+00,,etsende syre,
225,E50220,NORPAT,2001-12-31 23:00:00+00,,saltsyre,
226,E50240,NORPAT,2001-12-31 23:00:00+00,,salpetersyre,
227,E50250,NORPAT,2001-12-31 23:00:00+00,,fosforsyre,
228,E50260,NORPAT,2001-12-31 23:00:00+00,,svovlsyre,
229,E50300,NORPAT,2001-12-31 23:00:00+00,,kaustisk base,
230,E50530,NORPAT,2001-12-31 23:00:00+00,,kulloksyd,
231,E50550,NORPAT,2001-12-31 23:00:00+00,,cyanid,
232,E50700,NORPAT,2001-12-31 23:00:00+00,,nitrogenforbindelse,
233,E50940,NORPAT,2001-12-31 23:00:00+00,,silica,
234,E51100,NORPAT,2001-12-31 23:00:00+00,,arsenikk,
235,E51400,NORPAT,2001-12-31 23:00:00+00,,metall,
236,E51530,NORPAT,2001-12-31 23:00:00+00,,kobber og kobberforbindelser,
237,E51670,NORPAT,2001-12-31 23:00:00+00,,jernforbindelse,
238,E51750,NORPAT,2001-12-31 23:00:00+00,,blyforbindelse,
239,E51830,NORPAT,2001-12-31 23:00:00+00,,kvikksølvforbindelse,
240,E52060,NORPAT,2001-12-31 23:00:00+00,,thalliumforbindelse,
241,E52210,NORPAT,2001-12-31 23:00:00+00,,kalsiumforbindelse,
242,E52910,NORPAT,2001-12-31 23:00:00+00,,tungmetall,
243,E53010,NORPAT,2001-12-31 23:00:00+00,,asbest,
244,E53030,NORPAT,2001-12-31 23:00:00+00,,lim,
245,E54100,NORPAT,2001-12-31 23:00:00+00,,hydrokarbon,
246,E54200,NORPAT,2001-12-31 23:00:00+00,,løsemiddel,
247,E54600,NORPAT,2001-12-31 23:00:00+00,,halogenert hydrokarbon,
248,E55100,NORPAT,2001-12-31 23:00:00+00,,alkohol,
249,E55110,NORPAT,2001-12-31 23:00:00+00,,metanol,
250,E55120,NORPAT,2001-12-31 23:00:00+00,,ethylalkohol,
251,E55130,NORPAT,2001-12-31 23:00:00+00,,isopropanol,
252,E55900,NORPAT,2001-12-31 23:00:00+00,,eter,
253,E56010,NORPAT,2001-12-31 23:00:00+00,,etylenglykol,
254,E56400,NORPAT,2001-12-31 23:00:00+00,,keton,
255,E56410,NORPAT,2001-12-31 23:00:00+00,,aceton,
256,E56660,NORPAT,2001-12-31 23:00:00+00,,oksalat,
257,E59110,NORPAT,2001-12-31 23:00:00+00,,silikon,
258,E63000,NORPAT,2001-12-31 23:00:00+00,,insektmiddel,
259,E63140,NORPAT,2001-12-31 23:00:00+00,,DDT,
260,E64600,NORPAT,2001-12-31 23:00:00+00,,ugressmiddel,
261,E65500,NORPAT,2001-12-31 23:00:00+00,,rottegift,
262,E66000,NORPAT,2001-12-31 23:00:00+00,,gass,
263,E66100,NORPAT,2001-12-31 23:00:00+00,,nervegass,
264,E68000,NORPAT,2001-12-31 23:00:00+00,,vegetabilsk materiale,
265,E68010,NORPAT,2001-12-31 23:00:00+00,,plante,
266,E68030,NORPAT,2001-12-31 23:00:00+00,,pollen,
267,E68600,NORPAT,2001-12-31 23:00:00+00,,plantegift,
268,E68610,NORPAT,2017-10-14 22:00:00+00,,Aristolochia,
269,E68780,NORPAT,2001-12-31 23:00:00+00,,sopp-gift,
270,E69000,NORPAT,2001-12-31 23:00:00+00,,plante-insektmiddel,
271,E69400,NORPAT,2001-12-31 23:00:00+00,,karsinogent kjemikalium,
272,E70000,NORPAT,2001-12-31 23:00:00+00,,medikament,
273,E70003,NORPAT,2001-12-31 23:00:00+00,,"medikament, subterapeutisk konsentrasjon",
274,E70004,NORPAT,2001-12-31 23:00:00+00,,"medikament, terapeutisk konsentrasjon",
275,E70005,NORPAT,2001-12-31 23:00:00+00,,"medikament, mulig toksisk konsentrasjon",
276,E70006,NORPAT,2001-12-31 23:00:00+00,,"medikament, toksisk konsentrasjon",
277,E70010,NORPAT,2001-12-31 23:00:00+00,,vanedannende medikament,
278,E70013,NORPAT,2001-12-31 23:00:00+00,,"vanedannende medikament, subterapeutisk konsentrasjon",
279,E70014,NORPAT,2001-12-31 23:00:00+00,,"vanedannende medikament, terapeutisk konsentrasjon",
280,E70015,NORPAT,2001-12-31 23:00:00+00,,"vanedannende medikament, mulig toksisk konsentrasjon",
281,E70016,NORPAT,2001-12-31 23:00:00+00,,"vanedannende medikament, toksisk konsentrasjon",
282,E70100,NORPAT,2001-12-31 23:00:00+00,,lokalanestetikum,
283,E70500,NORPAT,2001-12-31 23:00:00+00,,generelt anestesimiddel,
284,E70550,NORPAT,2001-12-31 23:00:00+00,,halotan,
285,E71600,NORPAT,2001-12-31 23:00:00+00,,antibakterielt middel,
286,E72000,NORPAT,2001-12-31 23:00:00+00,,antibiotikum,
287,E72900,NORPAT,2001-12-31 23:00:00+00,,antimycoticum,
288,E73300,NORPAT,2001-12-31 23:00:00+00,,tuberkulostaticum,
289,E76000,NORPAT,2001-12-31 23:00:00+00,,immunsuppressivum,
290,E76700,NORPAT,2001-12-31 23:00:00+00,,antiarrytmi-middel,
291,E77200,NORPAT,2001-12-31 23:00:00+00,,sentralstimulerende middel,
292,E77360,NORPAT,2001-12-31 23:00:00+00,,stryknin,
293,E77500,NORPAT,2001-12-31 23:00:00+00,,analgeticum,
294,E77503,NORPAT,2001-12-31 23:00:00+00,,"analgeticum, subterapeutisk konsentrasjon",
295,E77504,NORPAT,2001-12-31 23:00:00+00,,"analgeticum, terapeutisk konsentrasjon",
296,E77505,NORPAT,2001-12-31 23:00:00+00,,"analgeticum, mulig toksisk konsentrasjon",
297,E77506,NORPAT,2001-12-31 23:00:00+00,,"analgeticum, toksisk konsentrasjon",
298,E77510,NORPAT,2001-12-31 23:00:00+00,,paracetamol,
299,E77800,NORPAT,2001-12-31 23:00:00+00,,narkotikum,
300,E77803,NORPAT,2001-12-31 23:00:00+00,,"narkotikum, subterapeutisk konsentrasjon",
301,E77804,NORPAT,2001-12-31 23:00:00+00,,"narkotikum, terapeutisk konsentrasjon",
302,E77805,NORPAT,2001-12-31 23:00:00+00,,"narkotikum, mulig toksisk konsentrasjon",
303,E77806,NORPAT,2001-12-31 23:00:00+00,,"narkotikum, toksisk konsentrasjon",
304,E77860,NORPAT,2001-12-31 23:00:00+00,,etylmorfin,
305,E77870,NORPAT,2001-12-31 23:00:00+00,,heroin,
306,E77970,NORPAT,2001-12-31 23:00:00+00,,morfin,
307,E78100,NORPAT,2001-12-31 23:00:00+00,,antikonvulsiva,
308,E78120,NORPAT,2001-12-31 23:00:00+00,,fenytoin,
309,E78500,NORPAT,2001-12-31 23:00:00+00,,sedativum (inkl. cannabis),
310,E78503,NORPAT,2001-12-31 23:00:00+00,,"sedativum, subterapeutisk konsentrasjon",
311,E78504,NORPAT,2001-12-31 23:00:00+00,,"sedativum, terapeutisk konsentrasjon",
312,E78505,NORPAT,2001-12-31 23:00:00+00,,"sedativum, mulig toksisk konsentrasjon",
313,E78506,NORPAT,2001-12-31 23:00:00+00,,"sedativum, toksisk konsentrasjon",
314,E78600,NORPAT,2001-12-31 23:00:00+00,,hallusinogent middel (inkl. LSD),
315,E79003,NORPAT,2001-12-31 23:00:00+00,,"antidepressivum, subterapeutisk konsentrasjon",
316,E79004,NORPAT,2001-12-31 23:00:00+00,,"antidepressivum, terapeutisk konsentrasjon",
317,E79005,NORPAT,2001-12-31 23:00:00+00,,"antidepressivum, mulig toksisk konsentrasjon",
318,E79006,NORPAT,2001-12-31 23:00:00+00,,"antidepressivum, toksisk konsentrasjon",
319,E79010,NORPAT,2001-12-31 23:00:00+00,,antidepressiva,
320,E79110,NORPAT,2001-12-31 23:00:00+00,,chlorpromazin,
321,E80420,NORPAT,2001-12-31 23:00:00+00,,talkum,
322,E80450,NORPAT,2001-12-31 23:00:00+00,,stivelsespulver,
323,E81000,NORPAT,2001-12-31 23:00:00+00,,diagnosticum,
324,E81300,NORPAT,2001-12-31 23:00:00+00,,røntgenkontrastmiddel,
325,E83200,NORPAT,2001-12-31 23:00:00+00,,cytostaticum,
326,E84100,NORPAT,2001-12-31 23:00:00+00,,antikoagulasjonsmiddel,
327,E85000,NORPAT,2001-12-31 23:00:00+00,,hormonpreparat,
328,E85080,NORPAT,2001-12-31 23:00:00+00,,peroralt antikonsepsjonsmiddel,
329,E85100,NORPAT,2001-12-31 23:00:00+00,,kortikosteroid,
330,E85400,NORPAT,2001-12-31 23:00:00+00,,androgenpreparat,
331,E85500,NORPAT,2001-12-31 23:00:00+00,,østrogenpreparat,
332,E85700,NORPAT,2001-12-31 23:00:00+00,,progesteronpreparat,
333,E85820,NORPAT,2001-12-31 23:00:00+00,,insulin,
334,E86400,NORPAT,2001-12-31 23:00:00+00,,vaksine/serum,
335,E90000,NORPAT,2001-12-31 23:00:00+00,,fysisk agens,
336,E90020,NORPAT,2001-12-31 23:00:00+00,,traumatisk agens,
337,E90100,NORPAT,2001-12-31 23:00:00+00,,mekanisk terapeutisk hjelpemiddel,
338,E90110,NORPAT,2001-12-31 23:00:00+00,,ortopedisk kirurgisk hjelpemiddel,
339,E90120,NORPAT,2001-12-31 23:00:00+00,,protese,
340,E90320,NORPAT,2001-12-31 23:00:00+00,,respirator,
341,E90380,NORPAT,2001-12-31 23:00:00+00,,spiral,
342,E90410,NORPAT,2001-12-31 23:00:00+00,,pacemaker,
343,E90440,NORPAT,2001-12-31 23:00:00+00,,endoskop,
344,E90600,NORPAT,2001-12-31 23:00:00+00,,tube/dren,
345,E90680,NORPAT,2001-12-31 23:00:00+00,,suturmateriale,
346,E90710,NORPAT,2001-12-31 23:00:00+00,,kunstig vev,
347,E90790,NORPAT,2001-12-31 23:00:00+00,,termometer,
348,E90840,NORPAT,2001-12-31 23:00:00+00,,kunstig nyre,
349,E91000,NORPAT,2001-12-31 23:00:00+00,,transportkjøretøy,
350,E91010,NORPAT,2001-12-31 23:00:00+00,,trikk,
351,E91110,NORPAT,2001-12-31 23:00:00+00,,bil,
352,E91120,NORPAT,2001-12-31 23:00:00+00,,traktor,
353,E91140,NORPAT,2001-12-31 23:00:00+00,,buss,
354,E91150,NORPAT,2001-12-31 23:00:00+00,,motorsykkel,
355,E91160,NORPAT,2001-12-31 23:00:00+00,,tråsykkel,
356,E91190,NORPAT,2001-12-31 23:00:00+00,,jernbanetog,
357,E911X0,NORPAT,2001-12-31 23:00:00+00,,snøscooter,
358,E911Y0,NORPAT,2001-12-31 23:00:00+00,,trailer,
359,E91200,NORPAT,2001-12-31 23:00:00+00,,fly,
360,E91230,NORPAT,2001-12-31 23:00:00+00,,helikopter,
361,E91280,NORPAT,2001-12-31 23:00:00+00,,hangglider,
362,E91400,NORPAT,2001-12-31 23:00:00+00,,båt,
363,E91450,NORPAT,2001-12-31 23:00:00+00,,surfebrett,
364,E91460,NORPAT,2001-12-31 23:00:00+00,,seilbåt,
365,E91480,NORPAT,2001-12-31 23:00:00+00,,flåte,
366,E91490,NORPAT,2001-12-31 23:00:00+00,,robåt,
367,E91560,NORPAT,2001-12-31 23:00:00+00,,ferje,
368,E91710,NORPAT,2001-12-31 23:00:00+00,,rulleskøyte,
369,E91720,NORPAT,2001-12-31 23:00:00+00,,skøyte,
370,E91730,NORPAT,2001-12-31 23:00:00+00,,slede,
371,E91750,NORPAT,2001-12-31 23:00:00+00,,ski,
372,E91810,NORPAT,2001-12-31 23:00:00+00,,rullebrett,
373,E93200,NORPAT,2001-12-31 23:00:00+00,,stråling,
374,E93250,NORPAT,2001-12-31 23:00:00+00,,UV-stråling,
375,E93270,NORPAT,2001-12-31 23:00:00+00,,laser,
376,E93300,NORPAT,2001-12-31 23:00:00+00,,radioaktiv stråling,
377,E93600,NORPAT,2001-12-31 23:00:00+00,,elektrisk strøm,
378,E93640,NORPAT,2001-12-31 23:00:00+00,,høyspenningsstrøm,
379,E93900,NORPAT,2001-12-31 23:00:00+00,,redskap,
380,E94000,NORPAT,2001-12-31 23:00:00+00,,strangulasjonsredskap,
381,E94050,NORPAT,2001-12-31 23:00:00+00,,ligatur,
382,E94060,NORPAT,2001-12-31 23:00:00+00,,"ligatur, tau",
383,E94070,NORPAT,2001-12-31 23:00:00+00,,"ligatur, ledning",
384,E94100,NORPAT,2001-12-31 23:00:00+00,,stump redskap,
385,E94200,NORPAT,2001-12-31 23:00:00+00,,skarp redskap,
386,E94210,NORPAT,2001-12-31 23:00:00+00,,kniv,
387,E94220,NORPAT,2001-12-31 23:00:00+00,,øks,
388,E94230,NORPAT,2001-12-31 23:00:00+00,,saks,
389,E94240,NORPAT,2001-12-31 23:00:00+00,,barberblad/-kniv,
390,E94260,NORPAT,2001-12-31 23:00:00+00,,bajonett,
391,E94270,NORPAT,2001-12-31 23:00:00+00,,kirurgisk instrument,
392,E94280,NORPAT,2001-12-31 23:00:00+00,,nål,
393,E94330,NORPAT,2001-12-31 23:00:00+00,,glass,
394,E94400,NORPAT,2001-12-31 23:00:00+00,,skytevåpen,
395,E94410,NORPAT,2001-12-31 23:00:00+00,,håndvåpen,
396,E94420,NORPAT,2001-12-31 23:00:00+00,,gevær,
397,E94430,NORPAT,2001-12-31 23:00:00+00,,automatgevær,
398,E94440,NORPAT,2001-12-31 23:00:00+00,,hagle,
399,E94450,NORPAT,2001-12-31 23:00:00+00,,maskingevær,
400,E94480,NORPAT,2001-12-31 23:00:00+00,,hjemmelaget skytevåpen,
401,E94500,NORPAT,2001-12-31 23:00:00+00,,sprengstoff,
402,E94510,NORPAT,2001-12-31 23:00:00+00,,granat,
403,E94540,NORPAT,2001-12-31 23:00:00+00,,bombe,
404,E94560,NORPAT,2001-12-31 23:00:00+00,,hjemmelaget bombe,
405,E94590,NORPAT,2001-12-31 23:00:00+00,,fyrverkeri,
406,E94640,NORPAT,2001-12-31 23:00:00+00,,dynamitt,
407,E94710,NORPAT,2001-12-31 23:00:00+00,,kule,
408,E95200,NORPAT,2001-12-31 23:00:00+00,,fallende gjenstand,
409,E95500,NORPAT,2001-12-31 23:00:00+00,,maskin,
410,E95510,NORPAT,2001-12-31 23:00:00+00,,landbruksmaskin,
411,E95520,NORPAT,2001-12-31 23:00:00+00,,industrimaskin,
412,E97000,NORPAT,2001-12-31 23:00:00+00,,husholdningsapparat/-maskin,
413,E98100,NORPAT,2001-12-31 23:00:00+00,,naturkraft,
414,E98130,NORPAT,2001-12-31 23:00:00+00,,lynnedslag,
415,E98140,NORPAT,2001-12-31 23:00:00+00,,orkan,
416,E98200,NORPAT,2001-12-31 23:00:00+00,,varme,
417,E98210,NORPAT,2001-12-31 23:00:00+00,,kulde,
418,E98220,NORPAT,2001-12-31 23:00:00+00,,vindkast,
419,E98300,NORPAT,2001-12-31 23:00:00+00,,snøstorm,
420,E98310,NORPAT,2001-12-31 23:00:00+00,,snøskred,
421,E98400,NORPAT,2001-12-31 23:00:00+00,,ild,
422,E98410,NORPAT,2001-12-31 23:00:00+00,,røyk,
423,E98440,NORPAT,2001-12-31 23:00:00+00,,varm væske,
424,E98450,NORPAT,2001-12-31 23:00:00+00,,smeltet metall,
425,E98500,NORPAT,2001-12-31 23:00:00+00,,eksplosjon,
426,E98510,NORPAT,2001-12-31 23:00:00+00,,sprengning,
427,E98600,NORPAT,2001-12-31 23:00:00+00,,eksosgasser,
428,EX4930,NORPAT,2001-12-31 23:00:00+00,,sikkerhetsbelte,
429,EXXX27,NORPAT,2017-10-14 22:00:00+00,,"kreft påvist ved obduksjon, klinisk ukjent",
430,EXXX29,NORPAT,2017-10-14 22:00:00+00,,"diagnose påvist ved obduksjon,  klinisk ukjent",
431,EYYY05,NORPAT,2020-01-30 23:00:00+00,,regress,
432,F00150,NORPAT,2001-12-31 23:00:00+00,,kakektisk tilstand,
433,F00424,NORPAT,2001-12-31 23:00:00+00,,multiorgansvikt,
434,F00480,NORPAT,2001-12-31 23:00:00+00,,abstinenstegn,
435,F01040,NORPAT,2001-12-31 23:00:00+00,,peroperativ tilstand,
436,F01050,NORPAT,2001-12-31 23:00:00+00,,postoperativ tilstand,
437,F01060,NORPAT,2001-12-31 23:00:00+00,,posttraumatisk tilstand,
438,F01070,NORPAT,2001-12-31 23:00:00+00,,status etter strålebehandling,
439,F01080,NORPAT,2001-12-31 23:00:00+00,,status etter kjemoterapi,
440,F01100,NORPAT,2001-12-31 23:00:00+00,,postinfeksiøs tilstand,
441,F01110,NORPAT,2001-12-31 23:00:00+00,,status etter sykdom,
442,F01120,NORPAT,2001-12-31 23:00:00+00,,septisk tilstand,
443,F01160,NORPAT,2001-12-31 23:00:00+00,,effekt av transfusjon,
444,F01170,NORPAT,2001-12-31 23:00:00+00,,effekt av diagnostisk prosedyre,
445,F01220,NORPAT,2001-12-31 23:00:00+00,,toksisk tilstand,
446,F01250,NORPAT,2001-12-31 23:00:00+00,,bærerstatus,
447,F01400,NORPAT,2001-12-31 23:00:00+00,,stress,
448,F01600,NORPAT,2001-12-31 23:00:00+00,,utmattelse,
449,F01610,NORPAT,2001-12-31 23:00:00+00,,tretthet,
450,F01692,NORPAT,2001-12-31 23:00:00+00,,malnutrisjon,
451,F01694,NORPAT,2001-12-31 23:00:00+00,,underernæring,
452,F01703,NORPAT,2001-12-31 23:00:00+00,,betydelig overvekt,
453,F01704,NORPAT,2001-12-31 23:00:00+00,,betydelig undervekt,
454,F01760,NORPAT,2001-12-31 23:00:00+00,,faste,
455,F01790,NORPAT,2001-12-31 23:00:00+00,,dehydrering,
456,F01810,NORPAT,2001-12-31 23:00:00+00,,overhydrering,
457,F02110,NORPAT,2001-12-31 23:00:00+00,,sykdom i utbrudd,
458,F02120,NORPAT,2001-12-31 23:00:00+00,,sykdom i remisjon,
459,F02800,NORPAT,2001-12-31 23:00:00+00,,tobakksrøker,
460,F02860,NORPAT,2001-12-31 23:00:00+00,,ikke-røker,
461,F02900,NORPAT,2001-12-31 23:00:00+00,,alkoholmisbruker,
462,F02930,NORPAT,2001-12-31 23:00:00+00,,alkoholpåvirket tilstand,
463,F02960,NORPAT,2001-12-31 23:00:00+00,,narkotikamisbruker,
464,F03003,NORPAT,2001-12-31 23:00:00+00,,hypertermi,
465,F03004,NORPAT,2001-12-31 23:00:00+00,,hypotermi,
466,F03180,NORPAT,2001-12-31 23:00:00+00,,heteslag,
467,F03800,NORPAT,2001-12-31 23:00:00+00,,hårsyklus i vekstfase (anagen),
468,F03810,NORPAT,2001-12-31 23:00:00+00,,hårsyklus i involusjonsfase (katagen),
469,F03910,NORPAT,2001-12-31 23:00:00+00,,hårsyklus i hvilefase (telogen),
470,F05000,NORPAT,2017-10-14 22:00:00+00,,status etter transplantasjon,
471,F06000,NORPAT,2001-12-31 23:00:00+00,,status etter hudtransplantasjon,470
472,F06006,NORPAT,2001-12-31 23:00:00+00,,status etter benmargstransplantasjon,470
473,F06028,NORPAT,2001-12-31 23:00:00+00,,status etter lungetransplantasjon,470
474,F06032,NORPAT,2001-12-31 23:00:00+00,,status etter hjertetransplantasjon,470
475,F06040,NORPAT,2001-12-31 23:00:00+00,,status etter kartransplantasjon,470
476,F06051,NORPAT,2001-12-31 23:00:00+00,,status etter pancreastransplantasjon,470
477,F06056,NORPAT,2017-10-14 22:00:00+00,,status etter levertransplantasjon,470
478,F06071,NORPAT,2001-12-31 23:00:00+00,,status etter nyretransplantasjon,470
479,F09050,NORPAT,2001-12-31 23:00:00+00,,klinisk terminalstadium,
480,F09510,NORPAT,2001-12-31 23:00:00+00,,dybdevekst nivå I,
481,F09520,NORPAT,2001-12-31 23:00:00+00,,dybdevekst nivå II,
482,F09530,NORPAT,2001-12-31 23:00:00+00,,dybdevekst nivå III,
483,F09540,NORPAT,2001-12-31 23:00:00+00,,dybdevekst nivå IV,
484,F09550,NORPAT,2001-12-31 23:00:00+00,,dybdevekst nivå V,
485,F09560,NORPAT,2001-12-31 23:00:00+00,,dybdevekst ikke vurderbar,
486,F10022,NORPAT,2001-12-31 23:00:00+00,,elektrolyttforstyrrelse,
487,F10123,NORPAT,2001-12-31 23:00:00+00,,øket kalsiuminnhold,
488,F10276,NORPAT,2001-12-31 23:00:00+00,,abnorm forekomst av kobber,
489,F10303,NORPAT,2001-12-31 23:00:00+00,,acidose,
490,F10361,NORPAT,2001-12-31 23:00:00+00,,normalt jerninnhold,
491,F10363,NORPAT,2001-12-31 23:00:00+00,,øket jerninnhold,
492,F10364,NORPAT,2001-12-31 23:00:00+00,,nedsatt jerninnhold,
493,F10365,NORPAT,2001-12-31 23:00:00+00,,manglende jerninnhold,
494,F10443,NORPAT,2001-12-31 23:00:00+00,,øket nitrogennivå,
495,F10463,NORPAT,2001-12-31 23:00:00+00,2017-10-13 22:00:00+00,øket nitrogennivå,
496,F10474,NORPAT,2001-12-31 23:00:00+00,,hypoksi,
497,F10475,NORPAT,2001-12-31 23:00:00+00,,anoksi,
498,F10526,NORPAT,2001-12-31 23:00:00+00,,abnorm forekomst av pyrofosfat,
499,F10533,NORPAT,2001-12-31 23:00:00+00,,øket kaliumnivå,
500,F11486,NORPAT,2001-12-31 23:00:00+00,,abnorm forekomst av urat,
501,F11823,NORPAT,2001-12-31 23:00:00+00,,hyperglykemi,
502,F11824,NORPAT,2001-12-31 23:00:00+00,,hypoglykemi,
503,F11826,NORPAT,2001-12-31 23:00:00+00,,abnorm forekomst av glukose,
504,F12226,NORPAT,2001-12-31 23:00:00+00,,abnorm forekomst av albumin,
505,F12316,NORPAT,2001-12-31 23:00:00+00,,abnorm forekomst av alfa-1-antitrypsin,
506,F12391,NORPAT,2001-12-31 23:00:00+00,2017-10-13 22:00:00+00,"østrogenreceptor, positiv prøve",
507,F12394,NORPAT,2001-12-31 23:00:00+00,2017-10-13 22:00:00+00,"østrogenreceptor, svakt positiv prøve",
508,F12395,NORPAT,2001-12-31 23:00:00+00,2017-10-13 22:00:00+00,"østrogenreceptor, negativ prøve",
509,F12641,NORPAT,2001-12-31 23:00:00+00,2017-10-13 22:00:00+00,"progesteron receptor, positiv prøve",
510,F12644,NORPAT,2001-12-31 23:00:00+00,2017-10-13 22:00:00+00,"progesteron receptor, svakt positiv prøve",
511,F12645,NORPAT,2001-12-31 23:00:00+00,2017-10-13 22:00:00+00,"progesteron receptor, negativ prøve",
512,F12706,NORPAT,2001-12-31 23:00:00+00,,abnorm forekomst av protein,
513,F12756,NORPAT,2001-12-31 23:00:00+00,,abnorm forekomst av paraprotein,
514,F12886,NORPAT,2001-12-31 23:00:00+00,,abnorm forekomst av kryoglobulin,
515,F16214,NORPAT,2001-12-31 23:00:00+00,,lav konsentrasjon av B12,
516,F16215,NORPAT,2001-12-31 23:00:00+00,,manglende B12,
517,F22001,NORPAT,2001-12-31 23:00:00+00,,normal laktaseaktivitet,
518,F22004,NORPAT,2001-12-31 23:00:00+00,,redusert laktaseaktivitet,
519,F22005,NORPAT,2001-12-31 23:00:00+00,,ingen laktaseaktivitet,
520,F29521,NORPAT,2017-10-14 22:00:00+00,,østrogenreseptor positiv,
521,F29525,NORPAT,2017-10-14 22:00:00+00,,østrogenreseptor negativ,
522,F29551,NORPAT,2017-10-14 22:00:00+00,,progesteronreseptor positiv,
523,F29555,NORPAT,2017-10-14 22:00:00+00,,progesteronreseptor negativ,
524,F29601,NORPAT,2017-10-14 22:00:00+00,,HER2 reseptor normal ekspresjon,
525,F29602,NORPAT,2017-10-14 22:00:00+00,,HER2 reseptor borderline ekspresjon,
526,F29603,NORPAT,2017-10-14 22:00:00+00,,HER2 reseptor overekspresjon,
527,F29604,NORPAT,2017-10-14 22:00:00+00,,HER2 negativ ved ISH,
528,F29605,NORPAT,2017-10-14 22:00:00+00,,HER2 positiv ved ISH,
529,F30090,NORPAT,2001-12-31 23:00:00+00,,amenoré,
530,F30140,NORPAT,2001-12-31 23:00:00+00,2017-10-13 22:00:00+00,patologisk amenoré,
531,F30170,NORPAT,2001-12-31 23:00:00+00,2017-10-13 22:00:00+00,menoragi,
532,F30180,NORPAT,2001-12-31 23:00:00+00,2017-10-13 22:00:00+00,menometroragi,
533,F30190,NORPAT,2001-12-31 23:00:00+00,2017-10-13 22:00:00+00,oligomenoré,
534,F30220,NORPAT,2001-12-31 23:00:00+00,2017-10-13 22:00:00+00,metroragi,
535,F30280,NORPAT,2001-12-31 23:00:00+00,2017-10-13 22:00:00+00,anovulær menstruasjon,
536,F30440,NORPAT,2001-12-31 23:00:00+00,2017-10-13 22:00:00+00,postmenopausal status,
537,F30450,NORPAT,2001-12-31 23:00:00+00,2017-10-13 22:00:00+00,postmenopausal blødning,
538,F30540,NORPAT,2001-12-31 23:00:00+00,2017-10-13 22:00:00+00,ovulasjon,
539,F30670,NORPAT,2001-12-31 23:00:00+00,2017-10-13 22:00:00+00,implantasjon,
540,F30710,NORPAT,2001-12-31 23:00:00+00,2017-10-13 22:00:00+00,infertilitet UNS,
541,F30740,NORPAT,2001-12-31 23:00:00+00,2017-10-13 22:00:00+00,primær infertilitet,
542,F30750,NORPAT,2001-12-31 23:00:00+00,2017-10-13 22:00:00+00,sekundær infertilitet,
543,F30760,NORPAT,2001-12-31 23:00:00+00,2017-10-13 22:00:00+00,sterilitet UNS,
544,F30950,NORPAT,2001-12-31 23:00:00+00,2017-10-13 22:00:00+00,oligospermi,
545,F30960,NORPAT,2001-12-31 23:00:00+00,2017-10-13 22:00:00+00,aspermi,
546,F31000,NORPAT,2001-12-31 23:00:00+00,,graviditet,
547,F31020,NORPAT,2001-12-31 23:00:00+00,,graviditet i 1. trimester,
548,F31030,NORPAT,2001-12-31 23:00:00+00,,graviditet i 2. trimester,
549,F31040,NORPAT,2001-12-31 23:00:00+00,,graviditet i 3. trimester,
550,F31070,NORPAT,2001-12-31 23:00:00+00,,graviditet ved termin,
551,F310X0,NORPAT,2001-12-31 23:00:00+00,2017-10-13 22:00:00+00,komplisert graviditet,
552,F31100,NORPAT,2001-12-31 23:00:00+00,,ektopisk graviditet,
553,F31170,NORPAT,2001-12-31 23:00:00+00,2017-10-13 22:00:00+00,puerperium UNS,
554,F31212,NORPAT,2001-12-31 23:00:00+00,,tvilling-graviditet,
555,F31213,NORPAT,2001-12-31 23:00:00+00,,trilling-graviditet,
556,F31214,NORPAT,2001-12-31 23:00:00+00,,firling-graviditet,
557,F31215,NORPAT,2001-12-31 23:00:00+00,,femling-graviditet,
558,F31600,NORPAT,2001-12-31 23:00:00+00,,abort,
559,F31630,NORPAT,2001-12-31 23:00:00+00,2017-10-13 22:00:00+00,inkomplett abort,
560,F31660,NORPAT,2001-12-31 23:00:00+00,2017-10-13 22:00:00+00,"""missed abortion""",
561,F31680,NORPAT,2001-12-31 23:00:00+00,,spontan abort,
562,F31690,NORPAT,2022-12-31 23:00:00+00,,provosert abort,
563,F31710,NORPAT,2001-12-31 23:00:00+00,2017-10-13 22:00:00+00,septisk abort,
564,F31730,NORPAT,2001-12-31 23:00:00+00,,terapeutisk abort,
565,F31740,NORPAT,2001-12-31 23:00:00+00,2017-10-13 22:00:00+00,abortus provocatus,
566,F31830,NORPAT,2001-12-31 23:00:00+00,2017-10-13 22:00:00+00,for tidlig vannavgang,
567,F31920,NORPAT,2001-12-31 23:00:00+00,,laktasjon,
568,F32350,NORPAT,2001-12-31 23:00:00+00,2017-10-13 22:00:00+00,placentaløsning UNS,
569,F33020,NORPAT,2001-12-31 23:00:00+00,2017-10-13 22:00:00+00,føtal distress,
570,F33710,NORPAT,2001-12-31 23:00:00+00,,vekstretardasjon,
571,F33720,NORPAT,2001-12-31 23:00:00+00,,stort barn,
572,F33730,NORPAT,2001-12-31 23:00:00+00,,"stort barn, diabetes hos mor",
573,F33760,NORPAT,2001-12-31 23:00:00+00,2017-10-13 22:00:00+00,føtal malnutrisjon,
574,F33780,NORPAT,2001-12-31 23:00:00+00,2017-10-13 22:00:00+00,føtal hypoksi,
575,F33790,NORPAT,2001-12-31 23:00:00+00,,føtal asfyksi,
576,F34280,NORPAT,2001-12-31 23:00:00+00,2017-10-13 22:00:00+00,seteleie,
577,F35000,NORPAT,2001-12-31 23:00:00+00,,nyfødt barn,
578,F35010,NORPAT,2001-12-31 23:00:00+00,2017-10-13 22:00:00+00,perinatal tilstand UNS,
579,F35020,NORPAT,2001-12-31 23:00:00+00,2017-10-13 22:00:00+00,prenatal tilstand UNS,
580,F35030,NORPAT,2001-12-31 23:00:00+00,2017-10-13 22:00:00+00,prenatal tilstand (1. trimester),
581,F35040,NORPAT,2001-12-31 23:00:00+00,2017-10-13 22:00:00+00,prenatal tilstand (2. trimester),
582,F35050,NORPAT,2001-12-31 23:00:00+00,2017-10-13 22:00:00+00,prenatal tilstand (3. trimester),
583,F35060,NORPAT,2001-12-31 23:00:00+00,,nyfødt prematurt barn (fødselsvekt 1000-2499g),
584,F35065,NORPAT,2001-12-31 23:00:00+00,,nyfødt immaturt barn (fødselsvekt mindre enn 1000g),
585,F35090,NORPAT,2001-12-31 23:00:00+00,,nyfødt prematur tvilling,
586,F35100,NORPAT,2001-12-31 23:00:00+00,,nyfødt prematur trilling,
587,F35140,NORPAT,2001-12-31 23:00:00+00,,nyfødt prematur flerfødsel,
588,F35150,NORPAT,2001-12-31 23:00:00+00,,"nyfødt barn, født til termin",
589,F35180,NORPAT,2001-12-31 23:00:00+00,,"nyfødt tvilling, født til termin",
590,F35240,NORPAT,2001-12-31 23:00:00+00,,"nyfødt barn, født etter termin",
591,F35250,NORPAT,2001-12-31 23:00:00+00,,dødfødt barn,
592,F35255,NORPAT,2001-12-31 23:00:00+00,,"dødfødt barn, født etter termin",
593,F35265,NORPAT,2001-12-31 23:00:00+00,2017-10-13 22:00:00+00,dødfødt maturt barn (fødselsvekt større enn eller lik 2500g),
594,F35285,NORPAT,2001-12-31 23:00:00+00,2017-10-13 22:00:00+00,dødfødt prematurt barn (fødselsvekt 1000-2499g),
595,F35305,NORPAT,2001-12-31 23:00:00+00,2017-10-13 22:00:00+00,dødfødt immaturt barn (fødselsvekt 500-999g),
596,F35330,NORPAT,2001-12-31 23:00:00+00,,intrauterin fosterdød,
597,F35340,NORPAT,2001-12-31 23:00:00+00,2017-10-13 22:00:00+00,intrapartum fosterdød,
598,F35350,NORPAT,2001-12-31 23:00:00+00,2017-10-13 22:00:00+00,"dødfødt tvilling, født til termin UNS",
599,F35430,NORPAT,2001-12-31 23:00:00+00,2017-10-13 22:00:00+00,dødfødt prematur tvilling (fødselsvekt 1000-2499g),
600,F35500,NORPAT,2001-12-31 23:00:00+00,,perinatal død,
601,F35550,NORPAT,2001-12-31 23:00:00+00,,neonatal død,
602,F35620,NORPAT,2001-12-31 23:00:00+00,2017-10-13 22:00:00+00,dichorionale tvillinger,
603,F35650,NORPAT,2001-12-31 23:00:00+00,2017-10-13 22:00:00+00,monoamniotiske tvillinger,
604,F35670,NORPAT,2001-12-31 23:00:00+00,2017-10-13 22:00:00+00,monochorionale tvillinger,
605,F35680,NORPAT,2001-12-31 23:00:00+00,2017-10-13 22:00:00+00,diamniotiske-monochorionale tvillinger,
606,F35804,NORPAT,2001-12-31 23:00:00+00,2017-10-13 22:00:00+00,placentainsuffisiens UNS,
607,F35812,NORPAT,2001-12-31 23:00:00+00,2017-10-13 22:00:00+00,abnorm placentabarrièrefunksjon,
608,F35822,NORPAT,2001-12-31 23:00:00+00,2017-10-13 22:00:00+00,abnorm endokrin placentafunksjon,
609,F35832,NORPAT,2001-12-31 23:00:00+00,2017-10-13 22:00:00+00,abnorm gjennomblødning av placenta,
610,F35834,NORPAT,2001-12-31 23:00:00+00,2017-10-13 22:00:00+00,nedsatt gjennomblødning av placenta,
611,F35850,NORPAT,2001-12-31 23:00:00+00,,tvilling-tvilling blodshunting,
612,F35902,NORPAT,2001-12-31 23:00:00+00,2017-10-13 22:00:00+00,abnorm produksjon av amnionvæske,
613,F40000,NORPAT,2001-12-31 23:00:00+00,2017-10-13 22:00:00+00,antigen UNS,
614,F40200,NORPAT,2001-12-31 23:00:00+00,2017-10-13 22:00:00+00,antistoff UNS,
615,F40320,NORPAT,2001-12-31 23:00:00+00,2017-10-13 22:00:00+00,B-celle antistoff,
616,F40500,NORPAT,2001-12-31 23:00:00+00,,immunkompleks,
617,F40630,NORPAT,2001-12-31 23:00:00+00,2017-10-13 22:00:00+00,T-lymfocytt,
618,F40640,NORPAT,2001-12-31 23:00:00+00,2017-10-13 22:00:00+00,B-lymfocytt,
619,F40650,NORPAT,2001-12-31 23:00:00+00,2017-10-13 22:00:00+00,0-lymfocytt,
620,F40660,NORPAT,2001-12-31 23:00:00+00,2017-10-13 22:00:00+00,K-lymfocytt,
621,F40670,NORPAT,2001-12-31 23:00:00+00,2017-10-13 22:00:00+00,suppressor celle,
622,F40680,NORPAT,2001-12-31 23:00:00+00,2017-10-13 22:00:00+00,hjelpecelle,
623,F40690,NORPAT,2001-12-31 23:00:00+00,2017-10-13 22:00:00+00,drepecelle,
624,F40820,NORPAT,2001-12-31 23:00:00+00,2017-10-13 22:00:00+00,hukommelsescelle,
625,F40900,NORPAT,2001-12-31 23:00:00+00,,klon,
626,F41000,NORPAT,2001-12-31 23:00:00+00,,immunreaksjon,
627,F41020,NORPAT,2001-12-31 23:00:00+00,2017-10-13 22:00:00+00,antigen-antistoffreaksjon UNS,
628,F41040,NORPAT,2001-12-31 23:00:00+00,2017-10-13 22:00:00+00,uspesifikk immunreaksjon UNS,
629,F41080,NORPAT,2001-12-31 23:00:00+00,2017-10-13 22:00:00+00,fotoallergi,
630,F41380,NORPAT,2001-12-31 23:00:00+00,2017-10-13 22:00:00+00,immunsuppresjon,
631,F41400,NORPAT,2001-12-31 23:00:00+00,2017-10-13 22:00:00+00,immundefekt UNS,
632,F41410,NORPAT,2001-12-31 23:00:00+00,,fototoksisitet,
633,F41600,NORPAT,2001-12-31 23:00:00+00,2017-10-13 22:00:00+00,Schwarzman reaksjon UNS,
634,F42400,NORPAT,2001-12-31 23:00:00+00,,hypersensitivitetsreaksjon,
635,F42500,NORPAT,2001-12-31 23:00:00+00,,atopisk reaksjon,
636,F42540,NORPAT,2001-12-31 23:00:00+00,2017-10-13 22:00:00+00,forsinket allergisk reaksjon,
637,F42600,NORPAT,2001-12-31 23:00:00+00,2017-10-13 22:00:00+00,allergisk straks-reaksjon UNS,
638,F42750,NORPAT,2001-12-31 23:00:00+00,2017-10-13 22:00:00+00,Herxheimers reaksjon,
639,F42800,NORPAT,2001-12-31 23:00:00+00,2017-10-13 22:00:00+00,transfusjonsreaksjon UNS,
640,F42810,NORPAT,2001-12-31 23:00:00+00,2017-10-13 22:00:00+00,hemolytisk transfusjonsreaksjon UNS,
641,F42880,NORPAT,2001-12-31 23:00:00+00,2017-10-13 22:00:00+00,anafylaktisk transfusjonsreaksjon UNS,
642,F42940,NORPAT,2001-12-31 23:00:00+00,2017-10-13 22:00:00+00,luftemboli pga transfusjon,
643,F43000,NORPAT,2001-12-31 23:00:00+00,,autoimmunreaksjon,
644,F43020,NORPAT,2001-12-31 23:00:00+00,2017-10-13 22:00:00+00,autoimmun immunkomplekssykdom,
645,F43030,NORPAT,2001-12-31 23:00:00+00,2017-10-13 22:00:00+00,autoimmun antigen/antistoff/ komplement-reaksjon,
646,F43040,NORPAT,2001-12-31 23:00:00+00,2017-10-13 22:00:00+00,autoimmun antigen/antistoff-reaksjon,
647,F43050,NORPAT,2001-12-31 23:00:00+00,2017-10-13 22:00:00+00,cellemediert autoimmunreaksjon UNS,
648,F43060,NORPAT,2001-12-31 23:00:00+00,2017-10-13 22:00:00+00,T-cellemediert autoimmunreaksjon,
649,F43070,NORPAT,2001-12-31 23:00:00+00,2017-10-13 22:00:00+00,B-cellemediert autoimmunreaksjon,
650,F43080,NORPAT,2001-12-31 23:00:00+00,2017-10-13 22:00:00+00,postinfeksiøs autoimmunreaksjon,
651,F43090,NORPAT,2001-12-31 23:00:00+00,,autoimmunreaksjon etter vaksinasjon,
652,F43110,NORPAT,2001-12-31 23:00:00+00,,medikamentindusert autoimmunreaksjon,
653,F44000,NORPAT,2001-12-31 23:00:00+00,,transplantatreaksjon,
654,F44001,NORPAT,2022-12-31 23:00:00+00,,grensetilfelle for rejeksjon (Banff borderline),
655,F44001 ,NORPAT,2017-10-14 22:00:00+00,2022-12-30 23:00:00+00,grensetilfelle for rejeksjon (Banff borderline),
656,F44005,NORPAT,2022-12-31 23:00:00+00,,0-biopsi/baselinebiopsi,
657,F44005 ,NORPAT,2017-10-14 22:00:00+00,2022-12-30 23:00:00+00,0-biopsi/baselinebiopsi,
658,F44006,NORPAT,2022-12-31 23:00:00+00,,protokollbiopsi,
659,F44006 ,NORPAT,2017-10-14 22:00:00+00,2022-12-30 23:00:00+00,protokollbiopsi,
660,F44040,NORPAT,2001-12-31 23:00:00+00,,graft-versus-host reaksjon (GVHD),
661,F44050,NORPAT,2022-12-31 23:00:00+00,,T-celle-mediert rejeksjon,
662,F44050 ,NORPAT,2017-10-14 22:00:00+00,2022-12-30 23:00:00+00,T-celle mediert rejeksjon,
663,F44100,NORPAT,2001-12-31 23:00:00+00,,transplantatrejeksjon,
664,F44101,NORPAT,2022-12-31 23:00:00+00,,lett tubulointerstitiell rejeksjon,
665,F44101 ,NORPAT,2017-10-14 22:00:00+00,2022-12-30 23:00:00+00,lett tubulointerstitiell rejeksjon,
666,F44102,NORPAT,2022-12-31 23:00:00+00,,moderat tubulointerstitiell rejeksjon,
667,F44102 ,NORPAT,2017-10-14 22:00:00+00,2022-12-30 23:00:00+00,moderat tubulointerstitiell rejeksjon,
668,F44103,NORPAT,2022-12-31 23:00:00+00,,uttalt tubulointerstitiell rejeksjon,
669,F44103 ,NORPAT,2017-10-14 22:00:00+00,2022-12-30 23:00:00+00,uttalt tubulointerstitiell rejeksjon,
670,F44110,NORPAT,2001-12-31 23:00:00+00,,akutt cellulær transplantatrejeksjon,
671,F44111,NORPAT,2022-12-31 23:00:00+00,,lett vaskulær rejeksjon,
672,F44111 ,NORPAT,2017-10-14 22:00:00+00,2022-12-30 23:00:00+00,lett vaskulær rejeksjon,
673,F44112,NORPAT,2022-12-31 23:00:00+00,,moderat vaskulær rejeksjon,
674,F44112 ,NORPAT,2017-10-14 22:00:00+00,2022-12-30 23:00:00+00,moderat vaskulær rejeksjon,
675,F44113,NORPAT,2022-12-31 23:00:00+00,,uttalt vaskulær rejeksjon,
676,F44113 ,NORPAT,2017-10-14 22:00:00+00,2022-12-30 23:00:00+00,uttalt vaskulær rejeksjon,
677,F44120,NORPAT,2001-12-31 23:00:00+00,,aktiv antistoffmediert rejeksjon,
678,F44121,NORPAT,2022-12-31 23:00:00+00,,C4d positiv,
679,F44121 ,NORPAT,2017-10-14 22:00:00+00,2022-12-30 23:00:00+00,C4d positiv,
680,F44122,NORPAT,2022-12-31 23:00:00+00,,kapillaritt/glomerulitt,
681,F44122 ,NORPAT,2017-10-14 22:00:00+00,2022-12-30 23:00:00+00,kapillaritt/glomerulitt,
682,F44200,NORPAT,2001-12-31 23:00:00+00,2017-10-13 22:00:00+00,kronisk transplantatrejeksjon UNS,
683,F44201,NORPAT,2022-12-31 23:00:00+00,,tidlig kronisk rejeksjon,
684,F44201 ,NORPAT,2017-10-14 22:00:00+00,2022-12-30 23:00:00+00,tidlig kronisk rejeksjon,
685,F4420A,NORPAT,2017-10-14 22:00:00+00,,kronisk rejeksjon,
686,F44211,NORPAT,2022-12-31 23:00:00+00,,kronisk T-celle-mediert rejeksjon,
687,F44211 ,NORPAT,2017-10-14 22:00:00+00,2022-12-30 23:00:00+00,kronisk T-celle-mediert rejeksjon,
688,F44220,NORPAT,2001-12-31 23:00:00+00,,kronisk aktiv transplantatrejeksjon,
689,F44221,NORPAT,2022-12-31 23:00:00+00,,kronisk antistoffmediert rejeksjon,
690,F44221 ,NORPAT,2017-10-14 22:00:00+00,2022-12-30 23:00:00+00,kronisk antistoffmediert rejeksjon,
691,F44240,NORPAT,2001-12-31 23:00:00+00,2017-10-13 22:00:00+00,kronisk inaktiv transplantatrejeksjon UNS,
692,F44300,NORPAT,2001-12-31 23:00:00+00,2017-10-13 22:00:00+00,ikke-immunologisk transplantatsvikt UNS,
693,F44340,NORPAT,2001-12-31 23:00:00+00,2017-10-13 22:00:00+00,transplantatsvikt pga akutt tubulær nekrose,
694,F44360,NORPAT,2001-12-31 23:00:00+00,2017-10-13 22:00:00+00,transplantatsvikt pga anastomoseinsuffisiens UNS,
695,F44380,NORPAT,2001-12-31 23:00:00+00,2017-10-13 22:00:00+00,transplantatsvikt pga trombose,
696,F44400,NORPAT,2001-12-31 23:00:00+00,2017-10-13 22:00:00+00,transplantatsvikt pga stenose,
697,F44420,NORPAT,2001-12-31 23:00:00+00,,residiv av grunnsykdom i transplantat,
698,F44421,NORPAT,2022-12-31 23:00:00+00,,de novo sykdom i transplantat,
699,F44421 ,NORPAT,2017-10-14 22:00:00+00,2022-12-30 23:00:00+00,de novo sykdom i transplantat,
700,F47090,NORPAT,2001-12-31 23:00:00+00,2017-10-13 22:00:00+00,komplement UNS,
701,F47096,NORPAT,2001-12-31 23:00:00+00,2017-10-13 22:00:00+00,nedslag av komplement UNS,
702,F47214,NORPAT,2017-10-14 22:00:00+00,,komplement komponent C4d,
703,F47500,NORPAT,2001-12-31 23:00:00+00,2017-10-13 22:00:00+00,immunglobulin UNS,
704,F47505,NORPAT,2001-12-31 23:00:00+00,2017-10-13 22:00:00+00,fravær av immunglobulinproduksjon UNS,
705,F47506,NORPAT,2001-12-31 23:00:00+00,,nedslag av immunglobulin,
706,F47510,NORPAT,2001-12-31 23:00:00+00,,immunglobulin IgG,
707,F47610,NORPAT,2001-12-31 23:00:00+00,,immunglobulin IgA,
708,F47680,NORPAT,2001-12-31 23:00:00+00,,immunglobulin IgM,
709,F47700,NORPAT,2001-12-31 23:00:00+00,,immunglobulin IgD,
710,F47720,NORPAT,2001-12-31 23:00:00+00,,immunglobulin IgE,
711,F47740,NORPAT,2001-12-31 23:00:00+00,,immunglobulin lett kjede,
712,F47750,NORPAT,2001-12-31 23:00:00+00,,immunglobulin lett kjede kappa,
713,F47760,NORPAT,2001-12-31 23:00:00+00,,immunglobulin lett kjede lambda,
714,F49000,NORPAT,2001-12-31 23:00:00+00,2017-10-13 22:00:00+00,testreaksjon UNS,
715,F49040,NORPAT,2001-12-31 23:00:00+00,2017-10-13 22:00:00+00,positiv hudtest-reaksjon,
716,F49140,NORPAT,2001-12-31 23:00:00+00,2017-10-13 22:00:00+00,positiv hudtestreaksjon UNS,
717,F50000,NORPAT,2001-12-31 23:00:00+00,2017-10-13 22:00:00+00,generell aktivitet i det hematopoietiske system UNS,
718,F50010,NORPAT,2001-12-31 23:00:00+00,,hematopoese,
719,F50012,NORPAT,2001-12-31 23:00:00+00,,abnorm hematopoese,
720,F50013,NORPAT,2001-12-31 23:00:00+00,2017-10-13 22:00:00+00,øket hematopoese,
721,F50014,NORPAT,2001-12-31 23:00:00+00,2017-10-13 22:00:00+00,nedsatt hematopoese,
722,F50015,NORPAT,2001-12-31 23:00:00+00,2017-10-13 22:00:00+00,fravær av hematopoese,
723,F53800,NORPAT,2001-12-31 23:00:00+00,2017-10-13 22:00:00+00,hematologisk funksjon UNS,
724,F53810,NORPAT,2001-12-31 23:00:00+00,2017-10-13 22:00:00+00,erytropoese UNS,
725,F53812,NORPAT,2001-12-31 23:00:00+00,2017-10-13 22:00:00+00,dyserytropoese,
726,F53813,NORPAT,2001-12-31 23:00:00+00,2017-10-13 22:00:00+00,øket erytropoese,
727,F53814,NORPAT,2001-12-31 23:00:00+00,2017-10-13 22:00:00+00,redusert erytropoese,
728,F53830,NORPAT,2001-12-31 23:00:00+00,2017-10-13 22:00:00+00,granulopoese UNS,
729,F53832,NORPAT,2001-12-31 23:00:00+00,2017-10-13 22:00:00+00,ineffektiv/abnorm granulopoese,
730,F53833,NORPAT,2001-12-31 23:00:00+00,2017-10-13 22:00:00+00,øket granulopoese,
731,F53834,NORPAT,2001-12-31 23:00:00+00,2017-10-13 22:00:00+00,redusert granulopoese,
732,F53850,NORPAT,2001-12-31 23:00:00+00,2017-10-13 22:00:00+00,lymfopoese UNS,
733,F53870,NORPAT,2001-12-31 23:00:00+00,2017-10-13 22:00:00+00,trombopoese UNS,
734,F53872,NORPAT,2001-12-31 23:00:00+00,2017-10-13 22:00:00+00,abnorm trombopoese,
735,F53873,NORPAT,2001-12-31 23:00:00+00,2017-10-13 22:00:00+00,øket trombopoese,
736,F53874,NORPAT,2001-12-31 23:00:00+00,2017-10-13 22:00:00+00,redusert trombopoese,
737,F53900,NORPAT,2001-12-31 23:00:00+00,2017-10-13 22:00:00+00,hemolyse UNS,
738,F53920,NORPAT,2001-12-31 23:00:00+00,2017-10-13 22:00:00+00,aplastisk krise,
739,F53950,NORPAT,2001-12-31 23:00:00+00,2017-10-13 22:00:00+00,myeloftisis,
740,F54300,NORPAT,2001-12-31 23:00:00+00,2017-10-13 22:00:00+00,hemostase UNS,
741,F54302,NORPAT,2001-12-31 23:00:00+00,2017-10-13 22:00:00+00,abnorm hemostase,
742,F54342,NORPAT,2001-12-31 23:00:00+00,2017-10-13 22:00:00+00,abnorm fibrinolyse,
743,F54360,NORPAT,2001-12-31 23:00:00+00,2017-10-13 22:00:00+00,hyperkoagulasjon UNS,
744,F60014,NORPAT,2001-12-31 23:00:00+00,,anoreksi,
745,F60150,NORPAT,2001-12-31 23:00:00+00,2017-10-13 22:00:00+00,matintoleranse,
746,F60180,NORPAT,2001-12-31 23:00:00+00,,bulemi,
747,F60240,NORPAT,2001-12-31 23:00:00+00,2017-10-13 22:00:00+00,steatoré,
748,F61560,NORPAT,2001-12-31 23:00:00+00,2017-10-13 22:00:00+00,kvalme,
749,F61570,NORPAT,2001-12-31 23:00:00+00,2017-10-13 22:00:00+00,oppkast UNS,
750,F61640,NORPAT,2001-12-31 23:00:00+00,2017-10-13 22:00:00+00,kvalme og oppkast,
751,F61650,NORPAT,2001-12-31 23:00:00+00,2017-10-13 22:00:00+00,"kvalme, oppkast og diaré",
752,F61702,NORPAT,2001-12-31 23:00:00+00,2017-10-13 22:00:00+00,abnorm pancreassekresjon,
753,F61850,NORPAT,2001-12-31 23:00:00+00,2017-10-13 22:00:00+00,pancreassvikt,
754,F61860,NORPAT,2001-12-31 23:00:00+00,2017-10-13 22:00:00+00,pankreatisk steatoré,
755,F62360,NORPAT,2001-12-31 23:00:00+00,2017-10-13 22:00:00+00,obstipasjon,
756,F62400,NORPAT,2001-12-31 23:00:00+00,2017-10-13 22:00:00+00,diaré UNS,
757,F62602,NORPAT,2001-12-31 23:00:00+00,2017-10-13 22:00:00+00,abnorm leverfunksjon,
758,F62605,NORPAT,2001-12-31 23:00:00+00,2017-10-13 22:00:00+00,leversvikt,
759,F65011,NORPAT,2001-12-31 23:00:00+00,2017-10-13 22:00:00+00,normal nyrefunksjon,
760,F65014,NORPAT,2001-12-31 23:00:00+00,2017-10-13 22:00:00+00,redusert nyrefunksjon,
761,F65015,NORPAT,2001-12-31 23:00:00+00,2017-10-13 22:00:00+00,opphevet nyrefunksjon,
762,F65104,NORPAT,2001-12-31 23:00:00+00,2017-10-13 22:00:00+00,redusert glomerulær filtrasjon UNS,
763,F65504,NORPAT,2001-12-31 23:00:00+00,2017-10-13 22:00:00+00,redusert diurese,
764,F65855,NORPAT,2001-12-31 23:00:00+00,2017-10-13 22:00:00+00,urininkontinens UNS,
765,F65890,NORPAT,2001-12-31 23:00:00+00,2017-10-13 22:00:00+00,neurogen blæredysfunksjon,
766,F65900,NORPAT,2001-12-31 23:00:00+00,2017-10-13 22:00:00+00,urinretensjon,
767,F66105,NORPAT,2001-12-31 23:00:00+00,2017-10-13 22:00:00+00,anuri,
768,F70000,NORPAT,2001-12-31 23:00:00+00,2017-10-13 22:00:00+00,forgiftning UNS,
769,F70010,NORPAT,2001-12-31 23:00:00+00,,sjokk,
770,F70020,NORPAT,2001-12-31 23:00:00+00,2017-10-13 22:00:00+00,kardiogent sjokk,
771,F70030,NORPAT,2001-12-31 23:00:00+00,2017-10-13 22:00:00+00,neurogent sjokk,
772,F70040,NORPAT,2001-12-31 23:00:00+00,2017-10-13 22:00:00+00,hypovolemisk sjokk,
773,F70050,NORPAT,2001-12-31 23:00:00+00,2017-10-13 22:00:00+00,endotoksinsjokk,
774,F70060,NORPAT,2001-12-31 23:00:00+00,2017-10-13 22:00:00+00,blødningssjokk,
775,F70070,NORPAT,2001-12-31 23:00:00+00,2017-10-13 22:00:00+00,anafylaktisk sjokk,
776,F70200,NORPAT,2001-12-31 23:00:00+00,,medikamentreaksjon,
777,F70204,NORPAT,2001-12-31 23:00:00+00,2017-10-13 22:00:00+00,nedsatt hjertefunksjon,
778,F70252,NORPAT,2001-12-31 23:00:00+00,2017-10-13 22:00:00+00,kardial dyskinesi,
779,F70330,NORPAT,2021-01-28 23:00:00+00,,hjertetamponade,
780,F70340,NORPAT,2001-12-31 23:00:00+00,2017-10-13 22:00:00+00,hjertestans,
781,F70360,NORPAT,2001-12-31 23:00:00+00,2017-10-13 22:00:00+00,pacemaker,
782,F70430,NORPAT,2001-12-31 23:00:00+00,2017-10-13 22:00:00+00,venstre-høyre shunt,
783,F70440,NORPAT,2001-12-31 23:00:00+00,2017-10-13 22:00:00+00,høyre-venstre shunt,
784,F70460,NORPAT,2001-12-31 23:00:00+00,2017-10-13 22:00:00+00,to-veis shunt,
785,F70500,NORPAT,2001-12-31 23:00:00+00,2017-10-13 22:00:00+00,klaffeinsuffisiens,
786,F70520,NORPAT,2001-12-31 23:00:00+00,2017-10-13 22:00:00+00,medfødt klaffeinsuffisiens,
787,F70700,NORPAT,2001-12-31 23:00:00+00,,hypertensjon,
788,F70710,NORPAT,2001-12-31 23:00:00+00,2017-10-13 22:00:00+00,systemisk arteriell hypertensjon,
789,F70900,NORPAT,2001-12-31 23:00:00+00,2017-10-13 22:00:00+00,renal hypertensjon UNS,
790,F71000,NORPAT,2001-12-31 23:00:00+00,2017-10-13 22:00:00+00,pulmonal hypertensjon UNS,
791,F71010,NORPAT,2001-12-31 23:00:00+00,2017-10-13 22:00:00+00,primær pulmonal hypertensjon,
792,F71020,NORPAT,2001-12-31 23:00:00+00,2017-10-13 22:00:00+00,sekundær pulmonal hypertensjon,
793,F72180,NORPAT,2001-12-31 23:00:00+00,2017-10-13 22:00:00+00,vaskulær shunt,
794,F72200,NORPAT,2001-12-31 23:00:00+00,2017-10-13 22:00:00+00,vaskulær insuffisiens UNS,
795,F72240,NORPAT,2001-12-31 23:00:00+00,,iskemi,
796,F73102,NORPAT,2001-12-31 23:00:00+00,2017-10-13 22:00:00+00,arytmi,
797,F73140,NORPAT,2001-12-31 23:00:00+00,2017-10-13 22:00:00+00,takykardi UNS,
798,F73160,NORPAT,2001-12-31 23:00:00+00,2017-10-13 22:00:00+00,bradykardi UNS,
799,F73570,NORPAT,2001-12-31 23:00:00+00,2017-10-13 22:00:00+00,atrieflimmer,
800,F73880,NORPAT,2001-12-31 23:00:00+00,2017-10-13 22:00:00+00,ventrikkelflimmer,
801,F73912,NORPAT,2001-12-31 23:00:00+00,2017-10-13 22:00:00+00,abnormt ledningssystem UNS,
802,F73920,NORPAT,2001-12-31 23:00:00+00,2017-10-13 22:00:00+00,AV-blokk UNS,
803,F74075,NORPAT,2001-12-31 23:00:00+00,2017-10-13 22:00:00+00,sinoventrikulært blokk,
804,F75010,NORPAT,2001-12-31 23:00:00+00,2017-10-13 22:00:00+00,respirasjonsinsuffisiens UNS,
805,F75020,NORPAT,2001-12-31 23:00:00+00,2017-10-13 22:00:00+00,akutt respirasjonsinsuffisiens,
806,F75030,NORPAT,2001-12-31 23:00:00+00,2017-10-13 22:00:00+00,kronisk respirasjonsinsuffisiens,
807,F75150,NORPAT,2001-12-31 23:00:00+00,2017-10-13 22:00:00+00,asfyksi UNS,
808,F75190,NORPAT,2001-12-31 23:00:00+00,2017-10-13 22:00:00+00,nedsatt ciliefunksjon,
809,F75230,NORPAT,2001-12-31 23:00:00+00,2017-10-13 22:00:00+00,luftveiskonstriksjon UNS,
810,F79000,NORPAT,2001-12-31 23:00:00+00,,aspirasjon,
811,F79010,NORPAT,2001-12-31 23:00:00+00,,aspirasjon av fremmedlegeme,
812,F79020,NORPAT,2001-12-31 23:00:00+00,,aspirasjon av magesekkinnhold,
813,F79030,NORPAT,2001-12-31 23:00:00+00,,aspirasjon av mat,
814,F79050,NORPAT,2001-12-31 23:00:00+00,,aspirasjon av mekonium,
815,F79090,NORPAT,2001-12-31 23:00:00+00,,aspirasjon av blod,
816,F80780,NORPAT,2001-12-31 23:00:00+00,2017-10-13 22:00:00+00,denervasjon UNS,
817,F80840,NORPAT,2001-12-31 23:00:00+00,2017-10-13 22:00:00+00,paralyse UNS,
818,F80850,NORPAT,2001-12-31 23:00:00+00,2017-10-13 22:00:00+00,parese UNS,
819,F80950,NORPAT,2001-12-31 23:00:00+00,2017-10-13 22:00:00+00,kvadriplegi,
820,F80960,NORPAT,2001-12-31 23:00:00+00,2017-10-13 22:00:00+00,kvadriparese,
821,F81000,NORPAT,2001-12-31 23:00:00+00,2017-10-13 22:00:00+00,hemiplegi UNS,
822,F81070,NORPAT,2001-12-31 23:00:00+00,2017-10-13 22:00:00+00,paraplegi UNS,
823,F81200,NORPAT,2001-12-31 23:00:00+00,2017-10-13 22:00:00+00,hemiparese UNS,
824,F81260,NORPAT,2001-12-31 23:00:00+00,2017-10-13 22:00:00+00,paraparese UNS,
825,F81410,NORPAT,2001-12-31 23:00:00+00,2017-10-13 22:00:00+00,torticollis,
826,F82800,NORPAT,2001-12-31 23:00:00+00,2017-10-13 22:00:00+00,neuralgi UNS,
827,F85564,NORPAT,2001-12-31 23:00:00+00,2017-10-13 22:00:00+00,nedsatt bevissthet,
828,F85570,NORPAT,2001-12-31 23:00:00+00,2017-10-13 22:00:00+00,bevisstløshet,
829,F85640,NORPAT,2001-12-31 23:00:00+00,2017-10-13 22:00:00+00,koma UNS,
830,F85680,NORPAT,2001-12-31 23:00:00+00,2017-10-13 22:00:00+00,commotio cerebri,
831,F85690,NORPAT,2001-12-31 23:00:00+00,2017-10-13 22:00:00+00,gjentatt commotio cerebri,
832,F85720,NORPAT,2001-12-31 23:00:00+00,2017-10-13 22:00:00+00,delirium,
833,F85750,NORPAT,2001-12-31 23:00:00+00,2017-10-13 22:00:00+00,narkose UNS,
834,F86000,NORPAT,2001-12-31 23:00:00+00,2017-10-13 22:00:00+00,afasi UNS,
835,F87000,NORPAT,2001-12-31 23:00:00+00,,krampe,
836,F87010,NORPAT,2001-12-31 23:00:00+00,2017-10-13 22:00:00+00,generelle kramper,
837,F87020,NORPAT,2001-12-31 23:00:00+00,2017-10-13 22:00:00+00,feberkrampe,
838,F87100,NORPAT,2001-12-31 23:00:00+00,2017-10-13 22:00:00+00,status epilepticus,
839,F87190,NORPAT,2001-12-31 23:00:00+00,2017-10-13 22:00:00+00,postepileptisk konfusjon,
840,F87860,NORPAT,2001-12-31 23:00:00+00,2017-10-13 22:00:00+00,hjernedød,
841,F87911,NORPAT,2001-12-31 23:00:00+00,,normalt cerebrospinalvæsketrykk,
842,F87913,NORPAT,2001-12-31 23:00:00+00,,forhøyet cerebrospinalvæsketrykk,
843,F89322,NORPAT,2001-12-31 23:00:00+00,,abnorm dannelse av osteoid,
844,F89340,NORPAT,2001-12-31 23:00:00+00,,forbening,
845,F89342,NORPAT,2001-12-31 23:00:00+00,,abnorm forbening,
846,F89380,NORPAT,2001-12-31 23:00:00+00,,benresorpsjon,
847,F89602,NORPAT,2001-12-31 23:00:00+00,2017-10-13 22:00:00+00,abnorm epifysedannelse,
848,F89630,NORPAT,2001-12-31 23:00:00+00,2017-10-13 22:00:00+00,epifyselukning UNS,
849,F89632,NORPAT,2001-12-31 23:00:00+00,2017-10-13 22:00:00+00,abnorm epifyselukning,
850,F89732,NORPAT,2001-12-31 23:00:00+00,2017-10-13 22:00:00+00,abnorm bruskresorpsjon,
851,F90060,NORPAT,2001-12-31 23:00:00+00,2017-10-13 22:00:00+00,avhengighet UNS,
852,F90220,NORPAT,2001-12-31 23:00:00+00,2017-10-13 22:00:00+00,konfusjon,
853,F90300,NORPAT,2001-12-31 23:00:00+00,2017-10-13 22:00:00+00,psykotisk tilstand UNS,
854,F90820,NORPAT,2001-12-31 23:00:00+00,2017-10-13 22:00:00+00,depresjon UNS,
855,F93410,NORPAT,2001-12-31 23:00:00+00,2017-10-13 22:00:00+00,mental retardasjon UNS,
856,F94800,NORPAT,2001-12-31 23:00:00+00,,anorexia nervosa,
857,F96110,NORPAT,2001-12-31 23:00:00+00,2017-10-13 22:00:00+00,pubertet UNS,
858,F96310,NORPAT,2001-12-31 23:00:00+00,2017-10-13 22:00:00+00,homoseksualitet UNS,
859,F96410,NORPAT,2001-12-31 23:00:00+00,2017-10-13 22:00:00+00,pubertas precox,
860,F96650,NORPAT,2001-12-31 23:00:00+00,,auto-erotisme,
861,F97750,NORPAT,2001-12-31 23:00:00+00,2017-10-13 22:00:00+00,deflorasjon UNS,
862,F98470,NORPAT,2001-12-31 23:00:00+00,2017-10-13 22:00:00+00,incest,
863,F98610,NORPAT,2001-12-31 23:00:00+00,2017-10-13 22:00:00+00,P-pillebruk,
864,FE15R1,NORPAT,2017-10-14 22:00:00+00,,IDH1 genstatus normal,
865,FE15R3,NORPAT,2017-10-14 22:00:00+00,,IDH1 gen mutert,
866,FE15S1,NORPAT,2017-10-14 22:00:00+00,,IDH2 genstatus normal,
867,FE15S3,NORPAT,2017-10-14 22:00:00+00,,IDH2 gen mutert,
868,FE15T1,NORPAT,2017-10-14 22:00:00+00,,ATRX genstatus normal,
869,FE15T3,NORPAT,2017-10-14 22:00:00+00,,ATRX gen mutert,
870,FX0050,NORPAT,2001-12-31 23:00:00+00,2017-10-13 22:00:00+00,nedsatt syn,
871,FX0110,NORPAT,2001-12-31 23:00:00+00,2017-10-13 22:00:00+00,totalt synstap,
872,FX2830,NORPAT,2001-12-31 23:00:00+00,2017-10-13 22:00:00+00,inkomplett lukning av øyelokk,
873,FX2940,NORPAT,2001-12-31 23:00:00+00,2017-10-13 22:00:00+00,manglende tåresekresjon,
874,FX6000,NORPAT,2001-12-31 23:00:00+00,2017-10-13 22:00:00+00,nedsatt hørsel UNS,
875,FX6010,NORPAT,2001-12-31 23:00:00+00,2017-10-13 22:00:00+00,totalt hørselstap,
876,FX6570,NORPAT,2001-12-31 23:00:00+00,2017-10-13 22:00:00+00,larynxspasme,
877,FY0000,NORPAT,2001-12-31 23:00:00+00,,forgiftning,
878,FY0010,NORPAT,2001-12-31 23:00:00+00,,forgiftning ved uhell,
879,FY0030,NORPAT,2001-12-31 23:00:00+00,,suicidal forgiftning,
880,FY0040,NORPAT,2001-12-31 23:00:00+00,,homocidal forgiftning,
881,FY0200,NORPAT,2001-12-31 23:00:00+00,,medikamentell bivirkning,
882,FY0230,NORPAT,2001-12-31 23:00:00+00,,allergisk medikamentreaksjon,
883,FY0240,NORPAT,2001-12-31 23:00:00+00,,overdose av medikament,
884,FY0250,NORPAT,2001-12-31 23:00:00+00,,misbruk av medikament,
885,FY0440,NORPAT,2001-12-31 23:00:00+00,,under fysisk trening,
886,FY0480,NORPAT,2001-12-31 23:00:00+00,,under jobbrelatert fysisk aktivitet,
887,FY0530,NORPAT,2001-12-31 23:00:00+00,,under betjening av maskin/verktøy,
888,FY0550,NORPAT,2001-12-31 23:00:00+00,,under betjening av transportmiddel,
889,FY0560,NORPAT,2001-12-31 23:00:00+00,,under sportslig aktivitet,
890,FY0570,NORPAT,2001-12-31 23:00:00+00,,under fotballspill,
891,FY0630,NORPAT,2001-12-31 23:00:00+00,,under skigåing,
892,FY0710,NORPAT,2001-12-31 23:00:00+00,,under jogging,
893,FY1100,NORPAT,2001-12-31 23:00:00+00,,fall,
894,FY1120,NORPAT,2001-12-31 23:00:00+00,,fallskjermhopping,
895,FY1140,NORPAT,2001-12-31 23:00:00+00,,fall i trapp,
896,FY1150,NORPAT,2001-12-31 23:00:00+00,,fall fra byggekonstruksjon,
897,FY1160,NORPAT,2001-12-31 23:00:00+00,,fall fra stige,
898,FY1170,NORPAT,2001-12-31 23:00:00+00,,fall fra bygning,
899,FY1300,NORPAT,2001-12-31 23:00:00+00,,dykking,
900,FY1500,NORPAT,2001-12-31 23:00:00+00,,uhell,
901,FY1520,NORPAT,2001-12-31 23:00:00+00,,kollisjon,
902,FY1540,NORPAT,2001-12-31 23:00:00+00,,overfall,
903,FY1550,NORPAT,2001-12-31 23:00:00+00,,slagsmål,
904,FY1600,NORPAT,2001-12-31 23:00:00+00,,selvpåført skade,
905,FY1610,NORPAT,2001-12-31 23:00:00+00,,selvmutilasjon,
906,FY1630,NORPAT,2001-12-31 23:00:00+00,,skade før døden,
907,FY1640,NORPAT,2001-12-31 23:00:00+00,,skade etter døden,
908,FY1700,NORPAT,2001-12-31 23:00:00+00,,komplikasjon,
909,FY1710,NORPAT,2001-12-31 23:00:00+00,,komplikasjon til sykdom,
910,FY1720,NORPAT,2001-12-31 23:00:00+00,,komplikasjon til medisinsk behandling,
911,FY1730,NORPAT,2001-12-31 23:00:00+00,,komplikasjon til operasjon,
912,FY1740,NORPAT,2001-12-31 23:00:00+00,,komplikasjon til diagnostisk prosedyre,
913,FY1760,NORPAT,2001-12-31 23:00:00+00,,komplikasjon til preventiv prosedyre,
914,FY1800,NORPAT,2001-12-31 23:00:00+00,,død,
915,FY1805,NORPAT,2001-12-31 23:00:00+00,,død av ukjent årsak,
916,FY1810,NORPAT,2001-12-31 23:00:00+00,,plutselig død,
917,FY1820,NORPAT,2001-12-31 23:00:00+00,,uventet død,
918,FY1830,NORPAT,2001-12-31 23:00:00+00,,"plutselig uventet død, voksen person",
919,FY1840,NORPAT,2001-12-31 23:00:00+00,,plutselig uventet spedbarndød,
920,FY1850,NORPAT,2001-12-31 23:00:00+00,,død uten lege tilstede,
921,FY1860,NORPAT,2001-12-31 23:00:00+00,,død alene,
922,FY1870,NORPAT,2001-12-31 23:00:00+00,,iatrogen død,
923,FY1890,NORPAT,2001-12-31 23:00:00+00,,død relatert til anestesi,
924,FY1900,NORPAT,2001-12-31 23:00:00+00,,peroperativ død,
925,FY1910,NORPAT,2001-12-31 23:00:00+00,,postoperativ død,
926,FY1930,NORPAT,2001-12-31 23:00:00+00,,død ved ankomst til sykehus,
927,FY1950,NORPAT,2001-12-31 23:00:00+00,,død i sykehus,
928,FY1955,NORPAT,2001-12-31 23:00:00+00,,død i arrest,
929,FY1956,NORPAT,2001-12-31 23:00:00+00,,død i fengsel,
930,FY1960,NORPAT,2001-12-31 23:00:00+00,,maternell død,
931,FY1970,NORPAT,2001-12-31 23:00:00+00,,maternell død før fødsel,
932,FY1980,NORPAT,2001-12-31 23:00:00+00,,maternell død under fødsel,
933,FY1990,NORPAT,2001-12-31 23:00:00+00,,maternell død etter fødsel,
934,FY2100,NORPAT,2001-12-31 23:00:00+00,,asfyksi,
935,FY2110,NORPAT,2001-12-31 23:00:00+00,,traumatisk asfyksi,
936,FY2120,NORPAT,2001-12-31 23:00:00+00,,hengning,
937,FY2140,NORPAT,2001-12-31 23:00:00+00,,strangulasjon,
938,FY2160,NORPAT,2001-12-31 23:00:00+00,,asfyksi pga luftveisskade,
939,FY2170,NORPAT,2001-12-31 23:00:00+00,,asfyksi pga kompresjon av brystkassen,
940,FY2180,NORPAT,2001-12-31 23:00:00+00,,asfyksi pga gasseksposisjon,
941,FY2210,NORPAT,2001-12-31 23:00:00+00,,oksygenmangel (i omgivelsene),
942,FY2220,NORPAT,2001-12-31 23:00:00+00,,drukning,
943,FY2400,NORPAT,2001-12-31 23:00:00+00,,naturlig død,
944,FY2410,NORPAT,2001-12-31 23:00:00+00,,"naturlig død, dødsårsak påvist",
945,FY2440,NORPAT,2001-12-31 23:00:00+00,,"naturlig død, sannsynlig dødsårsak påvist",
946,FY2450,NORPAT,2001-12-31 23:00:00+00,,"naturlig død, dødsårsak ikke påvist",
947,FY2600,NORPAT,2001-12-31 23:00:00+00,,drap,
948,FY2770,NORPAT,2001-12-31 23:00:00+00,,barmhjertighetsdrap,
949,FY3100,NORPAT,2001-12-31 23:00:00+00,,ulykke,
950,FY3110,NORPAT,2001-12-31 23:00:00+00,,hjemmeulykke,
951,FY3120,NORPAT,2001-12-31 23:00:00+00,,arbeidsulykke,
952,FY3140,NORPAT,2001-12-31 23:00:00+00,,trafikkulykke,
953,FY3300,NORPAT,2001-12-31 23:00:00+00,,selvmord,
954,FY3330,NORPAT,2001-12-31 23:00:00+00,,mulig selvmord,
955,FY3380,NORPAT,2001-12-31 23:00:00+00,,selvmordsforsøk,
956,FY3500,NORPAT,2001-12-31 23:00:00+00,,"dødsmåte uviss, naturlig/unaturlig?",
957,FY3510,NORPAT,2001-12-31 23:00:00+00,,"dødsmåte uviss, sannsynlig naturlig død",
958,FY3520,NORPAT,2001-12-31 23:00:00+00,,"dødsmåte uviss, sannsynlig ulykke",
959,FY3540,NORPAT,2001-12-31 23:00:00+00,,"dødsmåte uviss, sannsynlig drap",
960,FY3550,NORPAT,2001-12-31 23:00:00+00,,"dødsmåte uviss, sannsynlig selvmord",
961,FY3710,NORPAT,2001-12-31 23:00:00+00,,offer for fysisk traume,
962,FY3720,NORPAT,2001-12-31 23:00:00+00,,trafikkoffer,
963,FY3730,NORPAT,2001-12-31 23:00:00+00,,"trafikkoffer, bilfører",962
964,FY3731,NORPAT,2001-12-31 23:00:00+00,,"trafikkoffer, trikkefører",962
965,FY3732,NORPAT,2001-12-31 23:00:00+00,,"trafikkoffer, togfører",962
966,FY3740,NORPAT,2001-12-31 23:00:00+00,,"trafikkoffer, passasjer",962
967,FY3770,NORPAT,2001-12-31 23:00:00+00,,"trafikkoffer, flyulykke",962
968,FY3780,NORPAT,2001-12-31 23:00:00+00,,"trafikkoffer, pilot",962
969,FY3800,NORPAT,2001-12-31 23:00:00+00,,"trafikkoffer, flypassasjer",962
970,FY3830,NORPAT,2001-12-31 23:00:00+00,,"trafikkoffer, fotgjenger",962
971,FY3840,NORPAT,2001-12-31 23:00:00+00,,"trafikkoffer, syklist",962
972,FY3850,NORPAT,2001-12-31 23:00:00+00,,"trafikkoffer, motorsyklist",962
973,FY3860,NORPAT,2001-12-31 23:00:00+00,,"trafikkulykke, ett kjøretøy",
974,FY3950,NORPAT,2001-12-31 23:00:00+00,,mishandlet barn,
975,FY4120,NORPAT,2001-12-31 23:00:00+00,,voldtektsoffer,
976,FY4150,NORPAT,2001-12-31 23:00:00+00,,offer for fysisk vold,
977,FY4160,NORPAT,2001-12-31 23:00:00+00,,offer for traume med multiple skader,
978,FY4310,NORPAT,2001-12-31 23:00:00+00,,velbevart lik,
979,FY4400,NORPAT,2001-12-31 23:00:00+00,,vannoppløst lik,
980,FY4420,NORPAT,2001-12-31 23:00:00+00,,kremerte likrester,
981,FY4430,NORPAT,2001-12-31 23:00:00+00,,mummifisert lik,
982,FY4440,NORPAT,2001-12-31 23:00:00+00,,delvist skjeletert lik,
983,FY4450,NORPAT,2001-12-31 23:00:00+00,,totalt skjeletert lik,
984,FY4460,NORPAT,2001-12-31 23:00:00+00,,lik med manglende deler,
985,FY4470,NORPAT,2001-12-31 23:00:00+00,,"likrest, legemsdel",
986,FY4490,NORPAT,2001-12-31 23:00:00+00,,"likrest, menneskeknokkel",
987,FY4500,NORPAT,2001-12-31 23:00:00+00,,"likrest, humant vev",
988,FY4700,NORPAT,2001-12-31 23:00:00+00,,uidentifisert lik,
989,M00010,NORPAT,2017-10-14 22:00:00+00,,ukjent morfologi,
990,M00030,NORPAT,2001-12-31 23:00:00+00,,morfologi ikke angitt i kodeverket,
991,M00100,NORPAT,2001-12-31 23:00:00+00,,normal morfologi,
992,M00110,NORPAT,2017-10-14 22:00:00+00,,"normale/benigne celler, men mangler endocervicalt sylinderepitel eller metaplastisk epitel.",
993,M00120,NORPAT,2017-10-14 22:00:00+00,,"normale/benigne celler, 50-75 % av epitelcellene er dekket av blod, betennelsesceller, annen type forurensning",
994,M01000,NORPAT,2001-12-31 23:00:00+00,,uvesentlig morfologisk avvik,
995,M01150,NORPAT,2001-12-31 23:00:00+00,,vevsskade,
996,M01460,NORPAT,2001-12-31 23:00:00+00,,sammenklemt struktur,
997,M02000,NORPAT,2001-12-31 23:00:00+00,2017-10-13 22:00:00+00,abnorm form UNS,
998,M02500,NORPAT,2001-12-31 23:00:00+00,2017-10-13 22:00:00+00,abnorm størrelse UNS,
999,M02510,NORPAT,2001-12-31 23:00:00+00,2017-10-13 22:00:00+00,"abnorm størrelse, for stor",
1000,M02520,NORPAT,2001-12-31 23:00:00+00,2017-10-13 22:00:00+00,"abnorm størrelse, for liten",
1001,M02530,NORPAT,2001-12-31 23:00:00+00,2017-10-13 22:00:00+00,ulik størrelse UNS,
1002,M02540,NORPAT,2001-12-31 23:00:00+00,2017-10-13 22:00:00+00,asymmetri UNS,
1003,M02600,NORPAT,2001-12-31 23:00:00+00,2017-10-13 22:00:00+00,abnorm tykkelse UNS,
1004,M02700,NORPAT,2001-12-31 23:00:00+00,2017-10-13 22:00:00+00,abnorm konsistens UNS,
1005,M02760,NORPAT,2001-12-31 23:00:00+00,,maserasjon,
1006,M02800,NORPAT,2001-12-31 23:00:00+00,2017-10-13 22:00:00+00,abnorm vekt UNS,
1007,M03000,NORPAT,2001-12-31 23:00:00+00,2017-10-13 22:00:00+00,oppfylning UNS,
1008,M03001,NORPAT,2001-12-31 23:00:00+00,2017-10-13 22:00:00+00,ensartet oppfylning,
1009,M03002,NORPAT,2001-12-31 23:00:00+00,2017-10-13 22:00:00+00,uensartet oppfylning,
1010,M03003,NORPAT,2001-12-31 23:00:00+00,2017-10-13 22:00:00+00,nodulær oppfylning,
1011,M03004,NORPAT,2001-12-31 23:00:00+00,2017-10-13 22:00:00+00,lokalisert oppfylning,
1012,M03005,NORPAT,2001-12-31 23:00:00+00,2017-10-13 22:00:00+00,diffus oppfylning,
1013,M03006,NORPAT,2001-12-31 23:00:00+00,2017-10-13 22:00:00+00,uregelmessig oppfylning,
1014,M03007,NORPAT,2001-12-31 23:00:00+00,2017-10-13 22:00:00+00,rund oppfylning,
1015,M03008,NORPAT,2001-12-31 23:00:00+00,2017-10-13 22:00:00+00,liten oppfylning,
1016,M03009,NORPAT,2001-12-31 23:00:00+00,2017-10-13 22:00:00+00,stor oppfylning,
1017,M03020,NORPAT,2001-12-31 23:00:00+00,,forkalket knute,
1018,M03090,NORPAT,2001-12-31 23:00:00+00,,pseudotumor,
1019,M03100,NORPAT,2017-10-14 22:00:00+00,,lymfatisk vev,
1020,M04000,NORPAT,2001-12-31 23:00:00+00,2017-10-13 22:00:00+00,abnorm farge UNS,
1021,M06000,NORPAT,2001-12-31 23:00:00+00,2017-10-13 22:00:00+00,normalvariasjon UNS,
1022,M09000,NORPAT,2001-12-31 23:00:00+00,,for sparsomt materiale,
1023,M09001,NORPAT,2017-10-14 22:00:00+00,,for sparsomt materiale for nedfrysing i biobank,
1024,M09009,NORPAT,2021-12-31 23:00:00+00,,materialet mangler overgangssone,
1025,M09010,NORPAT,2001-12-31 23:00:00+00,,materialet uegnet til diagnostikk,
1026,M09012,NORPAT,2017-10-14 22:00:00+00,,materialet uegnet til spesialundersøkelse,
1027,M09013,NORPAT,2017-10-14 22:00:00+00,,materialet ikke sikkert representativt,
1028,M09014,NORPAT,2017-10-14 22:00:00+00,,materialet ikke representativt,
1029,M0901H,NORPAT,2019-01-15 23:00:00+00,,uegnet test for high risk HPV,
1030,M0901Y,NORPAT,2017-10-14 22:00:00+00,,acellulært materiale,
1031,M09020,NORPAT,2001-12-31 23:00:00+00,2017-10-13 22:00:00+00,feil materiale,
1032,M09021,NORPAT,2001-12-31 23:00:00+00,2017-10-13 22:00:00+00,forbyttet materiale,
1033,M09030,NORPAT,2001-12-31 23:00:00+00,,artefakt,
1034,M09040,NORPAT,2001-12-31 23:00:00+00,,fryseartefakt,
1035,M09100,NORPAT,2001-12-31 23:00:00+00,2017-10-13 22:00:00+00,intet materiale mottatt,
1036,M09150,NORPAT,2001-12-31 23:00:00+00,2017-10-13 22:00:00+00,materialet forsvunnet under fremføring,
1037,M09300,NORPAT,2001-12-31 23:00:00+00,2017-10-13 22:00:00+00,materialet ikke endelig vurdert,
1038,M09350,NORPAT,2019-01-15 23:00:00+00,,se beskrivelse,
1039,M09400,NORPAT,2001-12-31 23:00:00+00,,frie reseksjonsrender,
1040,M09401,NORPAT,2017-10-14 22:00:00+00,,ikke frie reseksjonsrender,
1041,M09402,NORPAT,2017-10-14 22:00:00+00,,reseksjonsrender kan ikke vurderes,
1042,M09403,NORPAT,2021-12-31 23:00:00+00,,usikre reseksjonsrender,
1043,M09420,NORPAT,2017-10-14 22:00:00+00,,karinvasjon ikke påvist,
1044,M09421,NORPAT,2017-10-14 22:00:00+00,,karinvasjon påvist,
1045,M09430,NORPAT,2017-10-14 22:00:00+00,,nerveinnvekst ikke påvist,
1046,M09431,NORPAT,2017-10-14 22:00:00+00,,nerveinnvekst påvist,
1047,M09450,NORPAT,2001-12-31 23:00:00+00,,ingen holdepunkter for malignitet,
1048,M09451,NORPAT,2017-10-14 22:00:00+00,,ingen resttumor,
1049,M09460,NORPAT,2001-12-31 23:00:00+00,,maligne celler ikke påvist,
1050,M09470,NORPAT,2001-12-31 23:00:00+00,,ingen holdepunkter for metastase,
1051,M09500,NORPAT,2001-12-31 23:00:00+00,,benign reaktiv tilstand/neoplasi?,
1052,M10000,NORPAT,2001-12-31 23:00:00+00,,traumatisk lesjon,
1053,M10050,NORPAT,2001-12-31 23:00:00+00,,fersk skade,
1054,M10060,NORPAT,2001-12-31 23:00:00+00,,gammel skade,
1055,M10070,NORPAT,2001-12-31 23:00:00+00,,alvorlig skade,
1056,M10080,NORPAT,2001-12-31 23:00:00+00,,multiple alvorlige skader,
1057,M10400,NORPAT,2001-12-31 23:00:00+00,,kompresjonsskade,
1058,M10500,NORPAT,2001-12-31 23:00:00+00,,friksjonsblemme,
1059,M10540,NORPAT,2001-12-31 23:00:00+00,,decubitus,
1060,M11000,NORPAT,2001-12-31 23:00:00+00,,varmeskade,
1061,M11100,NORPAT,2001-12-31 23:00:00+00,,brannskade,
1062,M11101,NORPAT,2001-12-31 23:00:00+00,2017-10-13 22:00:00+00,1. grads forbrenning,
1063,M11102,NORPAT,2001-12-31 23:00:00+00,2017-10-13 22:00:00+00,2. grads forbrenning,
1064,M11103,NORPAT,2001-12-31 23:00:00+00,2017-10-13 22:00:00+00,3. grads forbrenning,
1065,M11150,NORPAT,2001-12-31 23:00:00+00,,etseskade,
1066,M11170,NORPAT,2001-12-31 23:00:00+00,,laserskade,
1067,M11200,NORPAT,2001-12-31 23:00:00+00,,kuldeskade,
1068,M11230,NORPAT,2001-12-31 23:00:00+00,,kuldeurticaria,
1069,M11280,NORPAT,2001-12-31 23:00:00+00,,livedo reticularis,
1070,M11410,NORPAT,2001-12-31 23:00:00+00,,fotodermatitt,
1071,M11420,NORPAT,2001-12-31 23:00:00+00,2017-10-13 22:00:00+00,akutt fototoksisk dermatitt UNS,
1072,M11430,NORPAT,2001-12-31 23:00:00+00,2017-10-13 22:00:00+00,kronisk fototoksisk dermatitt UNS,
1073,M11440,NORPAT,2001-12-31 23:00:00+00,,fotoallergisk kontaktdermatitt,
1074,M11460,NORPAT,2001-12-31 23:00:00+00,,polymorft lyseksantem,
1075,M11530,NORPAT,2001-12-31 23:00:00+00,,aktinisk retikuloid,
1076,M11600,NORPAT,2001-12-31 23:00:00+00,,stråleskade,
1077,M11601,NORPAT,2001-12-31 23:00:00+00,,akutt stråleskade,
1078,M11602,NORPAT,2001-12-31 23:00:00+00,,kronisk stråleskade,
1079,M11610,NORPAT,2017-10-14 22:00:00+00,,kjemoterapiforandring,
1080,M11620,NORPAT,2001-12-31 23:00:00+00,2017-10-13 22:00:00+00,stråleskade med betennelse,
1081,M11621,NORPAT,2001-12-31 23:00:00+00,2017-10-13 22:00:00+00,akutt stråleskade med betennelse,
1082,M11622,NORPAT,2001-12-31 23:00:00+00,2017-10-13 22:00:00+00,kronisk stråleskade med betennelse,
1083,M11680,NORPAT,2001-12-31 23:00:00+00,2017-10-13 22:00:00+00,stråleskade med sår,
1084,M11681,NORPAT,2001-12-31 23:00:00+00,2017-10-13 22:00:00+00,akutt stråleskade med sår,
1085,M11682,NORPAT,2001-12-31 23:00:00+00,2017-10-13 22:00:00+00,kronisk stråleskade med sår,
1086,M12000,NORPAT,2001-12-31 23:00:00+00,,fraktur,
1087,M12004,NORPAT,2017-10-14 22:00:00+00,,patologisk fraktur,
1088,M12007,NORPAT,2017-10-14 22:00:00+00,,spontan fraktur,
1089,M12500,NORPAT,2001-12-31 23:00:00+00,,tilhelet fraktur,
1090,M12590,NORPAT,2001-12-31 23:00:00+00,,pseudoartrose,
1091,M12800,NORPAT,2001-12-31 23:00:00+00,2017-10-13 22:00:00+00,multiple frakturer UNS,
1092,M13000,NORPAT,2001-12-31 23:00:00+00,,dislokasjon,
1093,M13010,NORPAT,2001-12-31 23:00:00+00,,luksasjon,
1094,M14000,NORPAT,2001-12-31 23:00:00+00,,traumatisk sår,
1095,M14001,NORPAT,2001-12-31 23:00:00+00,2017-10-13 22:00:00+00,åpent traumatisk sår,
1096,M14003,NORPAT,2001-12-31 23:00:00+00,2017-10-13 22:00:00+00,traumatisk sår i tilheling,
1097,M14004,NORPAT,2001-12-31 23:00:00+00,2017-10-13 22:00:00+00,tilhelet traumatisk sår,
1098,M14005,NORPAT,2001-12-31 23:00:00+00,2017-10-13 22:00:00+00,ikke-tilhelet traumatisk sår,
1099,M14006,NORPAT,2001-12-31 23:00:00+00,2017-10-13 22:00:00+00,ferskt traumatisk sår,
1100,M14007,NORPAT,2001-12-31 23:00:00+00,2017-10-13 22:00:00+00,multiple traumatiske sår,
1101,M14009,NORPAT,2001-12-31 23:00:00+00,2017-10-13 22:00:00+00,suturert traumatisk sår,
1102,M14010,NORPAT,2001-12-31 23:00:00+00,2017-10-13 22:00:00+00,traumatisk sår med infeksjon,
1103,M14020,NORPAT,2001-12-31 23:00:00+00,,operasjonssår,
1104,M14021,NORPAT,2001-12-31 23:00:00+00,2017-10-13 22:00:00+00,åpent operasjonssår,
1105,M14023,NORPAT,2001-12-31 23:00:00+00,2017-10-13 22:00:00+00,operasjonssår i tilheling,
1106,M14024,NORPAT,2001-12-31 23:00:00+00,2017-10-13 22:00:00+00,tilhelet operasjonssår,
1107,M14029,NORPAT,2001-12-31 23:00:00+00,2017-10-13 22:00:00+00,suturert operasjonssår,
1108,M14050,NORPAT,2001-12-31 23:00:00+00,2017-10-13 22:00:00+00,operasjonssår med infeksjon,
1109,M14051,NORPAT,2001-12-31 23:00:00+00,2017-10-13 22:00:00+00,åpent operasjonssår med infeksjon,
1110,M14059,NORPAT,2001-12-31 23:00:00+00,2017-10-13 22:00:00+00,suturert operasjonssår med infeksjon,
1111,M14070,NORPAT,2001-12-31 23:00:00+00,2017-10-13 22:00:00+00,sår etter biopsitaking UNS,
1112,M14100,NORPAT,2001-12-31 23:00:00+00,,ekskoriasjon,
1113,M14110,NORPAT,2001-12-31 23:00:00+00,,erosjon,
1114,M14140,NORPAT,2001-12-31 23:00:00+00,,dermatitis factitia,
1115,M14200,NORPAT,2001-12-31 23:00:00+00,,kontusjon,
1116,M14210,NORPAT,2001-12-31 23:00:00+00,,kontusjonsring etter kontaktskudd,
1117,M14310,NORPAT,2001-12-31 23:00:00+00,,nålestikklesjon,
1118,M14350,NORPAT,2001-12-31 23:00:00+00,,overfladisk stikk eller bitt,
1119,M14360,NORPAT,2001-12-31 23:00:00+00,,bittlesjon,
1120,M14380,NORPAT,2001-12-31 23:00:00+00,2017-10-13 22:00:00+00,injeksjonsstikk UNS,
1121,M14400,NORPAT,2001-12-31 23:00:00+00,,rift,
1122,M14401,NORPAT,2001-12-31 23:00:00+00,2017-10-13 22:00:00+00,partiell rift,
1123,M14402,NORPAT,2001-12-31 23:00:00+00,2017-10-13 22:00:00+00,komplett rift,
1124,M14403,NORPAT,2001-12-31 23:00:00+00,2017-10-13 22:00:00+00,svær rift,
1125,M14404,NORPAT,2001-12-31 23:00:00+00,2017-10-13 22:00:00+00,spontan rift,
1126,M14409,NORPAT,2001-12-31 23:00:00+00,2017-10-13 22:00:00+00,suturert rift,
1127,M14430,NORPAT,2001-12-31 23:00:00+00,,ruptur,
1128,M14431,NORPAT,2001-12-31 23:00:00+00,2017-10-13 22:00:00+00,partiell ruptur,
1129,M14432,NORPAT,2001-12-31 23:00:00+00,2017-10-13 22:00:00+00,komplett ruptur,
1130,M14433,NORPAT,2001-12-31 23:00:00+00,2017-10-13 22:00:00+00,svær ruptur,
1131,M14434,NORPAT,2001-12-31 23:00:00+00,2017-10-13 22:00:00+00,spontan ruptur,
1132,M14439,NORPAT,2001-12-31 23:00:00+00,2017-10-13 22:00:00+00,suturert ruptur,
1133,M14460,NORPAT,2001-12-31 23:00:00+00,2017-10-13 22:00:00+00,obstetrisk laserasjon UNS,
1134,M14500,NORPAT,2001-12-31 23:00:00+00,,penetrerende sår,
1135,M14510,NORPAT,2001-12-31 23:00:00+00,,skuddsår,
1136,M14517,NORPAT,2001-12-31 23:00:00+00,,multiple skuddsår,
1137,M14520,NORPAT,2001-12-31 23:00:00+00,,innskuddsåpning,
1138,M14530,NORPAT,2001-12-31 23:00:00+00,,innskuddsåpning ved kontaktskudd,
1139,M14567,NORPAT,2001-12-31 23:00:00+00,,multiple dype stikksår,
1140,M14580,NORPAT,2001-12-31 23:00:00+00,,utskuddsåpning,
1141,M14610,NORPAT,2001-12-31 23:00:00+00,,gjennomgående skuddkanal,
1142,M14650,NORPAT,2001-12-31 23:00:00+00,,stikksår,
1143,M14657,NORPAT,2001-12-31 23:00:00+00,2017-10-13 22:00:00+00,multiple dype stikksår,
1144,M14700,NORPAT,2001-12-31 23:00:00+00,,traumatisk perforasjon,
1145,M14707,NORPAT,2001-12-31 23:00:00+00,,multiple traumatiske perforasjoner,
1146,M14800,NORPAT,2001-12-31 23:00:00+00,,amputat,
1147,M14801,NORPAT,2001-12-31 23:00:00+00,2017-10-13 22:00:00+00,subtotalt amputat,
1148,M14802,NORPAT,2001-12-31 23:00:00+00,2017-10-13 22:00:00+00,komplett amputat,
1149,M14803,NORPAT,2001-12-31 23:00:00+00,2017-10-13 22:00:00+00,øyeblikkelig amputat,
1150,M14804,NORPAT,2001-12-31 23:00:00+00,2017-10-13 22:00:00+00,forsinket amputat,
1151,M14820,NORPAT,2001-12-31 23:00:00+00,2017-10-13 22:00:00+00,spontant amputat,
1152,M14821,NORPAT,2001-12-31 23:00:00+00,2017-10-13 22:00:00+00,subtotalt spontant amputat,
1153,M14822,NORPAT,2001-12-31 23:00:00+00,2017-10-13 22:00:00+00,komplett spontant amputat,
1154,M14823,NORPAT,2001-12-31 23:00:00+00,2017-10-13 22:00:00+00,øyeblikkelig spontant amputat,
1155,M14824,NORPAT,2001-12-31 23:00:00+00,2017-10-13 22:00:00+00,forsinket spontant amputat,
1156,M14830,NORPAT,2001-12-31 23:00:00+00,,overskåret struktur,
1157,M14831,NORPAT,2001-12-31 23:00:00+00,2017-10-13 22:00:00+00,subtotalt overskåret struktur,
1158,M14832,NORPAT,2001-12-31 23:00:00+00,2017-10-13 22:00:00+00,fullstendig overskåret struktur,
1159,M14850,NORPAT,2001-12-31 23:00:00+00,,amputasjonsstump,
1160,M14940,NORPAT,2001-12-31 23:00:00+00,2017-10-13 22:00:00+00,torsjonsskade,
1161,M15000,NORPAT,2001-12-31 23:00:00+00,2017-10-13 22:00:00+00,"manglende struktur, ervervet UNS",
1162,M15020,NORPAT,2001-12-31 23:00:00+00,2017-10-13 22:00:00+00,manglende struktur etter kirurgisk inngrep,
1163,M15600,NORPAT,2001-12-31 23:00:00+00,,transplantat,
1164,M15602,NORPAT,2017-10-14 22:00:00+00,,retransplantat,
1165,M15800,NORPAT,2001-12-31 23:00:00+00,,kirurgisk implantat,
1166,M15810,NORPAT,2001-12-31 23:00:00+00,,splenose,
1167,M15860,NORPAT,2001-12-31 23:00:00+00,2017-10-13 22:00:00+00,terapeutisk implantat,
1168,M15880,NORPAT,2001-12-31 23:00:00+00,2017-10-13 22:00:00+00,implantert protese UNS,
1169,M18000,NORPAT,2001-12-31 23:00:00+00,,tilsiktet følge av kirurgisk inngrep,
1170,M18100,NORPAT,2001-12-31 23:00:00+00,2017-10-13 22:00:00+00,postoperativ organrest UNS,
1171,M18200,NORPAT,2001-12-31 23:00:00+00,,anastomose,
1172,M18201,NORPAT,2001-12-31 23:00:00+00,2017-10-13 22:00:00+00,intakt anastomose,
1173,M18202,NORPAT,2001-12-31 23:00:00+00,2017-10-13 22:00:00+00,anastomose med lekkasje,
1174,M18203,NORPAT,2001-12-31 23:00:00+00,2017-10-13 22:00:00+00,funksjonell anastomose,
1175,M18204,NORPAT,2001-12-31 23:00:00+00,2017-10-13 22:00:00+00,ikke-funksjonell anastomose,
1176,M18205,NORPAT,2001-12-31 23:00:00+00,2017-10-13 22:00:00+00,anastomose med obstruksjon,
1177,M18210,NORPAT,2001-12-31 23:00:00+00,2017-10-13 22:00:00+00,ende-ende-anastomose,
1178,M18211,NORPAT,2001-12-31 23:00:00+00,2017-10-13 22:00:00+00,intakt ende-ende-anastomose,
1179,M18212,NORPAT,2001-12-31 23:00:00+00,2017-10-13 22:00:00+00,ende-ende-anastomose med lekkasje,
1180,M18213,NORPAT,2001-12-31 23:00:00+00,2017-10-13 22:00:00+00,funksjonell ende-ende-anastomomse,
1181,M18220,NORPAT,2001-12-31 23:00:00+00,2017-10-13 22:00:00+00,side-side-anastomose,
1182,M18230,NORPAT,2001-12-31 23:00:00+00,2017-10-13 22:00:00+00,side-ende-anastomose,
1183,M18240,NORPAT,2001-12-31 23:00:00+00,2017-10-13 22:00:00+00,ende-side-anastomose,
1184,M18510,NORPAT,2001-12-31 23:00:00+00,,kirurgisk reimplantert vev eller organ,
1185,M18580,NORPAT,2017-10-14 22:00:00+00,,implantert protese,
1186,M18700,NORPAT,2001-12-31 23:00:00+00,,hull,
1187,M18760,NORPAT,2001-12-31 23:00:00+00,,borehull,
1188,M18770,NORPAT,2001-12-31 23:00:00+00,2017-10-13 22:00:00+00,tannekstraksjonsfokus,
1189,M18800,NORPAT,2001-12-31 23:00:00+00,,stoma,
1190,M18803,NORPAT,2001-12-31 23:00:00+00,2017-10-13 22:00:00+00,funksjonelt stoma,
1191,M18804,NORPAT,2001-12-31 23:00:00+00,2017-10-13 22:00:00+00,ikke-funksjonelt stoma,
1192,M18805,NORPAT,2001-12-31 23:00:00+00,2017-10-13 22:00:00+00,obstruert stoma,
1193,M20000,NORPAT,2001-12-31 23:00:00+00,,medfødt malformasjon,
1194,M20010,NORPAT,2001-12-31 23:00:00+00,2017-10-13 22:00:00+00,Mycobacterium tuberculosis,
1195,M20025,NORPAT,2001-12-31 23:00:00+00,,medfødt bronkopulmonal dysplasi,
1196,M20050,NORPAT,2001-12-31 23:00:00+00,,utviklingsumodenhet,
1197,M20100,NORPAT,2001-12-31 23:00:00+00,,abnorm medfødt fusjon,
1198,M20130,NORPAT,2001-12-31 23:00:00+00,,platybasi,
1199,M20150,NORPAT,2001-12-31 23:00:00+00,,Arnold-Chiaris malformasjon,
1200,M20220,NORPAT,2017-10-14 22:00:00+00,,holoprosencefali,
1201,M20300,NORPAT,2001-12-31 23:00:00+00,,medfødt stenose,
1202,M20400,NORPAT,2001-12-31 23:00:00+00,,medfødt atresi,
1203,M20450,NORPAT,2001-12-31 23:00:00+00,,medfødt for tidlig lukning,
1204,M20500,NORPAT,2001-12-31 23:00:00+00,,medfødt hypertrofi,
1205,M20600,NORPAT,2001-12-31 23:00:00+00,,medfødt vekstforstyrrelse,
1206,M20680,NORPAT,2017-10-14 22:00:00+00,,medfødt hyperplasi,
1207,M20700,NORPAT,2001-12-31 23:00:00+00,,medfødt abnorm kommunikasjon,
1208,M20720,NORPAT,2001-12-31 23:00:00+00,,medfødt abnorm avgang av arterie,
1209,M20730,NORPAT,2001-12-31 23:00:00+00,,medfødt abnorm avgang av vene,
1210,M20900,NORPAT,2017-10-14 22:00:00+00,,isomeri,
1211,M21000,NORPAT,2001-12-31 23:00:00+00,,medfødt aplasi,
1212,M21010,NORPAT,2019-01-15 23:00:00+00,,ameli,
1213,M21020,NORPAT,2019-01-15 23:00:00+00,,anencefali,
1214,M21025,NORPAT,2019-01-15 23:00:00+00,,akrani,
1215,M21071,NORPAT,2017-10-14 22:00:00+00,,Dandy-Walkers malformasjon,
1216,M21080,NORPAT,2001-12-31 23:00:00+00,2017-10-13 22:00:00+00,ensidig medfødt aplasi,
1217,M21300,NORPAT,2001-12-31 23:00:00+00,,medfødt hypoplasi,
1218,M21370,NORPAT,2001-12-31 23:00:00+00,2017-10-13 22:00:00+00,medfødt partiell hypoplasi,
1219,M21400,NORPAT,2001-12-31 23:00:00+00,,persisterende embryonal struktur,
1220,M21500,NORPAT,2001-12-31 23:00:00+00,,medfødt manglende fusjon,
1221,M21501,NORPAT,2001-12-31 23:00:00+00,2017-10-13 22:00:00+00,medfødt unilateral manglende fusjon,
1222,M21502,NORPAT,2001-12-31 23:00:00+00,2017-10-13 22:00:00+00,medfødt bilateral manglende fusjon,
1223,M21510,NORPAT,2001-12-31 23:00:00+00,,medfødt fissur,
1224,M21550,NORPAT,2017-10-14 22:00:00+00,,ekstrofi,
1225,M21600,NORPAT,2001-12-31 23:00:00+00,,medfødt manglende fusjon med herniering,
1226,M21610,NORPAT,2001-12-31 23:00:00+00,,åpen spina bifida,
1227,M21620,NORPAT,2001-12-31 23:00:00+00,,meningocele,
1228,M21630,NORPAT,2001-12-31 23:00:00+00,,meningomyelocele,
1229,M21660,NORPAT,2001-12-31 23:00:00+00,,encephalocele,
1230,M21670,NORPAT,2001-12-31 23:00:00+00,,meningoencefalocele,
1231,M21700,NORPAT,2001-12-31 23:00:00+00,,myelocele,
1232,M21800,NORPAT,2001-12-31 23:00:00+00,,medfødt fistel,
1233,M21801,NORPAT,2001-12-31 23:00:00+00,2017-10-13 22:00:00+00,medfødt komplett fistel,
1234,M21802,NORPAT,2001-12-31 23:00:00+00,2017-10-13 22:00:00+00,medfødt inkomplett fistel,
1235,M21840,NORPAT,2017-10-14 22:00:00+00,,medfødt arteriovenøs fistel,
1236,M21900,NORPAT,2001-12-31 23:00:00+00,,medfødt inkomplett lukking,
1237,M21901,NORPAT,2001-12-31 23:00:00+00,2017-10-13 22:00:00+00,medfødt komplett manglende lukning,
1238,M21902,NORPAT,2001-12-31 23:00:00+00,2017-10-13 22:00:00+00,medfødt inkomplett manglende lukning,
1239,M21940,NORPAT,2001-12-31 23:00:00+00,,persisterende truncus arteriosus,
1240,M22000,NORPAT,2001-12-31 23:00:00+00,,medfødt septum,
1241,M22020,NORPAT,2001-12-31 23:00:00+00,,hypersegmentering,
1242,M22060,NORPAT,2001-12-31 23:00:00+00,2017-10-13 22:00:00+00,multiple septa,
1243,M22100,NORPAT,2001-12-31 23:00:00+00,,medfødt malposisjon,
1244,M22101,NORPAT,2001-12-31 23:00:00+00,2017-10-13 22:00:00+00,partiell malposisjon,
1245,M22102,NORPAT,2001-12-31 23:00:00+00,2017-10-13 22:00:00+00,komplett malposisjon,
1246,M22103,NORPAT,2001-12-31 23:00:00+00,2017-10-13 22:00:00+00,malposisjon til høyre,
1247,M22104,NORPAT,2001-12-31 23:00:00+00,2017-10-13 22:00:00+00,malposisjon til venstre,
1248,M22105,NORPAT,2001-12-31 23:00:00+00,2017-10-13 22:00:00+00,multiple malposisjoner,
1249,M22110,NORPAT,2001-12-31 23:00:00+00,,situs inversus,
1250,M22130,NORPAT,2001-12-31 23:00:00+00,,bekkenlokalisert nyre,
1251,M22140,NORPAT,2001-12-31 23:00:00+00,,medfødt deviasjon,
1252,M22143,NORPAT,2001-12-31 23:00:00+00,2017-10-13 22:00:00+00,medfødt deviasjon til høyre,
1253,M22144,NORPAT,2001-12-31 23:00:00+00,2017-10-13 22:00:00+00,medfødt deviasjon til venstre,
1254,M22160,NORPAT,2001-12-31 23:00:00+00,,overridende struktur,
1255,M22200,NORPAT,2001-12-31 23:00:00+00,,medfødt malrotasjon,
1256,M22201,NORPAT,2001-12-31 23:00:00+00,2017-10-13 22:00:00+00,partiell medfødt malrotasjon,
1257,M22202,NORPAT,2001-12-31 23:00:00+00,2017-10-13 22:00:00+00,komplett medfødt malrotasjon,
1258,M22203,NORPAT,2001-12-31 23:00:00+00,2017-10-13 22:00:00+00,medfødt malrotasjon til høyre,
1259,M22204,NORPAT,2001-12-31 23:00:00+00,2017-10-13 22:00:00+00,medfødt malrotasjon til venstre,
1260,M22300,NORPAT,2001-12-31 23:00:00+00,,aksessorisk struktur,
1261,M22301,NORPAT,2001-12-31 23:00:00+00,2017-10-13 22:00:00+00,preaksial overtallig struktur,
1262,M22302,NORPAT,2001-12-31 23:00:00+00,2017-10-13 22:00:00+00,postaksial overtallig struktur,
1263,M22303,NORPAT,2001-12-31 23:00:00+00,2017-10-13 22:00:00+00,unilateral overtallig struktur,
1264,M22304,NORPAT,2001-12-31 23:00:00+00,2017-10-13 22:00:00+00,bilateral overtallig struktur,
1265,M22360,NORPAT,2001-12-31 23:00:00+00,,dobbeltanlegg,
1266,M22361,NORPAT,2001-12-31 23:00:00+00,2017-10-13 22:00:00+00,preaksialt dobbeltanlegg,
1267,M22362,NORPAT,2001-12-31 23:00:00+00,2017-10-13 22:00:00+00,postaksialt dobbeltanlegg,
1268,M22363,NORPAT,2001-12-31 23:00:00+00,2017-10-13 22:00:00+00,unilateralt dobbeltanlegg,
1269,M22364,NORPAT,2001-12-31 23:00:00+00,2017-10-13 22:00:00+00,bilateralt dobbeltanlegg,
1270,M22400,NORPAT,2001-12-31 23:00:00+00,,medfødt ben- og leddmalformasjon,
1271,M22410,NORPAT,2001-12-31 23:00:00+00,,kondrodystrofi,
1272,M22420,NORPAT,2001-12-31 23:00:00+00,,osteogenesis imperfecta,
1273,M22430,NORPAT,2017-10-14 22:00:00+00,,tanatofor dysplasi,
1274,M22460,NORPAT,2017-10-14 22:00:00+00,,arthrogryposis congenita multiplex,
1275,M22520,NORPAT,2017-10-14 22:00:00+00,,osteokondrodystrofi,
1276,M22540,NORPAT,2001-12-31 23:00:00+00,,osteopetrose,
1277,M22610,NORPAT,2001-12-31 23:00:00+00,,medfødt valgusdeformitet,
1278,M22620,NORPAT,2001-12-31 23:00:00+00,2017-10-13 22:00:00+00,medfødt varusdeformitet,
1279,M22650,NORPAT,2017-10-14 22:00:00+00,,kraniosynostose,
1280,M23000,NORPAT,2001-12-31 23:00:00+00,,medfødt urogenital malformasjon,
1281,M23030,NORPAT,2017-10-14 22:00:00+00,,hypospadi,
1282,M23050,NORPAT,2001-12-31 23:00:00+00,,medfødt hydronefrose,
1283,M23060,NORPAT,2001-12-31 23:00:00+00,,medfødt posterior urethralklaff,
1284,M23070,NORPAT,2001-12-31 23:00:00+00,,medfødt renal dysplasi,
1285,M23075,NORPAT,2017-10-14 22:00:00+00,,medfødt renal adysplasi,
1286,M23080,NORPAT,2001-12-31 23:00:00+00,,multicystisk dysplastisk nyre,
1287,M23090,NORPAT,2017-10-14 22:00:00+00,,hesteskonyre,
1288,M23095,NORPAT,2017-10-14 22:00:00+00,,kakenyre,
1289,M23100,NORPAT,2017-10-14 22:00:00+00,,medfødt malformasjon i kjønnsorganer,
1290,M23130,NORPAT,2001-12-31 23:00:00+00,,strekgonade,
1291,M23140,NORPAT,2001-12-31 23:00:00+00,,ovotestis,
1292,M23150,NORPAT,2001-12-31 23:00:00+00,,indifferente genitalia,
1293,M23300,NORPAT,2001-12-31 23:00:00+00,,medfødt malformasjon i fordøyelseskanalen,
1294,M24100,NORPAT,2001-12-31 23:00:00+00,,abnorm posisjon av hjertet,
1295,M24200,NORPAT,2001-12-31 23:00:00+00,,transposisjon,
1296,M24300,NORPAT,2001-12-31 23:00:00+00,,atrieseptumdefekt,
1297,M24350,NORPAT,2001-12-31 23:00:00+00,2017-10-13 22:00:00+00,"atrieseptumdefekt og mitralstenose, Lutembacher",
1298,M24351,NORPAT,2017-10-14 22:00:00+00,,mitralstenose,
1299,M24400,NORPAT,2001-12-31 23:00:00+00,,ventrikkelseptumdefekt,
1300,M24410,NORPAT,2001-12-31 23:00:00+00,,Eisenmengers kompleks,
1301,M24570,NORPAT,2001-12-31 23:00:00+00,,bicuspid klaff,
1302,M24590,NORPAT,2001-12-31 23:00:00+00,2017-10-13 22:00:00+00,myksomatøs klaffedegenerasjon,
1303,M24600,NORPAT,2001-12-31 23:00:00+00,,medfødt karmalformasjon,
1304,M24601,NORPAT,2001-12-31 23:00:00+00,2017-10-13 22:00:00+00,partiell medfødt karmisdannelse,
1305,M24602,NORPAT,2001-12-31 23:00:00+00,2017-10-13 22:00:00+00,komplett medfødt karmisdannelse,
1306,M24603,NORPAT,2001-12-31 23:00:00+00,2017-10-13 22:00:00+00,korrigert medfødt karmisdannelse,
1307,M24610,NORPAT,2001-12-31 23:00:00+00,2017-10-13 22:00:00+00,medfødt aneurisme UNS,
1308,M24620,NORPAT,2001-12-31 23:00:00+00,2017-10-13 22:00:00+00,angiokeratoma circumscripta,
1309,M24700,NORPAT,2001-12-31 23:00:00+00,,coarctatio,
1310,M24800,NORPAT,2001-12-31 23:00:00+00,,medfødt karproliferasjon,
1311,M24810,NORPAT,2001-12-31 23:00:00+00,,arteriovenøs malformasjon,
1312,M24850,NORPAT,2001-12-31 23:00:00+00,,medfødt hemangioblastomatose,
1313,M24870,NORPAT,2001-12-31 23:00:00+00,,medfødt hemangiomatose,
1314,M24890,NORPAT,2001-12-31 23:00:00+00,,medfødt lymfangiomatose,
1315,M24900,NORPAT,2001-12-31 23:00:00+00,,medfødt kardiovaskulær malformasjon,
1316,M24920,NORPAT,2001-12-31 23:00:00+00,,Fallots tetrade,
1317,M24960,NORPAT,2001-12-31 23:00:00+00,,medfødt rabdomyom,
1318,M24970,NORPAT,2001-12-31 23:00:00+00,,medfødt rabdomyomatose,
1319,M25100,NORPAT,2001-12-31 23:00:00+00,,medfødt malformasjon i hud,
1320,M25200,NORPAT,2017-10-14 22:00:00+00,,medfødt malformasjon i respirasjonsveiene,
1321,M25400,NORPAT,2001-12-31 23:00:00+00,,medfødt malformasjon i sentralnervesystemet,
1322,M25410,NORPAT,2001-12-31 23:00:00+00,,cerebral cortical dysgenesi,
1323,M25420,NORPAT,2001-12-31 23:00:00+00,,porencefali,
1324,M25440,NORPAT,2001-12-31 23:00:00+00,,lissencefali,
1325,M25450,NORPAT,2001-12-31 23:00:00+00,,pachygyri,
1326,M25460,NORPAT,2001-12-31 23:00:00+00,,mikrogyri,
1327,M25470,NORPAT,2001-12-31 23:00:00+00,,makrogyri,
1328,M25490,NORPAT,2017-10-14 22:00:00+00,,status verrucosus simplex,
1329,M25520,NORPAT,2001-12-31 23:00:00+00,,ulegyri,
1330,M26000,NORPAT,2001-12-31 23:00:00+00,,ektopisk vev,
1331,M26010,NORPAT,2001-12-31 23:00:00+00,,"ektopisk talgkjertelvev, Fordyce",
1332,M26020,NORPAT,2001-12-31 23:00:00+00,,ektopisk pancreasvev,
1333,M26030,NORPAT,2001-12-31 23:00:00+00,,ektopisk mammavev,
1334,M26080,NORPAT,2001-12-31 23:00:00+00,,ektopisk magesekkvev,
1335,M26090,NORPAT,2001-12-31 23:00:00+00,,ektopisk binyrebarkvev,
1336,M26100,NORPAT,2001-12-31 23:00:00+00,,ektopisk thyreoideavev,
1337,M26110,NORPAT,2001-12-31 23:00:00+00,,ektopisk hjerte,
1338,M26140,NORPAT,2001-12-31 23:00:00+00,2017-10-13 22:00:00+00,ektopisk milt,
1339,M26150,NORPAT,2001-12-31 23:00:00+00,,ektopisk miltvev,
1340,M26160,NORPAT,2001-12-31 23:00:00+00,,ektopisk gliavev,
1341,M26190,NORPAT,2001-12-31 23:00:00+00,,ektopisk tann,
1342,M26200,NORPAT,2001-12-31 23:00:00+00,,ektopisk testis,
1343,M26230,NORPAT,2001-12-31 23:00:00+00,,ektopisk nevronalt vev,
1344,M26240,NORPAT,2001-12-31 23:00:00+00,,ektopisk thymusvev,
1345,M26300,NORPAT,2001-12-31 23:00:00+00,,embryonal rest,
1346,M26340,NORPAT,2001-12-31 23:00:00+00,,eccordosis physaliphora,
1347,M26350,NORPAT,2001-12-31 23:00:00+00,,Walthardsk rede,
1348,M26370,NORPAT,2001-12-31 23:00:00+00,,rest av Wolffsk gang,
1349,M26371,NORPAT,2017-10-14 22:00:00+00,,nefrogen rest,
1350,M2637M,NORPAT,2017-10-14 22:00:00+00,,nefroblastomatose,
1351,M26500,NORPAT,2001-12-31 23:00:00+00,,medfødt cyste,
1352,M26501,NORPAT,2001-12-31 23:00:00+00,2017-10-13 22:00:00+00,solitær medfødt cyste,
1353,M26502,NORPAT,2001-12-31 23:00:00+00,2017-10-13 22:00:00+00,multiple medfødte cyster,
1354,M26520,NORPAT,2001-12-31 23:00:00+00,,odontogen cyste,
1355,M26521,NORPAT,2017-10-14 22:00:00+00,,glandulær odontogen cyste,
1356,M26530,NORPAT,2001-12-31 23:00:00+00,,keratocyste,
1357,M26540,NORPAT,2001-12-31 23:00:00+00,,gingival cyste,
1358,M26550,NORPAT,2001-12-31 23:00:00+00,,erupsjonscyste,
1359,M26560,NORPAT,2001-12-31 23:00:00+00,,follikulærcyste,
1360,M26600,NORPAT,2001-12-31 23:00:00+00,,fissural cyste,
1361,M26630,NORPAT,2001-12-31 23:00:00+00,,nevrogliacyste,
1362,M26650,NORPAT,2001-12-31 23:00:00+00,,medfødt kolloid cyste,
1363,M26660,NORPAT,2001-12-31 23:00:00+00,,enterogen cyste,
1364,M26680,NORPAT,2001-12-31 23:00:00+00,,bronkogen cyste,
1365,M26700,NORPAT,2001-12-31 23:00:00+00,,medfødt cystisk dilatasjon,
1366,M26730,NORPAT,2001-12-31 23:00:00+00,,autosomal dominant polycystisk nyresykdom,
1367,M26740,NORPAT,2001-12-31 23:00:00+00,,autosomal recessiv polycystisk nyresykdom,
1368,M26760,NORPAT,2001-12-31 23:00:00+00,,medullær svampnyre,
1369,M26770,NORPAT,2001-12-31 23:00:00+00,,medullær cystesykdom/nefonoftise,
1370,M26780,NORPAT,2017-10-14 22:00:00+00,,glomerulær cystenyre,
1371,M26785,NORPAT,2001-12-31 23:00:00+00,,glomerulocystisk sykdom,
1372,M26790,NORPAT,2001-12-31 23:00:00+00,2017-10-13 22:00:00+00,medfødt bronkiektasi,
1373,M26800,NORPAT,2001-12-31 23:00:00+00,,medfødt sekvester,
1374,M26900,NORPAT,2001-12-31 23:00:00+00,2017-10-13 22:00:00+00,medfødt manglende perforasjon UNS,
1375,M27000,NORPAT,2001-12-31 23:00:00+00,,medfødt mangel,
1376,M27100,NORPAT,2001-12-31 23:00:00+00,2017-10-13 22:00:00+00,abnormt bekken UNS,
1377,M27500,NORPAT,2001-12-31 23:00:00+00,,medfødt malformasjon av uterus,
1378,M27550,NORPAT,2001-12-31 23:00:00+00,,bicorn uterus,
1379,M28000,NORPAT,2001-12-31 23:00:00+00,,graviditetsprodukter,
1380,M28010,NORPAT,2001-12-31 23:00:00+00,2017-10-13 22:00:00+00,abnorme graviditetsprodukter UNS,
1381,M28020,NORPAT,2001-12-31 23:00:00+00,,"""blighted ovum""",
1382,M28030,NORPAT,2001-12-31 23:00:00+00,,retinerte graviditetsprodukter,
1383,M28050,NORPAT,2001-12-31 23:00:00+00,2017-10-13 22:00:00+00,immaturt foster,
1384,M28070,NORPAT,2001-12-31 23:00:00+00,,ekstrauterin graviditet,
1385,M28100,NORPAT,2001-12-31 23:00:00+00,,abnormt foster,
1386,M28110,NORPAT,2017-10-14 22:00:00+00,,acardialt foster,
1387,M28130,NORPAT,2001-12-31 23:00:00+00,,maserert foster,
1388,M28500,NORPAT,2001-12-31 23:00:00+00,,føtal duplikasjon,
1389,M28900,NORPAT,2001-12-31 23:00:00+00,,siamesiske tvillinger,
1390,M29000,NORPAT,2001-12-31 23:00:00+00,,abnorm placenta,
1391,M29001,NORPAT,2001-12-31 23:00:00+00,2017-10-13 22:00:00+00,immatur placenta UNS,
1392,M29002,NORPAT,2001-12-31 23:00:00+00,2017-10-13 22:00:00+00,prematur placenta UNS,
1393,M29003,NORPAT,2001-12-31 23:00:00+00,2017-10-13 22:00:00+00,matur placenta UNS,
1394,M29004,NORPAT,2001-12-31 23:00:00+00,2017-10-13 22:00:00+00,postmatur placenta UNS,
1395,M29010,NORPAT,2001-12-31 23:00:00+00,2017-10-13 22:00:00+00,ektopisk placenta,
1396,M29030,NORPAT,2001-12-31 23:00:00+00,,tvillingplacenta,
1397,M29031,NORPAT,2001-12-31 23:00:00+00,2017-10-13 22:00:00+00,immatur tvillingplacenta,
1398,M29032,NORPAT,2001-12-31 23:00:00+00,2017-10-13 22:00:00+00,prematur tvillingplacenta,
1399,M29033,NORPAT,2001-12-31 23:00:00+00,2017-10-13 22:00:00+00,matur tvillingplacenta,
1400,M29040,NORPAT,2001-12-31 23:00:00+00,,monochorial-diamniotisk tvillingplacenta,
1401,M29041,NORPAT,2001-12-31 23:00:00+00,2017-10-13 22:00:00+00,immatur monochorial-diamniotisk tvillingplacenta,
1402,M29042,NORPAT,2001-12-31 23:00:00+00,2017-10-13 22:00:00+00,prematur monochorial-diamniotisk tvillingplacenta,
1403,M29043,NORPAT,2001-12-31 23:00:00+00,2017-10-13 22:00:00+00,matur monochorial-diamniotisk tvillingplacenta,
1404,M29050,NORPAT,2001-12-31 23:00:00+00,,monochorial-monoamniotisk tvillingplacenta,
1405,M29051,NORPAT,2001-12-31 23:00:00+00,2017-10-13 22:00:00+00,immatur monochorial-monoamniotisk tvillingplacenta,
1406,M29052,NORPAT,2001-12-31 23:00:00+00,2017-10-13 22:00:00+00,prematur monochorial-monoamniotisk tvillingplacenta,
1407,M29053,NORPAT,2001-12-31 23:00:00+00,2017-10-13 22:00:00+00,matur monochorial-monoamniotisk tvillingplacenta,
1408,M29060,NORPAT,2001-12-31 23:00:00+00,,dichorial-diamniotisk tvillingplacenta,
1409,M29061,NORPAT,2001-12-31 23:00:00+00,2017-10-13 22:00:00+00,immatur dichorial-diamniotisk tvillingplacenta,
1410,M29062,NORPAT,2001-12-31 23:00:00+00,2017-10-13 22:00:00+00,prematur dichorial-diamniotisk tvillingplacenta,
1411,M29063,NORPAT,2001-12-31 23:00:00+00,2017-10-13 22:00:00+00,matur dichorial-diamniotisk tvillingplacenta,
1412,M29070,NORPAT,2001-12-31 23:00:00+00,,placenta fra mer enn tvillinggraviditet,
1413,M29071,NORPAT,2001-12-31 23:00:00+00,2017-10-13 22:00:00+00,immatur placenta fra mer enn tvillinggraviditet,
1414,M29072,NORPAT,2001-12-31 23:00:00+00,2017-10-13 22:00:00+00,prematur placenta fra mer enn tvillinggraviditet,
1415,M29073,NORPAT,2001-12-31 23:00:00+00,2017-10-13 22:00:00+00,matur placenta fra mer enn tvillinggraviditet,
1416,M29074,NORPAT,2001-12-31 23:00:00+00,2017-10-13 22:00:00+00,postmatur placenta fra mer enn tvillinggraviditet,
1417,M29170,NORPAT,2001-12-31 23:00:00+00,,placenta praevia,
1418,M29190,NORPAT,2001-12-31 23:00:00+00,2017-10-13 22:00:00+00,total placenta praevia,
1419,M29200,NORPAT,2001-12-31 23:00:00+00,2017-10-13 22:00:00+00,partiell placenta praevia,
1420,M29210,NORPAT,2001-12-31 23:00:00+00,,placenta accreta,
1421,M29220,NORPAT,2017-10-14 22:00:00+00,,placenta increta,
1422,M29230,NORPAT,2017-10-14 22:00:00+00,,placenta percreta,
1423,M29280,NORPAT,2001-12-31 23:00:00+00,,placenta circumvallata,
1424,M29290,NORPAT,2001-12-31 23:00:00+00,,placenta membranacea,
1425,M29360,NORPAT,2001-12-31 23:00:00+00,,abruptio placentae,
1426,M29370,NORPAT,2001-12-31 23:00:00+00,,vasa praevia,
1427,M29400,NORPAT,2001-12-31 23:00:00+00,2017-10-13 22:00:00+00,abnorm amnion UNS,
1428,M29440,NORPAT,2001-12-31 23:00:00+00,,oligohydramnion,
1429,M29450,NORPAT,2001-12-31 23:00:00+00,,polyhydramnion,
1430,M29460,NORPAT,2001-12-31 23:00:00+00,,amnion nodosum,
1431,M29470,NORPAT,2017-10-14 22:00:00+00,,amnionbånd eller adhesjon,
1432,M29600,NORPAT,2001-12-31 23:00:00+00,,abnorm navlesnor,
1433,M29610,NORPAT,2001-12-31 23:00:00+00,,navlesnor rundt fosterdel,
1434,M29650,NORPAT,2017-10-14 22:00:00+00,,"navlesnor, velamentøst festet",
1435,M29700,NORPAT,2001-12-31 23:00:00+00,,navlesnor med ekte knute,
1436,M29710,NORPAT,2017-10-14 22:00:00+00,,navlesnor med karanomali,
1437,M29720,NORPAT,2017-10-14 22:00:00+00,,solitær umbilikalarterie,
1438,M30000,NORPAT,2001-12-31 23:00:00+00,,konkrement,
1439,M30004,NORPAT,2001-12-31 23:00:00+00,2017-10-13 22:00:00+00,multiple konkrementer,
1440,M30010,NORPAT,2001-12-31 23:00:00+00,,lithiasis,
1441,M30030,NORPAT,2001-12-31 23:00:00+00,2017-10-13 22:00:00+00,kolesterolsten,
1442,M30120,NORPAT,2001-12-31 23:00:00+00,2017-10-13 22:00:00+00,bilirubinsten,
1443,M30180,NORPAT,2001-12-31 23:00:00+00,,mikrokalk,
1444,M30200,NORPAT,2001-12-31 23:00:00+00,2017-10-13 22:00:00+00,blandede stener,
1445,M30250,NORPAT,2001-12-31 23:00:00+00,2017-10-13 22:00:00+00,blandet kolesterol- og bilirubinsten,
1446,M30400,NORPAT,2001-12-31 23:00:00+00,,eksogent fremmedlegeme,
1447,M30450,NORPAT,2001-12-31 23:00:00+00,,bezoar,
1448,M30500,NORPAT,2001-12-31 23:00:00+00,2022-12-30 23:00:00+00,suturmateriale,
1449,M31000,NORPAT,2001-12-31 23:00:00+00,,deviasjon,
1450,M31006,NORPAT,2001-12-31 23:00:00+00,2017-10-13 22:00:00+00,deviasjon til høyre,
1451,M31007,NORPAT,2001-12-31 23:00:00+00,2017-10-13 22:00:00+00,deviasjon til venstre,
1452,M31010,NORPAT,2001-12-31 23:00:00+00,2017-10-13 22:00:00+00,ervervet malposisjon UNS,
1453,M31016,NORPAT,2001-12-31 23:00:00+00,2017-10-13 22:00:00+00,ervervet malposisjon til høyre,
1454,M31017,NORPAT,2001-12-31 23:00:00+00,2017-10-13 22:00:00+00,ervervet malposisjon til venstre,
1455,M31030,NORPAT,2001-12-31 23:00:00+00,2017-10-13 22:00:00+00,ervervet deviasjon fremover,
1456,M31040,NORPAT,2001-12-31 23:00:00+00,2017-10-13 22:00:00+00,ervervet deviasjon bakover,
1457,M31050,NORPAT,2001-12-31 23:00:00+00,,descens,
1458,M31060,NORPAT,2001-12-31 23:00:00+00,2017-10-13 22:00:00+00,ervervet deviasjon oppover,
1459,M31070,NORPAT,2001-12-31 23:00:00+00,2017-10-13 22:00:00+00,ervervet deviasjon til siden,
1460,M31100,NORPAT,2001-12-31 23:00:00+00,2017-10-13 22:00:00+00,abnorm forkortelse,
1461,M31110,NORPAT,2001-12-31 23:00:00+00,2017-10-13 22:00:00+00,abnorm forlengelse,
1462,M31120,NORPAT,2001-12-31 23:00:00+00,2017-10-13 22:00:00+00,invaginasjon UNS,
1463,M31130,NORPAT,2001-12-31 23:00:00+00,2017-10-13 22:00:00+00,intussusepsjon,
1464,M31140,NORPAT,2001-12-31 23:00:00+00,2017-10-13 22:00:00+00,avløsning,
1465,M31150,NORPAT,2001-12-31 23:00:00+00,2017-10-13 22:00:00+00,retraksjon,
1466,M31160,NORPAT,2001-12-31 23:00:00+00,2017-10-13 22:00:00+00,løsning UNS,
1467,M31180,NORPAT,2001-12-31 23:00:00+00,2017-10-13 22:00:00+00,adskillelse UNS,
1468,M31210,NORPAT,2001-12-31 23:00:00+00,2017-10-13 22:00:00+00,eversjon,
1469,M31220,NORPAT,2001-12-31 23:00:00+00,2017-10-13 22:00:00+00,inversjon,
1470,M31270,NORPAT,2001-12-31 23:00:00+00,2017-10-13 22:00:00+00,exophthalmus,
1471,M31400,NORPAT,2001-12-31 23:00:00+00,2017-10-13 22:00:00+00,protrusjon UNS,
1472,M31430,NORPAT,2001-12-31 23:00:00+00,2017-10-13 22:00:00+00,trykkonus,
1473,M31440,NORPAT,2001-12-31 23:00:00+00,2017-10-13 22:00:00+00,trykkfure,
1474,M31450,NORPAT,2001-12-31 23:00:00+00,2017-10-13 22:00:00+00,keratokonus,
1475,M31510,NORPAT,2001-12-31 23:00:00+00,2017-10-13 22:00:00+00,skoliose UNS,
1476,M31520,NORPAT,2001-12-31 23:00:00+00,2017-10-13 22:00:00+00,lordose UNS,
1477,M31530,NORPAT,2001-12-31 23:00:00+00,2017-10-13 22:00:00+00,kyfose UNS,
1478,M31550,NORPAT,2001-12-31 23:00:00+00,2017-10-13 22:00:00+00,kyfoskoliose,
1479,M31560,NORPAT,2001-12-31 23:00:00+00,2017-10-13 22:00:00+00,"valgusdeformitet, ervervet",
1480,M31570,NORPAT,2001-12-31 23:00:00+00,2017-10-13 22:00:00+00,"varusdeformitet, ervervet",
1481,M31580,NORPAT,2001-12-31 23:00:00+00,2017-10-13 22:00:00+00,kontraktur UNS,
1482,M31600,NORPAT,2001-12-31 23:00:00+00,,hernie,
1483,M31601,NORPAT,2001-12-31 23:00:00+00,2017-10-13 22:00:00+00,residiverende hernie,
1484,M31602,NORPAT,2001-12-31 23:00:00+00,2017-10-13 22:00:00+00,komplett hernie,
1485,M31603,NORPAT,2001-12-31 23:00:00+00,2017-10-13 22:00:00+00,inkomplett hernie,
1486,M31604,NORPAT,2001-12-31 23:00:00+00,2017-10-13 22:00:00+00,reponibelt hernie,
1487,M31605,NORPAT,2001-12-31 23:00:00+00,,inkarserert hernie,
1488,M31606,NORPAT,2001-12-31 23:00:00+00,2017-10-13 22:00:00+00,strangulert hernie,
1489,M31650,NORPAT,2001-12-31 23:00:00+00,,herniert vev,
1490,M31680,NORPAT,2001-12-31 23:00:00+00,2017-10-13 22:00:00+00,brokksekk,
1491,M31700,NORPAT,2001-12-31 23:00:00+00,,deformitet,
1492,M31730,NORPAT,2001-12-31 23:00:00+00,2017-10-13 22:00:00+00,pectus excavatum,
1493,M31760,NORPAT,2001-12-31 23:00:00+00,2017-10-13 22:00:00+00,bøyning,
1494,M31770,NORPAT,2001-12-31 23:00:00+00,2017-10-13 22:00:00+00,avflatning,
1495,M32100,NORPAT,2001-12-31 23:00:00+00,,ektasi,
1496,M32101,NORPAT,2001-12-31 23:00:00+00,2017-10-13 22:00:00+00,akutt dilatasjon,
1497,M32102,NORPAT,2001-12-31 23:00:00+00,2017-10-13 22:00:00+00,kronisk dilatasjon,
1498,M32103,NORPAT,2001-12-31 23:00:00+00,2017-10-13 22:00:00+00,sylindrisk dilatasjon,
1499,M32104,NORPAT,2001-12-31 23:00:00+00,2017-10-13 22:00:00+00,sakkulær dilatasjon,
1500,M32105,NORPAT,2001-12-31 23:00:00+00,2017-10-13 22:00:00+00,spolformet dilatasjon,
1501,M32106,NORPAT,2001-12-31 23:00:00+00,,cystisk dilatasjon,
1502,M32108,NORPAT,2001-12-31 23:00:00+00,2017-10-13 22:00:00+00,reversibel dilatasjon,
1503,M32120,NORPAT,2001-12-31 23:00:00+00,,poststenotisk dilatasjon,
1504,M32130,NORPAT,2001-12-31 23:00:00+00,,prestenotisk dilatasjon,
1505,M32200,NORPAT,2001-12-31 23:00:00+00,,utvidelse,
1506,M32201,NORPAT,2001-12-31 23:00:00+00,2017-10-13 22:00:00+00,akutt utvidelse,
1507,M32202,NORPAT,2001-12-31 23:00:00+00,2017-10-13 22:00:00+00,kronisk utvidelse,
1508,M32203,NORPAT,2001-12-31 23:00:00+00,2017-10-13 22:00:00+00,sylindrisk utvidelse,
1509,M32205,NORPAT,2001-12-31 23:00:00+00,2017-10-13 22:00:00+00,spolformet utvidelse,
1510,M32206,NORPAT,2001-12-31 23:00:00+00,2017-10-13 22:00:00+00,cystisk utvidelse,
1511,M32208,NORPAT,2001-12-31 23:00:00+00,2017-10-13 22:00:00+00,reversibel utvidelse,
1512,M32220,NORPAT,2001-12-31 23:00:00+00,,hyperdistensjon,
1513,M32270,NORPAT,2001-12-31 23:00:00+00,2017-10-13 22:00:00+00,hyperekspansjon,
1514,M32304,NORPAT,2001-12-31 23:00:00+00,2017-10-13 22:00:00+00,sakkulær utvidelse,
1515,M32400,NORPAT,2001-12-31 23:00:00+00,,aneurisme,
1516,M32401,NORPAT,2001-12-31 23:00:00+00,,rumpert aneurisme,
1517,M32402,NORPAT,2001-12-31 23:00:00+00,2017-10-13 22:00:00+00,multiple aneurismer,
1518,M32403,NORPAT,2001-12-31 23:00:00+00,,trombosert aneurisme,
1519,M32404,NORPAT,2001-12-31 23:00:00+00,,forkalket aneurisme,
1520,M32420,NORPAT,2001-12-31 23:00:00+00,,arteriovenøst aneurisme,
1521,M32430,NORPAT,2001-12-31 23:00:00+00,,aterosklerotisk aneurisme,
1522,M32431,NORPAT,2001-12-31 23:00:00+00,2017-10-13 22:00:00+00,rumpert aterosklerotisk aneurisme,
1523,M32433,NORPAT,2001-12-31 23:00:00+00,2017-10-13 22:00:00+00,trombosert aterosklerotisk aneurisme,
1524,M32470,NORPAT,2001-12-31 23:00:00+00,,dissekerende aneurisme,
1525,M32471,NORPAT,2001-12-31 23:00:00+00,2017-10-13 22:00:00+00,rumpert dissekerende aneurisme,
1526,M32473,NORPAT,2001-12-31 23:00:00+00,2017-10-13 22:00:00+00,trombosert dissekerende aneurisme,
1527,M32474,NORPAT,2001-12-31 23:00:00+00,2017-10-13 22:00:00+00,forkalket dissekerende aneurisme,
1528,M32480,NORPAT,2001-12-31 23:00:00+00,2017-10-13 22:00:00+00,dissekerende aneurisme med åpning tilbake i karet,
1529,M32520,NORPAT,2001-12-31 23:00:00+00,,mykotisk aneurisme,
1530,M32521,NORPAT,2001-12-31 23:00:00+00,2017-10-13 22:00:00+00,rumpert mykotisk aneurisme,
1531,M32540,NORPAT,2001-12-31 23:00:00+00,,sakkulært aneurisme,
1532,M32541,NORPAT,2001-12-31 23:00:00+00,2017-10-13 22:00:00+00,rumpert sakkulært aneurisme,
1533,M32542,NORPAT,2001-12-31 23:00:00+00,2017-10-13 22:00:00+00,multiple sakkulære aneurismer,
1534,M32543,NORPAT,2001-12-31 23:00:00+00,2017-10-13 22:00:00+00,trombosert sakkulært aneurisme,
1535,M32544,NORPAT,2001-12-31 23:00:00+00,2017-10-13 22:00:00+00,forkalket sakkulært aneurisme,
1536,M32550,NORPAT,2001-12-31 23:00:00+00,,spolformet aneurisme,
1537,M32580,NORPAT,2017-10-14 22:00:00+00,,mikroaneurisme,
1538,M32590,NORPAT,2001-12-31 23:00:00+00,,falskt aneurisme,
1539,M32591,NORPAT,2001-12-31 23:00:00+00,2017-10-13 22:00:00+00,rumpert falskt aneurisme,
1540,M32593,NORPAT,2001-12-31 23:00:00+00,2017-10-13 22:00:00+00,trombosert falskt aneurisme,
1541,M32594,NORPAT,2001-12-31 23:00:00+00,2017-10-13 22:00:00+00,forkalket falskt aneurisme,
1542,M32600,NORPAT,2001-12-31 23:00:00+00,,varice,
1543,M32601,NORPAT,2001-12-31 23:00:00+00,2017-10-13 22:00:00+00,blødende varice,
1544,M32602,NORPAT,2001-12-31 23:00:00+00,2017-10-13 22:00:00+00,prolabert åreknute,
1545,M32603,NORPAT,2001-12-31 23:00:00+00,2017-10-13 22:00:00+00,ulcerert åreknute,
1546,M32604,NORPAT,2001-12-31 23:00:00+00,2017-10-13 22:00:00+00,trombosert åreknute,
1547,M32620,NORPAT,2001-12-31 23:00:00+00,,hemoroide,
1548,M32660,NORPAT,2001-12-31 23:00:00+00,,varicocele,
1549,M32670,NORPAT,2017-10-14 22:00:00+00,,spermatocele,
1550,M32700,NORPAT,2001-12-31 23:00:00+00,,divertikkel,
1551,M32701,NORPAT,2001-12-31 23:00:00+00,2017-10-13 22:00:00+00,perforert divertikkel,
1552,M32702,NORPAT,2001-12-31 23:00:00+00,2017-10-13 22:00:00+00,solitært divertikkel,
1553,M32703,NORPAT,2001-12-31 23:00:00+00,2017-10-13 22:00:00+00,multiple divertikler,
1554,M32710,NORPAT,2001-12-31 23:00:00+00,2017-10-13 22:00:00+00,divertikulose,
1555,M32720,NORPAT,2001-12-31 23:00:00+00,2017-10-13 22:00:00+00,pulsjonsdivertikkel,
1556,M32730,NORPAT,2001-12-31 23:00:00+00,2017-10-13 22:00:00+00,traksjonsdivertikkel,
1557,M32760,NORPAT,2017-10-14 22:00:00+00,,salpingitis isthmica nodosa,
1558,M32800,NORPAT,2001-12-31 23:00:00+00,,emfysem,
1559,M32810,NORPAT,2001-12-31 23:00:00+00,2017-10-13 22:00:00+00,emfysematøs bulla,
1560,M32830,NORPAT,2001-12-31 23:00:00+00,2017-10-13 22:00:00+00,bulløst emfysem,
1561,M32840,NORPAT,2001-12-31 23:00:00+00,2017-10-13 22:00:00+00,panlobulært emfysem,
1562,M32850,NORPAT,2001-12-31 23:00:00+00,2017-10-13 22:00:00+00,centrilobulært emfysem,
1563,M32880,NORPAT,2001-12-31 23:00:00+00,2017-10-13 22:00:00+00,interstitielt emfysem,
1564,M33000,NORPAT,2001-12-31 23:00:00+00,,retensjon,
1565,M33001,NORPAT,2001-12-31 23:00:00+00,2017-10-13 22:00:00+00,akutt retensjon,
1566,M33002,NORPAT,2001-12-31 23:00:00+00,2017-10-13 22:00:00+00,kronisk retensjon,
1567,M33003,NORPAT,2001-12-31 23:00:00+00,2017-10-13 22:00:00+00,residiverende retensjon,
1568,M33010,NORPAT,2019-01-15 23:00:00+00,,sylinder,
1569,M33050,NORPAT,2017-10-14 22:00:00+00,,slim,
1570,M33060,NORPAT,2001-12-31 23:00:00+00,,gallestase,
1571,M33065,NORPAT,2001-12-31 23:00:00+00,2017-10-13 22:00:00+00,okklusjon av stor gallegang,
1572,M33070,NORPAT,2001-12-31 23:00:00+00,2017-10-13 22:00:00+00,comedon UNS,
1573,M33090,NORPAT,2001-12-31 23:00:00+00,2017-10-13 22:00:00+00,cerumenpropp,
1574,M33120,NORPAT,2001-12-31 23:00:00+00,,retensjon av mekonium,
1575,M33121,NORPAT,2017-10-14 22:00:00+00,,mekoniummakrofager,
1576,M33130,NORPAT,2001-12-31 23:00:00+00,,miliaria,
1577,M33140,NORPAT,2001-12-31 23:00:00+00,2017-10-13 22:00:00+00,miliaria crystallina,
1578,M33150,NORPAT,2001-12-31 23:00:00+00,2017-10-13 22:00:00+00,miliaria rubra,
1579,M33170,NORPAT,2001-12-31 23:00:00+00,,keratinplugg,
1580,M33180,NORPAT,2001-12-31 23:00:00+00,2017-10-13 22:00:00+00,"apokrin miliaria, Fox-Fordyce",
1581,M33190,NORPAT,2001-12-31 23:00:00+00,,cheilitis glandularis,
1582,M33200,NORPAT,2001-12-31 23:00:00+00,,mucocele,
1583,M33220,NORPAT,2001-12-31 23:00:00+00,,galaktocele,
1584,M33300,NORPAT,2001-12-31 23:00:00+00,,retensjon av væske,
1585,M33320,NORPAT,2001-12-31 23:00:00+00,,hydrocefalus,
1586,M33321,NORPAT,2001-12-31 23:00:00+00,2017-10-13 22:00:00+00,kommuniserende hydrocefalus,
1587,M33322,NORPAT,2001-12-31 23:00:00+00,2017-10-13 22:00:00+00,ikke-kommuniserende hydrocefalus,
1588,M33330,NORPAT,2001-12-31 23:00:00+00,2017-10-13 22:00:00+00,"hydrocefalus, ex vacuo-type",
1589,M33340,NORPAT,2001-12-31 23:00:00+00,2017-10-13 22:00:00+00,intern hydrocefalus,
1590,M33350,NORPAT,2001-12-31 23:00:00+00,2017-10-13 22:00:00+00,ekstern hydrocefalus,
1591,M33380,NORPAT,2001-12-31 23:00:00+00,,hydrocele,
1592,M33400,NORPAT,2001-12-31 23:00:00+00,,cyste,
1593,M33401,NORPAT,2001-12-31 23:00:00+00,2017-10-13 22:00:00+00,unilokulær cyste,
1594,M33402,NORPAT,2001-12-31 23:00:00+00,,rumpert cyste,1592
1595,M33404,NORPAT,2001-12-31 23:00:00+00,2017-10-13 22:00:00+00,solitær cyste,
1596,M33405,NORPAT,2001-12-31 23:00:00+00,2017-10-13 22:00:00+00,multiple cyster,
1597,M33406,NORPAT,2001-12-31 23:00:00+00,2017-10-13 22:00:00+00,multilokulær cyste,
1598,M33407,NORPAT,2001-12-31 23:00:00+00,2017-10-13 22:00:00+00,dattercyste,
1599,M33408,NORPAT,2001-12-31 23:00:00+00,2017-10-13 22:00:00+00,kollabert cyste,
1600,M33410,NORPAT,2001-12-31 23:00:00+00,,epidermoidcyste,1592
1601,M33412,NORPAT,2001-12-31 23:00:00+00,,rumpert epidermoidcyste,1592
1602,M33414,NORPAT,2001-12-31 23:00:00+00,2017-10-13 22:00:00+00,solitær epidermoidcyste,
1603,M33415,NORPAT,2001-12-31 23:00:00+00,2017-10-13 22:00:00+00,multiple epidermoidcyster,
1604,M33417,NORPAT,2001-12-31 23:00:00+00,2017-10-13 22:00:00+00,datterepidermoidcyster,
1605,M33418,NORPAT,2001-12-31 23:00:00+00,2017-10-13 22:00:00+00,kollabert epidermoid cyste,
1606,M3341A,NORPAT,2017-10-14 22:00:00+00,,retensjonscyste,1592
1607,M33420,NORPAT,2001-12-31 23:00:00+00,,epitelial cyste,1592
1608,M33430,NORPAT,2001-12-31 23:00:00+00,,talgkjertelcyste,1592
1609,M33450,NORPAT,2001-12-31 23:00:00+00,,steatocystoma multiplex,1592
1610,M33470,NORPAT,2001-12-31 23:00:00+00,,tricholemmacyste,1592
1611,M33472,NORPAT,2001-12-31 23:00:00+00,,rumpert tricholemmacyste,1592
1612,M33490,NORPAT,2001-12-31 23:00:00+00,,pseudocyste,1592
1613,M33500,NORPAT,2001-12-31 23:00:00+00,,follikkelcyste,1592
1614,M33510,NORPAT,2001-12-31 23:00:00+00,,luteinisert follikkelcyste,1592
1615,M33515,NORPAT,2017-10-14 22:00:00+00,,hyperreactio luteinalis,1592
1616,M33520,NORPAT,2001-12-31 23:00:00+00,,corpus luteumcyste,1592
1617,M33522,NORPAT,2001-12-31 23:00:00+00,,rumpert corpus luteumcyste,1592
1618,M33530,NORPAT,2001-12-31 23:00:00+00,,endometriosecyste,1592
1619,M33540,NORPAT,2001-12-31 23:00:00+00,,blødningscyste,1592
1620,M33550,NORPAT,2001-12-31 23:00:00+00,2017-10-13 22:00:00+00,germinal inklusjonscyste,
1621,M33560,NORPAT,2001-12-31 23:00:00+00,,ranula,1592
1622,M33600,NORPAT,2001-12-31 23:00:00+00,,ganglion,1592
1623,M33602,NORPAT,2001-12-31 23:00:00+00,2017-10-13 22:00:00+00,rumpert ganglion,
1624,M33605,NORPAT,2001-12-31 23:00:00+00,2017-10-13 22:00:00+00,multiple ganglier,
1625,M33620,NORPAT,2001-12-31 23:00:00+00,,bursacyste,1592
1626,M33640,NORPAT,2001-12-31 23:00:00+00,,aneurysmal bencyste,1592
1627,M33680,NORPAT,2001-12-31 23:00:00+00,,mesotelcyste,1592
1628,M33700,NORPAT,2001-12-31 23:00:00+00,,parasittær cyste,1592
1629,M33702,NORPAT,2001-12-31 23:00:00+00,2017-10-13 22:00:00+00,rumpert parasittær cyste,
1630,M33704,NORPAT,2001-12-31 23:00:00+00,2017-10-13 22:00:00+00,solitær parasittær cyste,
1631,M33705,NORPAT,2001-12-31 23:00:00+00,2017-10-13 22:00:00+00,multiple parasittære cyster,
1632,M33707,NORPAT,2001-12-31 23:00:00+00,2017-10-13 22:00:00+00,parasittære dattercyster,
1633,M33760,NORPAT,2001-12-31 23:00:00+00,,forkalket cyste,1592
1634,M33765,NORPAT,2001-12-31 23:00:00+00,2017-10-13 22:00:00+00,multiple forkalkede cyster,
1635,M33770,NORPAT,2001-12-31 23:00:00+00,,serøs cyste,1592
1636,M33772,NORPAT,2001-12-31 23:00:00+00,,rumpert serøs cyste,1592
1637,M33774,NORPAT,2001-12-31 23:00:00+00,2017-10-13 22:00:00+00,solitær serøs cyste,
1638,M33775,NORPAT,2001-12-31 23:00:00+00,2017-10-13 22:00:00+00,multiple serøse cyster,
1639,M33776,NORPAT,2001-12-31 23:00:00+00,2017-10-13 22:00:00+00,multilokulær serøs cyste,
1640,M33777,NORPAT,2001-12-31 23:00:00+00,2017-10-13 22:00:00+00,serøse dattercyster,
1641,M33778,NORPAT,2001-12-31 23:00:00+00,2017-10-13 22:00:00+00,kollabert serøs cyste,
1642,M33780,NORPAT,2001-12-31 23:00:00+00,,kyløs cyste,1592
1643,M33782,NORPAT,2001-12-31 23:00:00+00,,rumpert kyløs cyste,1592
1644,M33790,NORPAT,2001-12-31 23:00:00+00,,mucinøs cyste,1592
1645,M33792,NORPAT,2001-12-31 23:00:00+00,,rumpert mucinøs cyste,1592
1646,M33794,NORPAT,2001-12-31 23:00:00+00,2017-10-13 22:00:00+00,solitær mukøs cyste,
1647,M33795,NORPAT,2001-12-31 23:00:00+00,2017-10-13 22:00:00+00,multiple mukøse cyster,
1648,M33796,NORPAT,2001-12-31 23:00:00+00,2017-10-13 22:00:00+00,multilokulær mukøs cyste,
1649,M33797,NORPAT,2001-12-31 23:00:00+00,2017-10-13 22:00:00+00,mukøse dattercyster,
1650,M33798,NORPAT,2001-12-31 23:00:00+00,2017-10-13 22:00:00+00,kollabert mukøs cyste,
1651,M33800,NORPAT,2001-12-31 23:00:00+00,,polycystiske forandringer,1592
1652,M33820,NORPAT,2001-12-31 23:00:00+00,,multicystisk nyre,1592
1653,M33830,NORPAT,2001-12-31 23:00:00+00,2017-10-13 22:00:00+00,Stein-Leventhal ovarier,
1654,M33900,NORPAT,2001-12-31 23:00:00+00,2017-10-13 22:00:00+00,gassretensjon,
1655,M33910,NORPAT,2001-12-31 23:00:00+00,2017-10-13 22:00:00+00,cystisk intestinal pneumatose,
1656,M33930,NORPAT,2001-12-31 23:00:00+00,2017-10-13 22:00:00+00,emfysematøs vaginitt,
1657,M33960,NORPAT,2001-12-31 23:00:00+00,2017-10-13 22:00:00+00,pneumatocele,
1658,M34000,NORPAT,2001-12-31 23:00:00+00,,okklusjon,
1659,M34001,NORPAT,2001-12-31 23:00:00+00,2017-10-13 22:00:00+00,akutt okklusjon,
1660,M34002,NORPAT,2001-12-31 23:00:00+00,2017-10-13 22:00:00+00,kronisk okklusjon,
1661,M34003,NORPAT,2001-12-31 23:00:00+00,2017-10-13 22:00:00+00,intermitterende okklusjon,
1662,M34004,NORPAT,2001-12-31 23:00:00+00,2017-10-13 22:00:00+00,progredierende okklusjon,
1663,M34005,NORPAT,2001-12-31 23:00:00+00,2017-10-13 22:00:00+00,komplett okklusjon,
1664,M34006,NORPAT,2001-12-31 23:00:00+00,2017-10-13 22:00:00+00,partiell okklusjon,
1665,M34030,NORPAT,2019-01-15 23:00:00+00,,paralytisk ileus,
1666,M34040,NORPAT,2019-01-15 23:00:00+00,,mekanisk ileus,
1667,M34100,NORPAT,2001-12-31 23:00:00+00,,stenose,
1668,M34110,NORPAT,2001-12-31 23:00:00+00,2017-10-13 22:00:00+00,forkalket stenose,
1669,M34130,NORPAT,2001-12-31 23:00:00+00,2017-10-13 22:00:00+00,hypertrofisk stenose,
1670,M34140,NORPAT,2001-12-31 23:00:00+00,2017-10-13 22:00:00+00,øsofageal kontraksjonsring (Schatzki),
1671,M34160,NORPAT,2001-12-31 23:00:00+00,2017-10-13 22:00:00+00,arraktig stenose UNS,
1672,M34170,NORPAT,2001-12-31 23:00:00+00,,fimose,
1673,M34200,NORPAT,2001-12-31 23:00:00+00,2017-10-13 22:00:00+00,torsjon og knekkdannelse,
1674,M34210,NORPAT,2001-12-31 23:00:00+00,,torsjon,
1675,M34220,NORPAT,2001-12-31 23:00:00+00,,volvulus,
1676,M34240,NORPAT,2001-12-31 23:00:00+00,,knekkdannelse,
1677,M34300,NORPAT,2001-12-31 23:00:00+00,,kollaps,
1678,M34301,NORPAT,2001-12-31 23:00:00+00,2017-10-13 22:00:00+00,akutt kollaps,
1679,M34302,NORPAT,2001-12-31 23:00:00+00,2017-10-13 22:00:00+00,kronisk kollaps,
1680,M34303,NORPAT,2001-12-31 23:00:00+00,2017-10-13 22:00:00+00,primært kollaps,
1681,M34304,NORPAT,2001-12-31 23:00:00+00,2017-10-13 22:00:00+00,sekundært kollaps,
1682,M34310,NORPAT,2001-12-31 23:00:00+00,,atelektase,
1683,M34340,NORPAT,2001-12-31 23:00:00+00,2017-10-13 22:00:00+00,fokal/partiell atelektase,
1684,M34350,NORPAT,2001-12-31 23:00:00+00,2017-10-13 22:00:00+00,total atelektase,
1685,M34360,NORPAT,2001-12-31 23:00:00+00,2017-10-13 22:00:00+00,atelektase p.g.a. obstruksjon,
1686,M34370,NORPAT,2001-12-31 23:00:00+00,2017-10-13 22:00:00+00,atelektase p.g.a. kompresjon,
1687,M35000,NORPAT,2001-12-31 23:00:00+00,,blodkoagel,
1688,M35050,NORPAT,2001-12-31 23:00:00+00,,fibrin,
1689,M35100,NORPAT,2001-12-31 23:00:00+00,,trombe,
1690,M35101,NORPAT,2001-12-31 23:00:00+00,2017-10-13 22:00:00+00,fersk trombe,
1691,M35102,NORPAT,2001-12-31 23:00:00+00,2017-10-13 22:00:00+00,trombe i organisering,
1692,M35103,NORPAT,2001-12-31 23:00:00+00,2017-10-13 22:00:00+00,organisert trombe,
1693,M35104,NORPAT,2001-12-31 23:00:00+00,,forkalket trombe,
1694,M35105,NORPAT,2001-12-31 23:00:00+00,2017-10-13 22:00:00+00,lagdelt trombe,
1695,M35106,NORPAT,2001-12-31 23:00:00+00,2017-10-13 22:00:00+00,systemisk trombosering,
1696,M35107,NORPAT,2001-12-31 23:00:00+00,2017-10-13 22:00:00+00,residiverende trombosering,
1697,M35110,NORPAT,2001-12-31 23:00:00+00,,okkluderende trombe,
1698,M35111,NORPAT,2001-12-31 23:00:00+00,2017-10-13 22:00:00+00,fersk okkluderende trombe,
1699,M35112,NORPAT,2001-12-31 23:00:00+00,2017-10-13 22:00:00+00,okkluderende trombe i organisering,
1700,M35113,NORPAT,2001-12-31 23:00:00+00,2017-10-13 22:00:00+00,organisert okkluderende trombe,
1701,M35114,NORPAT,2001-12-31 23:00:00+00,2017-10-13 22:00:00+00,forkalket okkluderende trombe,
1702,M35115,NORPAT,2001-12-31 23:00:00+00,2017-10-13 22:00:00+00,lagdelt okkluderende trombe,
1703,M35120,NORPAT,2001-12-31 23:00:00+00,,ikke-okkluderende trombe,
1704,M35121,NORPAT,2001-12-31 23:00:00+00,2017-10-13 22:00:00+00,fersk ikke-okkluderende trombe,
1705,M35122,NORPAT,2001-12-31 23:00:00+00,2017-10-13 22:00:00+00,fersk ikke-okkluderende trombe i organisering,
1706,M35123,NORPAT,2001-12-31 23:00:00+00,2017-10-13 22:00:00+00,organisert ikke-okkluderende trombe,
1707,M35124,NORPAT,2001-12-31 23:00:00+00,2017-10-13 22:00:00+00,forkalket ikke-okkluderende trombe,
1708,M35130,NORPAT,2001-12-31 23:00:00+00,,mural trombe,
1709,M35131,NORPAT,2001-12-31 23:00:00+00,2017-10-13 22:00:00+00,fersk mural trombe,
1710,M35132,NORPAT,2001-12-31 23:00:00+00,2017-10-13 22:00:00+00,mural trombe i organisering,
1711,M35133,NORPAT,2001-12-31 23:00:00+00,2017-10-13 22:00:00+00,organisert mural trombe,
1712,M35134,NORPAT,2001-12-31 23:00:00+00,2017-10-13 22:00:00+00,forkalket mural trombe,
1713,M35135,NORPAT,2001-12-31 23:00:00+00,2017-10-13 22:00:00+00,lagdelt mural trombe,
1714,M35140,NORPAT,2001-12-31 23:00:00+00,,rekanalisert trombe,
1715,M35150,NORPAT,2001-12-31 23:00:00+00,,fibrintrombe,
1716,M35160,NORPAT,2001-12-31 23:00:00+00,,platetrombe,
1717,M35170,NORPAT,2001-12-31 23:00:00+00,2017-10-13 22:00:00+00,stilket trombe,
1718,M35190,NORPAT,2001-12-31 23:00:00+00,,venetrombose,
1719,M35200,NORPAT,2017-10-14 22:00:00+00,,trombotisk mikroangiopati,
1720,M35300,NORPAT,2001-12-31 23:00:00+00,,embolus,
1721,M35301,NORPAT,2001-12-31 23:00:00+00,2017-10-13 22:00:00+00,massiv emboli,
1722,M35302,NORPAT,2001-12-31 23:00:00+00,2017-10-13 22:00:00+00,paradoks emboli,
1723,M35303,NORPAT,2001-12-31 23:00:00+00,2017-10-13 22:00:00+00,multiple embolier,
1724,M35304,NORPAT,2001-12-31 23:00:00+00,2017-10-13 22:00:00+00,overridende embolus,
1725,M35320,NORPAT,2001-12-31 23:00:00+00,,luftembolus,
1726,M35321,NORPAT,2001-12-31 23:00:00+00,2017-10-13 22:00:00+00,massiv luftemboli,
1727,M35330,NORPAT,2001-12-31 23:00:00+00,,benmargsembolus,
1728,M35331,NORPAT,2001-12-31 23:00:00+00,2017-10-13 22:00:00+00,massiv benmargsemboli,
1729,M35333,NORPAT,2001-12-31 23:00:00+00,2017-10-13 22:00:00+00,multiple benmargsemboli,
1730,M35340,NORPAT,2001-12-31 23:00:00+00,,amnionvæskeembolus,
1731,M35341,NORPAT,2001-12-31 23:00:00+00,2017-10-13 22:00:00+00,massiv amnionvæskeemboli,
1732,M35350,NORPAT,2001-12-31 23:00:00+00,,fremmedlegemeembolus,
1733,M35360,NORPAT,2001-12-31 23:00:00+00,,kolesterolembolus,
1734,M35361,NORPAT,2001-12-31 23:00:00+00,2017-10-13 22:00:00+00,massiv kolesterolemboli,
1735,M35363,NORPAT,2001-12-31 23:00:00+00,2017-10-13 22:00:00+00,multiple kolesterolemboli,
1736,M35380,NORPAT,2001-12-31 23:00:00+00,,parasittembolus,
1737,M35390,NORPAT,2001-12-31 23:00:00+00,,septisk embolus,
1738,M35391,NORPAT,2001-12-31 23:00:00+00,2017-10-13 22:00:00+00,massiv septisk embolisering,
1739,M35393,NORPAT,2001-12-31 23:00:00+00,2017-10-13 22:00:00+00,multiple septiske emboli,
1740,M35400,NORPAT,2001-12-31 23:00:00+00,,vevsembolus,
1741,M35401,NORPAT,2001-12-31 23:00:00+00,2017-10-13 22:00:00+00,massiv vevsembolisering,
1742,M35403,NORPAT,2001-12-31 23:00:00+00,2017-10-13 22:00:00+00,multiple vevsemboli,
1743,M35410,NORPAT,2001-12-31 23:00:00+00,,tumorembolus,
1744,M35411,NORPAT,2001-12-31 23:00:00+00,2017-10-13 22:00:00+00,massiv tumorembolisering,
1745,M35413,NORPAT,2001-12-31 23:00:00+00,2017-10-13 22:00:00+00,multiple tumoremboli,
1746,M35430,NORPAT,2001-12-31 23:00:00+00,,benvevsembolus,
1747,M35440,NORPAT,2001-12-31 23:00:00+00,,oljeembolus,
1748,M35450,NORPAT,2001-12-31 23:00:00+00,,fettembolus,
1749,M35451,NORPAT,2001-12-31 23:00:00+00,2017-10-13 22:00:00+00,massiv fettemboli ved fettembolisyndrom,
1750,M35453,NORPAT,2001-12-31 23:00:00+00,2017-10-13 22:00:00+00,multiple fettembolier,
1751,M36002,NORPAT,2001-12-31 23:00:00+00,2017-10-13 22:00:00+00,subakutt blødning,
1752,M36050,NORPAT,2001-12-31 23:00:00+00,,sirkulasjonsforstyrrelser,
1753,M36060,NORPAT,2017-10-14 22:00:00+00,,maternell sirkulasjonsforstyrrelse,
1754,M36070,NORPAT,2017-10-14 22:00:00+00,,decidual sirkulasjonsforstyrrelse,
1755,M36100,NORPAT,2001-12-31 23:00:00+00,,stuvning,
1756,M36101,NORPAT,2001-12-31 23:00:00+00,2017-10-13 22:00:00+00,akutt stuvning,
1757,M36102,NORPAT,2001-12-31 23:00:00+00,2017-10-13 22:00:00+00,kronisk stuvning,
1758,M36110,NORPAT,2001-12-31 23:00:00+00,,hyperemi,
1759,M36111,NORPAT,2001-12-31 23:00:00+00,2017-10-13 22:00:00+00,akutt hyperemi,
1760,M36112,NORPAT,2001-12-31 23:00:00+00,2017-10-13 22:00:00+00,kronisk hyperemi,
1761,M36120,NORPAT,2001-12-31 23:00:00+00,2017-10-13 22:00:00+00,aktiv hyperemi,
1762,M36121,NORPAT,2001-12-31 23:00:00+00,2017-10-13 22:00:00+00,akutt aktiv hyperemi,
1763,M36122,NORPAT,2001-12-31 23:00:00+00,2017-10-13 22:00:00+00,kronisk aktiv hyperemi,
1764,M36140,NORPAT,2001-12-31 23:00:00+00,2017-10-13 22:00:00+00,passiv hyperemi,
1765,M36141,NORPAT,2001-12-31 23:00:00+00,2017-10-13 22:00:00+00,akutt passiv hyperemi,
1766,M36142,NORPAT,2001-12-31 23:00:00+00,2017-10-13 22:00:00+00,kronisk passiv hyperemi,
1767,M36150,NORPAT,2001-12-31 23:00:00+00,,venestuvning,
1768,M36151,NORPAT,2001-12-31 23:00:00+00,2017-10-13 22:00:00+00,akutt venestuvning,
1769,M36152,NORPAT,2001-12-31 23:00:00+00,2017-10-13 22:00:00+00,kronisk venestuvning,
1770,M36200,NORPAT,2001-12-31 23:00:00+00,,lekkasje,
1771,M36201,NORPAT,2001-12-31 23:00:00+00,2017-10-13 22:00:00+00,innkapslet lekkasje,
1772,M36202,NORPAT,2001-12-31 23:00:00+00,2017-10-13 22:00:00+00,lekkasje ved høyt trykk,
1773,M36204,NORPAT,2001-12-31 23:00:00+00,2017-10-13 22:00:00+00,indre lekkasje,
1774,M36205,NORPAT,2001-12-31 23:00:00+00,2017-10-13 22:00:00+00,ytre lekkasje,
1775,M36206,NORPAT,2001-12-31 23:00:00+00,2017-10-13 22:00:00+00,spontan lekkasje,
1776,M36207,NORPAT,2001-12-31 23:00:00+00,2017-10-13 22:00:00+00,lekkasje i lokulamentform,
1777,M36220,NORPAT,2001-12-31 23:00:00+00,2017-10-13 22:00:00+00,lekkasje av urin,
1778,M36230,NORPAT,2001-12-31 23:00:00+00,2017-10-13 22:00:00+00,lekkasje av galle,
1779,M36250,NORPAT,2001-12-31 23:00:00+00,2017-10-13 22:00:00+00,lekkasje av fæces,
1780,M36260,NORPAT,2001-12-31 23:00:00+00,2017-10-13 22:00:00+00,lekkasje av mekonium,
1781,M36270,NORPAT,2001-12-31 23:00:00+00,2017-10-13 22:00:00+00,lekkasje av gass,
1782,M36290,NORPAT,2001-12-31 23:00:00+00,2017-10-13 22:00:00+00,lekkasje av cerebrospinalvæske,
1783,M36300,NORPAT,2001-12-31 23:00:00+00,,væskeansamling,
1784,M36301,NORPAT,2001-12-31 23:00:00+00,2017-10-13 22:00:00+00,innkapslet væskeansamling,
1785,M36302,NORPAT,2001-12-31 23:00:00+00,2017-10-13 22:00:00+00,multiple væskeansamlinger,
1786,M36303,NORPAT,2001-12-31 23:00:00+00,2017-10-13 22:00:00+00,væskeansamlinger i lokulamentform,
1787,M36310,NORPAT,2001-12-31 23:00:00+00,,transsudat,
1788,M36320,NORPAT,2001-12-31 23:00:00+00,2017-10-13 22:00:00+00,serofibrinøs væskeansamling,
1789,M36330,NORPAT,2001-12-31 23:00:00+00,2017-10-13 22:00:00+00,serosanguinøs væskeansamling,
1790,M36340,NORPAT,2001-12-31 23:00:00+00,2017-10-13 22:00:00+00,chylusvæske-ansamling,
1791,M36350,NORPAT,2001-12-31 23:00:00+00,,vesikkel,
1792,M36353,NORPAT,2001-12-31 23:00:00+00,2017-10-13 22:00:00+00,multiple vesikler,
1793,M36360,NORPAT,2001-12-31 23:00:00+00,,bulla,
1794,M36363,NORPAT,2001-12-31 23:00:00+00,2017-10-13 22:00:00+00,multiple bullae,
1795,M36370,NORPAT,2001-12-31 23:00:00+00,,eksudat,
1796,M36380,NORPAT,2001-12-31 23:00:00+00,,kruste,
1797,M36400,NORPAT,2001-12-31 23:00:00+00,2017-10-13 22:00:00+00,ansamling av væske og gass,
1798,M36440,NORPAT,2001-12-31 23:00:00+00,2017-10-13 22:00:00+00,ansamling av chylus og gass,
1799,M36500,NORPAT,2001-12-31 23:00:00+00,,ødem,
1800,M36501,NORPAT,2001-12-31 23:00:00+00,2017-10-13 22:00:00+00,akutt ødem,
1801,M36502,NORPAT,2001-12-31 23:00:00+00,2017-10-13 22:00:00+00,kronisk ødem,
1802,M36503,NORPAT,2001-12-31 23:00:00+00,2017-10-13 22:00:00+00,terminalt ødem,
1803,M36504,NORPAT,2001-12-31 23:00:00+00,2017-10-13 22:00:00+00,"""pitting"" ødem",
1804,M36505,NORPAT,2001-12-31 23:00:00+00,2017-10-13 22:00:00+00,paroksysmalt ødem,
1805,M36506,NORPAT,2001-12-31 23:00:00+00,2017-10-13 22:00:00+00,forbigående ødem,
1806,M36507,NORPAT,2001-12-31 23:00:00+00,2017-10-13 22:00:00+00,massivt ødem,
1807,M36508,NORPAT,2001-12-31 23:00:00+00,2017-10-13 22:00:00+00,"""non-pitting"" ødem",
1808,M36509,NORPAT,2001-12-31 23:00:00+00,2017-10-13 22:00:00+00,sekundært ødem,
1809,M36510,NORPAT,2001-12-31 23:00:00+00,2017-10-13 22:00:00+00,lokalisert ødem,
1810,M36550,NORPAT,2001-12-31 23:00:00+00,2017-10-13 22:00:00+00,generalisert ødem,
1811,M36600,NORPAT,2001-12-31 23:00:00+00,2017-10-13 22:00:00+00,"ødem, subepidermalt",
1812,M36620,NORPAT,2001-12-31 23:00:00+00,,spongiose,
1813,M36640,NORPAT,2001-12-31 23:00:00+00,2017-10-13 22:00:00+00,artefisielt ødem,
1814,M36660,NORPAT,2001-12-31 23:00:00+00,2017-10-13 22:00:00+00,lymfødem,
1815,M36670,NORPAT,2001-12-31 23:00:00+00,2017-10-13 22:00:00+00,elefantiasis,
1816,M36800,NORPAT,2001-12-31 23:00:00+00,2017-10-13 22:00:00+00,utflod UNS,
1817,M36810,NORPAT,2001-12-31 23:00:00+00,2017-10-13 22:00:00+00,blodig utflod,
1818,M36820,NORPAT,2001-12-31 23:00:00+00,2017-10-13 22:00:00+00,blodtilblandet utflod,
1819,M37000,NORPAT,2001-12-31 23:00:00+00,,blødning,
1820,M37001,NORPAT,2001-12-31 23:00:00+00,,akutt blødning,
1821,M37003,NORPAT,2001-12-31 23:00:00+00,,kronisk blødning,
1822,M37004,NORPAT,2001-12-31 23:00:00+00,2017-10-13 22:00:00+00,massiv blødning,
1823,M37005,NORPAT,2001-12-31 23:00:00+00,2017-10-13 22:00:00+00,diffus blødning,
1824,M37006,NORPAT,2001-12-31 23:00:00+00,2017-10-13 22:00:00+00,lokalisert blødning,
1825,M37007,NORPAT,2001-12-31 23:00:00+00,2017-10-13 22:00:00+00,okkult blødning,
1826,M37008,NORPAT,2001-12-31 23:00:00+00,2017-10-13 22:00:00+00,blødning med ukjent utgangspunkt,
1827,M37010,NORPAT,2001-12-31 23:00:00+00,2017-10-13 22:00:00+00,ekkymose,
1828,M37020,NORPAT,2001-12-31 23:00:00+00,,petekkial blødning,
1829,M37030,NORPAT,2001-12-31 23:00:00+00,2017-10-13 22:00:00+00,diapedese,
1830,M37040,NORPAT,2001-12-31 23:00:00+00,2017-10-13 22:00:00+00,intramural blødning,
1831,M37050,NORPAT,2001-12-31 23:00:00+00,2017-10-13 22:00:00+00,peliose,
1832,M37080,NORPAT,2001-12-31 23:00:00+00,2017-10-13 22:00:00+00,subkapsulær blødning,
1833,M37090,NORPAT,2001-12-31 23:00:00+00,2017-10-13 22:00:00+00,dissekerende blødning,
1834,M37100,NORPAT,2001-12-31 23:00:00+00,,hematom,
1835,M37101,NORPAT,2001-12-31 23:00:00+00,,akutt hematom,
1836,M37104,NORPAT,2001-12-31 23:00:00+00,2017-10-13 22:00:00+00,massivt hematom,
1837,M37120,NORPAT,2001-12-31 23:00:00+00,2017-10-13 22:00:00+00,hematom i organisering,
1838,M37130,NORPAT,2001-12-31 23:00:00+00,,forkalket hematom,
1839,M37140,NORPAT,2001-12-31 23:00:00+00,2017-10-13 22:00:00+00,intramuralt hematom,
1840,M37200,NORPAT,2001-12-31 23:00:00+00,2017-10-13 22:00:00+00,ansamling av blod og gass UNS,
1841,M37300,NORPAT,2001-12-31 23:00:00+00,,purpura,
1842,M37320,NORPAT,2001-12-31 23:00:00+00,2017-10-13 22:00:00+00,non-inflammatorisk purpura,
1843,M37600,NORPAT,2017-10-14 22:00:00+00,,føtal trombotisk vaskulopati,
1844,M38000,NORPAT,2001-12-31 23:00:00+00,,ulcus,
1845,M38001,NORPAT,2001-12-31 23:00:00+00,2017-10-13 22:00:00+00,blødende ulcus,
1846,M38002,NORPAT,2001-12-31 23:00:00+00,2017-10-13 22:00:00+00,behandlingsresistent ulcus,
1847,M38003,NORPAT,2001-12-31 23:00:00+00,,perforert ulcus,
1848,M38004,NORPAT,2001-12-31 23:00:00+00,2017-10-13 22:00:00+00,perforerende ulcus,
1849,M38005,NORPAT,2001-12-31 23:00:00+00,2017-10-13 22:00:00+00,overfladisk ulcus,
1850,M38006,NORPAT,2001-12-31 23:00:00+00,2017-10-13 22:00:00+00,residiverende ulcus,
1851,M38007,NORPAT,2001-12-31 23:00:00+00,2017-10-13 22:00:00+00,ulcus i tilheling,
1852,M38008,NORPAT,2001-12-31 23:00:00+00,2017-10-13 22:00:00+00,tilhelet ulcus,
1853,M3800X,NORPAT,2001-12-31 23:00:00+00,2017-10-13 22:00:00+00,multiple ulcera,
1854,M3800Y,NORPAT,2001-12-31 23:00:00+00,2017-10-13 22:00:00+00,penetrerende ulcus,
1855,M38020,NORPAT,2001-12-31 23:00:00+00,2017-10-13 22:00:00+00,kronisk ulcus,
1856,M38060,NORPAT,2001-12-31 23:00:00+00,2017-10-13 22:00:00+00,Curlings ulcus,
1857,M38070,NORPAT,2001-12-31 23:00:00+00,2017-10-13 22:00:00+00,stressulcus,
1858,M38080,NORPAT,2001-12-31 23:00:00+00,2017-10-13 22:00:00+00,ulcus i anastomose,
1859,M38150,NORPAT,2001-12-31 23:00:00+00,2017-10-13 22:00:00+00,Barretts ulcus,
1860,M38160,NORPAT,2001-12-31 23:00:00+00,2017-10-13 22:00:00+00,sterkoral sår,
1861,M38180,NORPAT,2001-12-31 23:00:00+00,2017-10-13 22:00:00+00,tropisk ulcus,
1862,M38240,NORPAT,2001-12-31 23:00:00+00,,aftøst sår,
1863,M38250,NORPAT,2001-12-31 23:00:00+00,2017-10-13 22:00:00+00,lite aftøst sår,
1864,M38260,NORPAT,2001-12-31 23:00:00+00,2017-10-13 22:00:00+00,stort aftøst sår,
1865,M38420,NORPAT,2001-12-31 23:00:00+00,2017-10-13 22:00:00+00,ecthyma gangrenosum,
1866,M38440,NORPAT,2001-12-31 23:00:00+00,,faktitielt sår,
1867,M39100,NORPAT,2001-12-31 23:00:00+00,,sekvester,
1868,M39110,NORPAT,2001-12-31 23:00:00+00,,løst legeme i ledd,
1869,M39200,NORPAT,2001-12-31 23:00:00+00,2017-10-13 22:00:00+00,fenestrering UNS,
1870,M39250,NORPAT,2001-12-31 23:00:00+00,2017-10-13 22:00:00+00,kanalisering UNS,
1871,M39260,NORPAT,2001-12-31 23:00:00+00,2017-10-13 22:00:00+00,rekanalisering,
1872,M39300,NORPAT,2001-12-31 23:00:00+00,,ervervet fistel,
1873,M39301,NORPAT,2001-12-31 23:00:00+00,2017-10-13 22:00:00+00,spontan ervervet fistel,
1874,M39302,NORPAT,2001-12-31 23:00:00+00,2017-10-13 22:00:00+00,traumatisk ervervet fistel,
1875,M39303,NORPAT,2001-12-31 23:00:00+00,2017-10-13 22:00:00+00,kirurgisk ervervet fistel,
1876,M39340,NORPAT,2001-12-31 23:00:00+00,2017-10-13 22:00:00+00,inkomplett ervervet fistel,
1877,M39370,NORPAT,2001-12-31 23:00:00+00,2017-10-13 22:00:00+00,ervervet arteriovenøs fistel,
1878,M39371,NORPAT,2001-12-31 23:00:00+00,2017-10-13 22:00:00+00,spontan arteriovenøs fistel,
1879,M39372,NORPAT,2001-12-31 23:00:00+00,2017-10-13 22:00:00+00,traumatisk arteriovenøs fistel,
1880,M39373,NORPAT,2001-12-31 23:00:00+00,2017-10-13 22:00:00+00,kirurgisk ervervet fistel,
1881,M39400,NORPAT,2001-12-31 23:00:00+00,,hulrom,
1882,M39401,NORPAT,2001-12-31 23:00:00+00,2017-10-13 22:00:00+00,sammenfalt hulrom,
1883,M39402,NORPAT,2001-12-31 23:00:00+00,2017-10-13 22:00:00+00,rumpert hulrom,
1884,M39403,NORPAT,2001-12-31 23:00:00+00,2017-10-13 22:00:00+00,avlukket hulrom,
1885,M39404,NORPAT,2001-12-31 23:00:00+00,2017-10-13 22:00:00+00,kommuniserende hulrom,
1886,M39450,NORPAT,2001-12-31 23:00:00+00,2017-10-13 22:00:00+00,syrinxstruktur,
1887,M39500,NORPAT,2001-12-31 23:00:00+00,2017-10-13 22:00:00+00,caries UNS,
1888,M39800,NORPAT,2001-12-31 23:00:00+00,,perforasjon,
1889,M39810,NORPAT,2001-12-31 23:00:00+00,2017-10-13 22:00:00+00,spontan perforasjon,
1890,M39820,NORPAT,2001-12-31 23:00:00+00,2017-10-13 22:00:00+00,perforasjon på grunn av fremmedlegeme,
1891,M40000,NORPAT,2001-12-31 23:00:00+00,,betennelse,
1892,M40001,NORPAT,2001-12-31 23:00:00+00,2017-10-13 22:00:00+00,fokal betennelse,
1893,M40002,NORPAT,2001-12-31 23:00:00+00,2017-10-13 22:00:00+00,konfluerende betennelse,
1894,M40003,NORPAT,2001-12-31 23:00:00+00,2017-10-13 22:00:00+00,multifokal betennelse,
1895,M40004,NORPAT,2001-12-31 23:00:00+00,2017-10-13 22:00:00+00,residiverende betennelse,
1896,M40005,NORPAT,2001-12-31 23:00:00+00,2017-10-13 22:00:00+00,aktiv betennelse,
1897,M40006,NORPAT,2001-12-31 23:00:00+00,2017-10-13 22:00:00+00,persisterende betennelse,
1898,M40007,NORPAT,2001-12-31 23:00:00+00,2017-10-13 22:00:00+00,progredierende betennelse,
1899,M40008,NORPAT,2001-12-31 23:00:00+00,2017-10-13 22:00:00+00,atypisk betennelse,
1900,M40009,NORPAT,2001-12-31 23:00:00+00,2017-10-13 22:00:00+00,tilhelet betennelse,
1901,M40010,NORPAT,2017-10-14 22:00:00+00,,vaskulitt,
1902,M40020,NORPAT,2001-12-31 23:00:00+00,,luetisk sår,
1903,M40021,NORPAT,2017-10-14 22:00:00+00,,lobulær pannikulitt,
1904,M40022,NORPAT,2017-10-14 22:00:00+00,,septal pannikulitt,
1905,M40023,NORPAT,2017-10-14 22:00:00+00,,pannikulitt,
1906,M40030,NORPAT,2001-12-31 23:00:00+00,,ulcererende betennelse,
1907,M40040,NORPAT,2001-12-31 23:00:00+00,,slimhinneerosjon,
1908,M40160,NORPAT,2001-12-31 23:00:00+00,,betennelse med kjempeceller,
1909,M40200,NORPAT,2001-12-31 23:00:00+00,,diffus betennelse,
1910,M40300,NORPAT,2001-12-31 23:00:00+00,,serøs betennelse,
1911,M40400,NORPAT,2001-12-31 23:00:00+00,,purulent betennelse,
1912,M40460,NORPAT,2001-12-31 23:00:00+00,,puss,
1913,M40500,NORPAT,2001-12-31 23:00:00+00,,fibrinøs betennelse,
1914,M40540,NORPAT,2001-12-31 23:00:00+00,,membranøs betennelse,
1915,M40590,NORPAT,2001-12-31 23:00:00+00,,pseudomembranøs betennelse,
1916,M40600,NORPAT,2001-12-31 23:00:00+00,,hemoragisk betennelse,
1917,M40700,NORPAT,2001-12-31 23:00:00+00,,nekrotiserende betennelse,
1918,M40760,NORPAT,2001-12-31 23:00:00+00,,nekrotiserende vaskulitt,
1919,M40775,NORPAT,2017-10-14 22:00:00+00,,tubulointerstitiell nefritt,
1920,M40800,NORPAT,2001-12-31 23:00:00+00,,vesikuløs betennelse,
1921,M40810,NORPAT,2001-12-31 23:00:00+00,,bulløs betennelse,
1922,M40820,NORPAT,2017-10-14 22:00:00+00,,vesikulobulløs betennelse,
1923,M40900,NORPAT,2001-12-31 23:00:00+00,,reumatisk betennelse,
1924,M41000,NORPAT,2001-12-31 23:00:00+00,,akutt betennelse,
1925,M41001,NORPAT,2001-12-31 23:00:00+00,2017-10-13 22:00:00+00,akutt fokal betennelse,
1926,M41002,NORPAT,2001-12-31 23:00:00+00,2017-10-13 22:00:00+00,akutt konfluerende betennelse,
1927,M41003,NORPAT,2001-12-31 23:00:00+00,2017-10-13 22:00:00+00,akutt multifokal betennelse,
1928,M41004,NORPAT,2001-12-31 23:00:00+00,2017-10-13 22:00:00+00,akutt residiverende betennelse,
1929,M41010,NORPAT,2001-12-31 23:00:00+00,2017-10-13 22:00:00+00,akalkuløs akutt kolecystitt,
1930,M41030,NORPAT,2001-12-31 23:00:00+00,2017-10-13 22:00:00+00,akutt ulcererende betennelse,
1931,M41040,NORPAT,2001-12-31 23:00:00+00,,akutt erosiv betennelse,
1932,M41200,NORPAT,2001-12-31 23:00:00+00,2017-10-13 22:00:00+00,akutt diffus betennelse UNS,
1933,M41300,NORPAT,2001-12-31 23:00:00+00,2017-10-13 22:00:00+00,akutt serøs betennelse UNS,
1934,M41400,NORPAT,2001-12-31 23:00:00+00,2017-10-13 22:00:00+00,akutt eksudativ betennelse UNS,
1935,M41404,NORPAT,2001-12-31 23:00:00+00,2017-10-13 22:00:00+00,residiverende purulent betennelse,
1936,M41500,NORPAT,2001-12-31 23:00:00+00,2017-10-13 22:00:00+00,akutt fibrinøs betennelse UNS,
1937,M41540,NORPAT,2001-12-31 23:00:00+00,2017-10-13 22:00:00+00,akutt membranøs betennelse,
1938,M41590,NORPAT,2001-12-31 23:00:00+00,2017-10-13 22:00:00+00,akutt pseudomembranøs betennelse,
1939,M41600,NORPAT,2001-12-31 23:00:00+00,2017-10-13 22:00:00+00,akutt hemoragisk betennelse,
1940,M41700,NORPAT,2001-12-31 23:00:00+00,,akutt nekrotiserende betennelse,
1941,M41730,NORPAT,2001-12-31 23:00:00+00,,pyoderma gangrenosum,
1942,M41740,NORPAT,2001-12-31 23:00:00+00,,abscess,
1943,M41750,NORPAT,2001-12-31 23:00:00+00,2017-10-13 22:00:00+00,pustuløs dermatitt,
1944,M41770,NORPAT,2001-12-31 23:00:00+00,,rumpert abscess,
1945,M41780,NORPAT,2001-12-31 23:00:00+00,,mikroabscess,
1946,M41800,NORPAT,2001-12-31 23:00:00+00,2017-10-13 22:00:00+00,akutt vesikuløs betennelse UNS,
1947,M41810,NORPAT,2001-12-31 23:00:00+00,2017-10-13 22:00:00+00,akutt bulløs betennelse UNS,
1948,M42000,NORPAT,2001-12-31 23:00:00+00,,subakutt betennelse,
1949,M42050,NORPAT,2001-12-31 23:00:00+00,2017-10-13 22:00:00+00,"eosinofil cellulitt, Well",
1950,M42060,NORPAT,2001-12-31 23:00:00+00,2017-10-13 22:00:00+00,kronisk eosinofil pneumoni,
1951,M42100,NORPAT,2001-12-31 23:00:00+00,,kronisk aktiv betennelse,
1952,M43000,NORPAT,2001-12-31 23:00:00+00,,kronisk betennelse,
1953,M43005,NORPAT,2001-12-31 23:00:00+00,2017-10-13 22:00:00+00,kronisk aktiv betennelse UNS,
1954,M43006,NORPAT,2001-12-31 23:00:00+00,2017-10-13 22:00:00+00,kronisk persisterende betennelse,
1955,M43010,NORPAT,2001-12-31 23:00:00+00,,kronisk superfisiell betennelse,
1956,M43020,NORPAT,2001-12-31 23:00:00+00,,kronisk superfisiell og dyp betennelse,
1957,M43030,NORPAT,2001-12-31 23:00:00+00,2017-10-13 22:00:00+00,kronisk ulcererende betennelse,
1958,M43060,NORPAT,2001-12-31 23:00:00+00,,betennelse med plasmaceller,
1959,M43080,NORPAT,2001-12-31 23:00:00+00,,follikulær betennelse,
1960,M43140,NORPAT,2001-12-31 23:00:00+00,,kronisk interstitiell pneumoni,
1961,M43150,NORPAT,2001-12-31 23:00:00+00,,deskvamerende interstitiell pneumoni,
1962,M43180,NORPAT,2001-12-31 23:00:00+00,,malakoplaki,
1963,M43200,NORPAT,2001-12-31 23:00:00+00,2017-10-13 22:00:00+00,kronisk diffus betennelse UNS,
1964,M43400,NORPAT,2001-12-31 23:00:00+00,,kronisk purulent betennelse,
1965,M43500,NORPAT,2001-12-31 23:00:00+00,,pustulosis palmoplantaris,
1966,M43610,NORPAT,2017-10-14 22:00:00+00,,lymfocytær kolitt,
1967,M43620,NORPAT,2017-10-14 22:00:00+00,,kollagenøs kolitt,
1968,M43700,NORPAT,2001-12-31 23:00:00+00,2017-10-13 22:00:00+00,kronisk nekrotiserende betennelse UNS,
1969,M43740,NORPAT,2001-12-31 23:00:00+00,2017-10-13 22:00:00+00,kronisk abscess,
1970,M43750,NORPAT,2001-12-31 23:00:00+00,,nodulær kondrodermatitt,
1971,M43800,NORPAT,2001-12-31 23:00:00+00,2017-10-13 22:00:00+00,kronisk cystisk betennelse UNS,
1972,M44000,NORPAT,2001-12-31 23:00:00+00,,granulomatøs betennelse,
1973,M44002,NORPAT,2017-10-14 22:00:00+00,,granulom,
1974,M44040,NORPAT,2001-12-31 23:00:00+00,,xantogranulom,
1975,M44050,NORPAT,2001-12-31 23:00:00+00,,eosinofilt granulom,
1976,M44060,NORPAT,2001-12-31 23:00:00+00,,miliær granulomatøs betennelse,
1977,M44070,NORPAT,2001-12-31 23:00:00+00,,xantogranulomatøs betennelse,
1978,M44080,NORPAT,2001-12-31 23:00:00+00,,granuloma faciale,
1979,M44090,NORPAT,2001-12-31 23:00:00+00,,kolesterolgranulom,
1980,M44110,NORPAT,2001-12-31 23:00:00+00,,kjempecellegranulom,
1981,M44120,NORPAT,2001-12-31 23:00:00+00,,perifert kjempecellegranulom,
1982,M44130,NORPAT,2001-12-31 23:00:00+00,,sentralt kjempecellegranulom,
1983,M44140,NORPAT,2001-12-31 23:00:00+00,,fremmedlegemereaksjon,
1984,M44150,NORPAT,2001-12-31 23:00:00+00,,"kjempecellereaksjon, Langhans type",
1985,M44160,NORPAT,2001-12-31 23:00:00+00,,"kjempecellereaksjon, Toutons type",
1986,M44180,NORPAT,2001-12-31 23:00:00+00,,spermiegranulom,
1987,M44190,NORPAT,2001-12-31 23:00:00+00,2017-10-13 22:00:00+00,lepromatøs betennelse,
1988,M44200,NORPAT,2001-12-31 23:00:00+00,,granulomatøs betennelse uten nekrose,
1989,M44202,NORPAT,2017-10-14 22:00:00+00,,epiteloidcellegranulom uten nekrose,
1990,M44210,NORPAT,2001-12-31 23:00:00+00,,sarkoid granulom,
1991,M44260,NORPAT,2001-12-31 23:00:00+00,,tuberkuloid granulomatøs betennelse,
1992,M44400,NORPAT,2001-12-31 23:00:00+00,,purulent granulomatøs betennelse,
1993,M44440,NORPAT,2001-12-31 23:00:00+00,,granulasjonspolypp,
1994,M44450,NORPAT,2001-12-31 23:00:00+00,2017-10-13 22:00:00+00,intubasjonsgranulom,
1995,M44460,NORPAT,2001-12-31 23:00:00+00,,karunkel,
1996,M44700,NORPAT,2001-12-31 23:00:00+00,,granulomatøs betennelse med nekrose,
1997,M44702,NORPAT,2017-10-14 22:00:00+00,,epiteloidcellegranulom med nekrose,
1998,M44740,NORPAT,2001-12-31 23:00:00+00,2017-10-13 22:00:00+00,gummatøs betennelse,
1999,M44760,NORPAT,2001-12-31 23:00:00+00,,forkalket granulomatøs betennelse,
2000,M44770,NORPAT,2001-12-31 23:00:00+00,,"tuberkuløst primærkompleks, Ghons fokus",
2001,M44780,NORPAT,2001-12-31 23:00:00+00,,Wegeners granulom,
2002,M44800,NORPAT,2001-12-31 23:00:00+00,2017-10-13 22:00:00+00,vesikuløs granulomatøs betennelse UNS,
2003,M44900,NORPAT,2001-12-31 23:00:00+00,2017-10-13 22:00:00+00,fibrinoid nekrotiserende betennelse UNS,
2004,M44920,NORPAT,2001-12-31 23:00:00+00,,granuloma annulare,
2005,M44930,NORPAT,2001-12-31 23:00:00+00,,necrobiosis lipoidica,
2006,M44940,NORPAT,2001-12-31 23:00:00+00,,reumatoid knute,
2007,M44960,NORPAT,2001-12-31 23:00:00+00,,Aschoffs knute,
2008,M44990,NORPAT,2001-12-31 23:00:00+00,,subkutan granuloma annulare,
2009,M45000,NORPAT,2001-12-31 23:00:00+00,,betennelse med fibrose,
2010,M45020,NORPAT,2001-12-31 23:00:00+00,,granulasjonsvev,
2011,M45250,NORPAT,2001-12-31 23:00:00+00,2017-10-13 22:00:00+00,fibrokaseøs betennelse,
2012,M45270,NORPAT,2001-12-31 23:00:00+00,2017-10-13 22:00:00+00,skleroserende osteitt,
2013,M45400,NORPAT,2017-10-14 22:00:00+00,,steatohepatitt,
2014,M45600,NORPAT,2001-12-31 23:00:00+00,,betennelse med fettvevsnekrose,
2015,M45610,NORPAT,2001-12-31 23:00:00+00,,subkutan nodulær fettvevsnekrose,
2016,M45620,NORPAT,2001-12-31 23:00:00+00,,erythema nodosum,
2017,M45630,NORPAT,2001-12-31 23:00:00+00,,nodulær vaskulitt,
2018,M45680,NORPAT,2001-12-31 23:00:00+00,,subkutan neonatal fettvevsnekrose,
2019,M45700,NORPAT,2001-12-31 23:00:00+00,2017-10-13 22:00:00+00,oblitererende betennelse UNS,
2020,M45800,NORPAT,2001-12-31 23:00:00+00,2017-10-13 22:00:00+00,kronisk destruktiv betennelse,
2021,M45810,NORPAT,2001-12-31 23:00:00+00,,Hashimotos tyreoiditt,
2022,M46000,NORPAT,2001-12-31 23:00:00+00,2017-10-13 22:00:00+00,betennelse med mekaniske forandringer,
2023,M46050,NORPAT,2001-12-31 23:00:00+00,2017-10-13 22:00:00+00,betennelse med trombose UNS,
2024,M46060,NORPAT,2001-12-31 23:00:00+00,2017-10-13 22:00:00+00,tromboangitis obliterans,
2025,M46070,NORPAT,2001-12-31 23:00:00+00,2017-10-13 22:00:00+00,verrukøs endokarditt,
2026,M46200,NORPAT,2001-12-31 23:00:00+00,2017-10-13 22:00:00+00,betennelse med kavitet UNS,
2027,M46300,NORPAT,2001-12-31 23:00:00+00,,betennelse med perforasjon,
2028,M46340,NORPAT,2001-12-31 23:00:00+00,2017-10-13 22:00:00+00,betennelsessinus UNS,
2029,M46350,NORPAT,2001-12-31 23:00:00+00,,pilonidal sinus,
2030,M46360,NORPAT,2001-12-31 23:00:00+00,,fissur,
2031,M46420,NORPAT,2001-12-31 23:00:00+00,,divertikulitt,
2032,M46450,NORPAT,2001-12-31 23:00:00+00,,divertikulitt med perforasjon,
2033,M46500,NORPAT,2001-12-31 23:00:00+00,2017-10-13 22:00:00+00,betennelse pga okklusjon UNS,
2034,M46520,NORPAT,2001-12-31 23:00:00+00,,hidrosadenitt,
2035,M46540,NORPAT,2001-12-31 23:00:00+00,,acne vulgaris,
2036,M46550,NORPAT,2001-12-31 23:00:00+00,,acne conglobata,
2037,M46600,NORPAT,2001-12-31 23:00:00+00,,betennelse pga okklusjon,
2038,M46620,NORPAT,2001-12-31 23:00:00+00,,acne rosacea,
2039,M46640,NORPAT,2001-12-31 23:00:00+00,,lupus miliaris disseminatus faciei,
2040,M46700,NORPAT,2001-12-31 23:00:00+00,2017-10-13 22:00:00+00,proliferativ betennelse UNS,
2041,M46701,NORPAT,2001-12-31 23:00:00+00,2017-10-13 22:00:00+00,fokal proliferativ betennelse,
2042,M46702,NORPAT,2001-12-31 23:00:00+00,2017-10-13 22:00:00+00,diffus proliferativ betennelse,
2043,M46703,NORPAT,2001-12-31 23:00:00+00,2017-10-13 22:00:00+00,segmental proliferativ betennelse,
2044,M46704,NORPAT,2001-12-31 23:00:00+00,2017-10-13 22:00:00+00,residiverende proliferativ betennelse,
2045,M46707,NORPAT,2001-12-31 23:00:00+00,2017-10-13 22:00:00+00,akutt proliferativ betennelse,
2046,M46708,NORPAT,2001-12-31 23:00:00+00,2017-10-13 22:00:00+00,subakutt proliferativ betennelse,
2047,M46709,NORPAT,2001-12-31 23:00:00+00,2017-10-13 22:00:00+00,kronisk proliferativ betennelse,
2048,M46720,NORPAT,2001-12-31 23:00:00+00,,glomerulonefritt med fokale halvmåner/nekroser,
2049,M46770,NORPAT,2001-12-31 23:00:00+00,2017-10-13 22:00:00+00,proliferativ fasciitt,
2050,M46780,NORPAT,2001-12-31 23:00:00+00,2017-10-13 22:00:00+00,proliferativ myositt,
2051,M46800,NORPAT,2017-10-14 22:00:00+00,,"glomerulonefritt, uklassifiserbar",
2052,M46810,NORPAT,2001-12-31 23:00:00+00,,proliferativ glomerulonefritt,
2053,M46811,NORPAT,2001-12-31 23:00:00+00,2017-10-13 22:00:00+00,fokal proliferativ glomerulonefritt,
2054,M46812,NORPAT,2001-12-31 23:00:00+00,2017-10-13 22:00:00+00,diffus proliferativ glomerulonefritt,
2055,M46813,NORPAT,2001-12-31 23:00:00+00,2017-10-13 22:00:00+00,segmental proliferativ glomerulonefritt,
2056,M46814,NORPAT,2021-12-31 23:00:00+00,,proliferativ glomerulonefritt med monoklonale immunglobulinavleiringer,
2057,M46820,NORPAT,2019-01-15 23:00:00+00,,membranøs glomerulonefritt,
2058,M46840,NORPAT,2001-12-31 23:00:00+00,,membranoproliferativ glomerulonefritt,
2059,M46841,NORPAT,2001-12-31 23:00:00+00,2017-10-13 22:00:00+00,fokal membranoproliferativ glomerulonefritt,
2060,M46842,NORPAT,2001-12-31 23:00:00+00,2017-10-13 22:00:00+00,diffus membranoproliferativ glomerulonefritt,
2061,M46843,NORPAT,2017-10-14 22:00:00+00,,C3 glomerulopati,
2062,M46844,NORPAT,2017-10-14 22:00:00+00,,dense deposit disease,
2063,M46845,NORPAT,2017-10-14 22:00:00+00,,fibrillær glomerulopati,
2064,M46846,NORPAT,2017-10-14 22:00:00+00,,immunotaktoid glomerulopati,
2065,M46847,NORPAT,2017-10-14 22:00:00+00,,kollagen III-glomerulopati,
2066,M46848,NORPAT,2017-10-14 22:00:00+00,,fibronektin-glomerulopati,
2067,M46850,NORPAT,2021-12-31 23:00:00+00,,IgM nefropati,
2068,M46851,NORPAT,2021-12-31 23:00:00+00,,C1q nefropati,
2069,M46860,NORPAT,2001-12-31 23:00:00+00,,mesangioproliferativ glomerulonefritt,
2070,M46861,NORPAT,2001-12-31 23:00:00+00,2017-10-13 22:00:00+00,fokal mesangioproliferativ glomerulonefritt,
2071,M46862,NORPAT,2001-12-31 23:00:00+00,2017-10-13 22:00:00+00,diffus mesangioproliferativ glomerulonefritt,
2072,M46863,NORPAT,2001-12-31 23:00:00+00,2017-10-13 22:00:00+00,segmental mesangioproliferativ glomerulonefritt,
2073,M46870,NORPAT,2001-12-31 23:00:00+00,,endokapillær glomerulonefritt,
2074,M46880,NORPAT,2001-12-31 23:00:00+00,,glomerulonefritt med diffuse halvmåner/nekroser,
2075,M46881,NORPAT,2017-10-14 22:00:00+00,,"""pauci""-immun glomerulonefritt/ANCA-relatert glomerulonefritt",
2076,M47000,NORPAT,2001-12-31 23:00:00+00,,betennelsesinfiltrat,
2077,M47110,NORPAT,2001-12-31 23:00:00+00,,nøytrofilt betennelsesinfiltrat,
2078,M47140,NORPAT,2017-10-14 22:00:00+00,,mastcelleinfiltrat,
2079,M47150,NORPAT,2001-12-31 23:00:00+00,,eosinofilt betennelsesinfiltrat,
2080,M47160,NORPAT,2017-10-14 22:00:00+00,,kronisk betennelsinfiltrat,
2081,M47170,NORPAT,2001-12-31 23:00:00+00,,lymfocytært betennelsesinfiltrat,
2082,M47171,NORPAT,2017-10-14 22:00:00+00,,fokal lymfocyttinfiltrasjon,
2083,M47172,NORPAT,2017-10-14 22:00:00+00,,"lymfocyttinfiltrasjon, urtikarielt preg",
2084,M47180,NORPAT,2001-12-31 23:00:00+00,,histiocytært betennelsesinfiltrat,
2085,M47185,NORPAT,2017-10-14 22:00:00+00,,histiocytose med hemofagocytose,
2086,M47190,NORPAT,2001-12-31 23:00:00+00,,lymfohistiocytært betennelsesinfiltrat,
2087,M47195,NORPAT,2017-10-14 22:00:00+00,,intraepitelial lymfocytose,
2088,M47200,NORPAT,2001-12-31 23:00:00+00,,plasmacellulært betennelsesinfiltrat,
2089,M47205,NORPAT,2017-10-14 22:00:00+00,,leukocytoklastisk vaskulitt,
2090,M47210,NORPAT,2001-12-31 23:00:00+00,,Zoons balanitt,
2091,M47250,NORPAT,2001-12-31 23:00:00+00,,Jessners lymfocyttinfiltrat,
2092,M47260,NORPAT,2017-10-14 22:00:00+00,,IgG4-relatert tubointerstitiell nefritt,
2093,M47320,NORPAT,2001-12-31 23:00:00+00,,mikrogliaknuter,
2094,M47400,NORPAT,2001-12-31 23:00:00+00,,follikulitt,
2095,M47410,NORPAT,2001-12-31 23:00:00+00,,overfladisk follikulitt,
2096,M47413,NORPAT,2017-10-14 22:00:00+00,,perifolliculitt,
2097,M47420,NORPAT,2001-12-31 23:00:00+00,,dyp follikulitt,
2098,M47480,NORPAT,2001-12-31 23:00:00+00,,rumpert follikulitt,
2099,M47600,NORPAT,2017-10-14 22:00:00+00,,kontaktdermatitt,
2100,M47610,NORPAT,2001-12-31 23:00:00+00,2017-10-13 22:00:00+00,allergisk kontaktdermatitt UNS,
2101,M47650,NORPAT,2001-12-31 23:00:00+00,2017-10-13 22:00:00+00,toksisk kontaktdermatitt UNS,
2102,M47710,NORPAT,2001-12-31 23:00:00+00,,polymyositt,
2103,M47720,NORPAT,2001-12-31 23:00:00+00,,polyarteritt,
2104,M47760,NORPAT,2017-10-14 22:00:00+00,,thrombophlebitis migrans,
2105,M47800,NORPAT,2001-12-31 23:00:00+00,2017-10-13 22:00:00+00,perivaskulært betennelsesinfiltrat,
2106,M47830,NORPAT,2001-12-31 23:00:00+00,,nodulær tenosynovitt,
2107,M47870,NORPAT,2001-12-31 23:00:00+00,2017-10-13 22:00:00+00,kjempecellehepatitt,
2108,M47880,NORPAT,2001-12-31 23:00:00+00,2017-10-13 22:00:00+00,Koebner-fenomen,
2109,M48000,NORPAT,2001-12-31 23:00:00+00,,spongiøs dermatitt,
2110,M48001,NORPAT,2001-12-31 23:00:00+00,2017-10-13 22:00:00+00,akutt/subakutt spongiotisk dermatitt UNS,
2111,M48010,NORPAT,2001-12-31 23:00:00+00,,stasedermatitt,
2112,M48011,NORPAT,2017-10-14 22:00:00+00,,kronisk superfisiell dermatitt,
2113,M48020,NORPAT,2001-12-31 23:00:00+00,,impetiginisert dermatitt,
2114,M48060,NORPAT,2001-12-31 23:00:00+00,,nummulat eksem,
2115,M48070,NORPAT,2001-12-31 23:00:00+00,,dyshidrotisk eksem,
2116,M48080,NORPAT,2001-12-31 23:00:00+00,,idreaksjon,
2117,M48120,NORPAT,2001-12-31 23:00:00+00,,kronisk lichenifisert dermatitt,
2118,M48130,NORPAT,2001-12-31 23:00:00+00,,prurigo nodularis,
2119,M48150,NORPAT,2001-12-31 23:00:00+00,,perioral dermatitt,
2120,M48190,NORPAT,2001-12-31 23:00:00+00,2017-10-13 22:00:00+00,generell eksfoliativ dermatitt UNS,
2121,M48210,NORPAT,2001-12-31 23:00:00+00,2017-10-13 22:00:00+00,atopisk dermatitt UNS,
2122,M48310,NORPAT,2017-10-14 22:00:00+00,,eosinofil spongiose,
2123,M48400,NORPAT,2017-10-14 22:00:00+00,,eksantem,
2124,M48410,NORPAT,2001-12-31 23:00:00+00,2017-10-13 22:00:00+00,erythema annulare centrifugum,
2125,M48430,NORPAT,2001-12-31 23:00:00+00,2017-10-13 22:00:00+00,erythema chronicum migrans,
2126,M48450,NORPAT,2022-12-31 23:00:00+00,,erythema gyratum,
2127,M48490,NORPAT,2001-12-31 23:00:00+00,2017-10-13 22:00:00+00,erythema dyschronicum perstans,
2128,M48500,NORPAT,2017-10-14 22:00:00+00,,interfasedermatitt,
2129,M48510,NORPAT,2001-12-31 23:00:00+00,2017-10-13 22:00:00+00,"akutt febril neutrofil dermatose, Sweet",
2130,M48520,NORPAT,2001-12-31 23:00:00+00,2017-10-13 22:00:00+00,"pityriasis lichenoides et varioliformis acuta, Mucha-Haberman",
2131,M48525,NORPAT,2017-10-14 22:00:00+00,,pityriasis lichenoides chronica,
2132,M48530,NORPAT,2001-12-31 23:00:00+00,2017-10-13 22:00:00+00,erythema elevatum diutinum,
2133,M48540,NORPAT,2001-12-31 23:00:00+00,2017-10-13 22:00:00+00,lichenoid medikamentell dermatitt,
2134,M48550,NORPAT,2001-12-31 23:00:00+00,2017-10-13 22:00:00+00,erythema fixum,
2135,M48560,NORPAT,2020-01-30 23:00:00+00,,erythema multiforme,
2136,M48570,NORPAT,2001-12-31 23:00:00+00,2017-10-13 22:00:00+00,"erythema multiforme, Stevens-Johnson type",
2137,M48590,NORPAT,2001-12-31 23:00:00+00,2017-10-13 22:00:00+00,purpura annularis telangiectodes,
2138,M48600,NORPAT,2001-12-31 23:00:00+00,,kronisk pigmentert purpura,
2139,M48610,NORPAT,2001-12-31 23:00:00+00,2017-10-13 22:00:00+00,"lichenoid dermatitt med purpura, Gougerot/Blum",
2140,M48620,NORPAT,2001-12-31 23:00:00+00,2017-10-13 22:00:00+00,toksisk epidermal nekrolyse,
2141,M48640,NORPAT,2001-12-31 23:00:00+00,2017-10-13 22:00:00+00,atrophie blanche,
2142,M48700,NORPAT,2001-12-31 23:00:00+00,,småkarsvaskulitt,
2143,M48800,NORPAT,2001-12-31 23:00:00+00,,lupus erythematosus,
2144,M48820,NORPAT,2001-12-31 23:00:00+00,,seboréisk dermatitt,
2145,M48840,NORPAT,2001-12-31 23:00:00+00,,psoriasis,
2146,M48841,NORPAT,2017-10-14 22:00:00+00,,psoriasiform dermatitt,
2147,M48848,NORPAT,2001-12-31 23:00:00+00,,guttat psoriasis,
2148,M48850,NORPAT,2001-12-31 23:00:00+00,,pustuløs psoriasis,
2149,M48880,NORPAT,2001-12-31 23:00:00+00,,pityriasis rosea,
2150,M48890,NORPAT,2001-12-31 23:00:00+00,,lichen planus,
2151,M48900,NORPAT,2001-12-31 23:00:00+00,2017-10-13 22:00:00+00,lichen striatus,
2152,M48910,NORPAT,2001-12-31 23:00:00+00,,lichen nitidus,
2153,M48930,NORPAT,2001-12-31 23:00:00+00,,parapsoriasis,
2154,M48940,NORPAT,2001-12-31 23:00:00+00,2017-10-13 22:00:00+00,"parapsoriasis en plaque, små plaques",
2155,M48946,NORPAT,2001-12-31 23:00:00+00,2017-10-13 22:00:00+00,"parapsoriasis en plaque, store plaques",
2156,M48960,NORPAT,2001-12-31 23:00:00+00,2017-10-13 22:00:00+00,pityriasis lichenoides chronica,
2157,M48970,NORPAT,2001-12-31 23:00:00+00,,lichenoid dermatitt,
2158,M48980,NORPAT,2001-12-31 23:00:00+00,,pityriasis rubra pilaris,
2159,M48990,NORPAT,2001-12-31 23:00:00+00,,solitær lichenoid keratose,
2160,M48995,NORPAT,2017-10-14 22:00:00+00,,kutan GVHD (transplantat mot vert reaksjon),
2161,M49000,NORPAT,2001-12-31 23:00:00+00,,fibrose,
2162,M49001,NORPAT,2001-12-31 23:00:00+00,2017-10-13 22:00:00+00,fokal fibrose,
2163,M49002,NORPAT,2001-12-31 23:00:00+00,2017-10-13 22:00:00+00,diffus fibrose,
2164,M49004,NORPAT,2001-12-31 23:00:00+00,2017-10-13 22:00:00+00,multifokal fibrose,
2165,M49005,NORPAT,2001-12-31 23:00:00+00,,hyalinisert fibrose,
2166,M49006,NORPAT,2001-12-31 23:00:00+00,2017-10-13 22:00:00+00,reaktiv fibrose,
2167,M49010,NORPAT,2001-12-31 23:00:00+00,2017-10-13 22:00:00+00,retikulær fibrose,
2168,M49020,NORPAT,2001-12-31 23:00:00+00,,sklerose,
2169,M49030,NORPAT,2001-12-31 23:00:00+00,2017-10-13 22:00:00+00,organisasjon,
2170,M49040,NORPAT,2001-12-31 23:00:00+00,2017-10-13 22:00:00+00,segmental sklerose,
2171,M49050,NORPAT,2001-12-31 23:00:00+00,2017-10-13 22:00:00+00,global sklerose,
2172,M49055,NORPAT,2017-10-14 22:00:00+00,,skleroserende glomerulonefritt,
2173,M49060,NORPAT,2001-12-31 23:00:00+00,,arr,
2174,M49090,NORPAT,2001-12-31 23:00:00+00,,fibrøst plaque,
2175,M49130,NORPAT,2001-12-31 23:00:00+00,2017-10-13 22:00:00+00,fibrøs fortykkelse,
2176,M49150,NORPAT,2001-12-31 23:00:00+00,2017-10-13 22:00:00+00,kollagenøs kolitt,
2177,M49160,NORPAT,2001-12-31 23:00:00+00,,gliose,
2178,M49165,NORPAT,2017-10-14 22:00:00+00,,mikrogliose,
2179,M49210,NORPAT,2001-12-31 23:00:00+00,2017-10-13 22:00:00+00,deformerende fibrose,
2180,M49212,NORPAT,2017-10-14 22:00:00+00,,skrumpnyre,
2181,M49230,NORPAT,2001-12-31 23:00:00+00,2017-10-13 22:00:00+00,perivaskulær fibrose,
2182,M49240,NORPAT,2001-12-31 23:00:00+00,2017-10-13 22:00:00+00,pericellulær fibrose,
2183,M49250,NORPAT,2001-12-31 23:00:00+00,,fibrøs obliterasjon,
2184,M49280,NORPAT,2001-12-31 23:00:00+00,2017-10-13 22:00:00+00,kirurgisk arr,
2185,M49300,NORPAT,2001-12-31 23:00:00+00,2017-10-13 22:00:00+00,tilheling UNS,
2186,M49400,NORPAT,2001-12-31 23:00:00+00,,adheranse,
2187,M49420,NORPAT,2001-12-31 23:00:00+00,2017-10-13 22:00:00+00,fibrinøs adheranse,
2188,M49430,NORPAT,2001-12-31 23:00:00+00,2017-10-13 22:00:00+00,fibrøs adheranse,
2189,M49450,NORPAT,2001-12-31 23:00:00+00,2017-10-13 22:00:00+00,fibrøs strengdannelse,
2190,M49460,NORPAT,2001-12-31 23:00:00+00,2017-10-13 22:00:00+00,syneki UNS,
2191,M49500,NORPAT,2001-12-31 23:00:00+00,,cirrhose,
2192,M49501,NORPAT,2001-12-31 23:00:00+00,2017-10-13 22:00:00+00,begynnende cirrhose,
2193,M49502,NORPAT,2001-12-31 23:00:00+00,2017-10-13 22:00:00+00,uttalt cirrhose,
2194,M49503,NORPAT,2001-12-31 23:00:00+00,2017-10-13 22:00:00+00,latent cirrhose,
2195,M49504,NORPAT,2001-12-31 23:00:00+00,2017-10-13 22:00:00+00,aktiv cirrhose,
2196,M49505,NORPAT,2001-12-31 23:00:00+00,2017-10-13 22:00:00+00,idiopatisk cirrhose,
2197,M49506,NORPAT,2001-12-31 23:00:00+00,2017-10-13 22:00:00+00,inaktiv cirrhose,
2198,M49510,NORPAT,2001-12-31 23:00:00+00,2017-10-13 22:00:00+00,mikronodulær cirrhose,
2199,M49514,NORPAT,2001-12-31 23:00:00+00,2017-10-13 22:00:00+00,aktiv mikronodulær cirrhose,
2200,M49515,NORPAT,2001-12-31 23:00:00+00,2017-10-13 22:00:00+00,idiopatisk mikronodulær cirrhose,
2201,M49516,NORPAT,2001-12-31 23:00:00+00,2017-10-13 22:00:00+00,inaktiv mikronodulær cirrhose,
2202,M49520,NORPAT,2001-12-31 23:00:00+00,2017-10-13 22:00:00+00,makronodulær cirrhose,
2203,M49524,NORPAT,2001-12-31 23:00:00+00,2017-10-13 22:00:00+00,aktiv makronodulær cirrhose,
2204,M49525,NORPAT,2001-12-31 23:00:00+00,2017-10-13 22:00:00+00,idiopatisk makronodulær cirrhose,
2205,M49526,NORPAT,2001-12-31 23:00:00+00,2017-10-13 22:00:00+00,inaktiv makronodulær cirrhose,
2206,M49530,NORPAT,2001-12-31 23:00:00+00,2017-10-13 22:00:00+00,mikro- og makronodulær cirrhose,
2207,M49534,NORPAT,2001-12-31 23:00:00+00,2017-10-13 22:00:00+00,aktiv mikro- og makronodulær cirrhose,
2208,M49535,NORPAT,2001-12-31 23:00:00+00,2017-10-13 22:00:00+00,idiopatisk mikro- og makronodulær cirrhose,
2209,M49570,NORPAT,2001-12-31 23:00:00+00,2017-10-13 22:00:00+00,kardial cirrhose,
2210,M49580,NORPAT,2001-12-31 23:00:00+00,,primær skleroserende cholangitt,
2211,M49590,NORPAT,2001-12-31 23:00:00+00,,primær biliær cholangitt,
2212,M49591,NORPAT,2001-12-31 23:00:00+00,2017-10-13 22:00:00+00,primær biliær cirrhose i ikke-cirrhotisk stadium,
2213,M49592,NORPAT,2001-12-31 23:00:00+00,2017-10-13 22:00:00+00,primær biliær cirrhose i cirrhotisk stadium,
2214,M49620,NORPAT,2001-12-31 23:00:00+00,2017-10-13 22:00:00+00,septal fibrose,
2215,M49640,NORPAT,2001-12-31 23:00:00+00,2017-10-13 22:00:00+00,"cirrhose av ""Indian childhood"" type",
2216,M49660,NORPAT,2001-12-31 23:00:00+00,,Laennecs cirrhose,
2217,M49690,NORPAT,2001-12-31 23:00:00+00,2017-10-13 22:00:00+00,posthepatittisk cirrhose,
2218,M49700,NORPAT,2001-12-31 23:00:00+00,2017-10-13 22:00:00+00,eksessivt reparasjonsvev UNS,
2219,M49710,NORPAT,2001-12-31 23:00:00+00,2017-10-13 22:00:00+00,pterygium UNS,
2220,M49720,NORPAT,2001-12-31 23:00:00+00,,keloid,
2221,M49730,NORPAT,2001-12-31 23:00:00+00,,hyperplastisk arr,
2222,M49770,NORPAT,2001-12-31 23:00:00+00,,traumatisk nevrom,
2223,M49775,NORPAT,2017-10-14 22:00:00+00,,Mortons nevrom,
2224,M49900,NORPAT,2001-12-31 23:00:00+00,,bennydannelse,
2225,M49910,NORPAT,2001-12-31 23:00:00+00,,osteosklerose,
2226,M49920,NORPAT,2001-12-31 23:00:00+00,,callus,
2227,M50000,NORPAT,2001-12-31 23:00:00+00,,degenerasjon,
2228,M50001,NORPAT,2001-12-31 23:00:00+00,2017-10-13 22:00:00+00,fokal degenerasjon,
2229,M50002,NORPAT,2001-12-31 23:00:00+00,2017-10-13 22:00:00+00,diffus degenerasjon,
2230,M50003,NORPAT,2001-12-31 23:00:00+00,2017-10-13 22:00:00+00,sentral degenerasjon,
2231,M50004,NORPAT,2001-12-31 23:00:00+00,2017-10-13 22:00:00+00,perifer degenerasjon,
2232,M50020,NORPAT,2001-12-31 23:00:00+00,2017-10-13 22:00:00+00,kolloid degenerasjon,
2233,M50030,NORPAT,2001-12-31 23:00:00+00,2017-10-13 22:00:00+00,cystisk degenerasjon,
2234,M50060,NORPAT,2001-12-31 23:00:00+00,,hyalin degenerasjon,
2235,M50070,NORPAT,2001-12-31 23:00:00+00,,hydrop degenerasjon,
2236,M50080,NORPAT,2001-12-31 23:00:00+00,,fettdegenerasjon,
2237,M50090,NORPAT,2001-12-31 23:00:00+00,2017-10-13 22:00:00+00,senil degenerasjon,
2238,M50100,NORPAT,2001-12-31 23:00:00+00,2017-10-13 22:00:00+00,mukoid degenerasjon,
2239,M50110,NORPAT,2001-12-31 23:00:00+00,2017-10-13 22:00:00+00,ballongaktig degenerasjon,
2240,M50130,NORPAT,2001-12-31 23:00:00+00,2017-10-13 22:00:00+00,fjæraktig degenrasjon,
2241,M50140,NORPAT,2001-12-31 23:00:00+00,,solar elastose,
2242,M50170,NORPAT,2001-12-31 23:00:00+00,,kolloid milium,
2243,M50180,NORPAT,2001-12-31 23:00:00+00,2017-10-13 22:00:00+00,pinguecula,
2244,M50210,NORPAT,2001-12-31 23:00:00+00,,osteoporose,
2245,M50230,NORPAT,2001-12-31 23:00:00+00,,artrose,
2246,M50280,NORPAT,2001-12-31 23:00:00+00,,nevropatisk artritt,
2247,M50400,NORPAT,2001-12-31 23:00:00+00,,demyelinisering,
2248,M50410,NORPAT,2001-12-31 23:00:00+00,2017-10-13 22:00:00+00,demyelinisering UNS,
2249,M50510,NORPAT,2001-12-31 23:00:00+00,,sentral pontin myelinolyse,
2250,M50630,NORPAT,2001-12-31 23:00:00+00,,nevrofibrillær degenerasjon,
2251,M50640,NORPAT,2001-12-31 23:00:00+00,2017-10-13 22:00:00+00,senilt plaque,
2252,M51100,NORPAT,2001-12-31 23:00:00+00,,katarakt,
2253,M51500,NORPAT,2001-12-31 23:00:00+00,,lyse,
2254,M51520,NORPAT,2001-12-31 23:00:00+00,2017-10-13 22:00:00+00,kollagenolyse,
2255,M51530,NORPAT,2001-12-31 23:00:00+00,,osteolyse,
2256,M51550,NORPAT,2001-12-31 23:00:00+00,,epidermolyse,
2257,M51570,NORPAT,2001-12-31 23:00:00+00,,akantolyse,
2258,M51630,NORPAT,2001-12-31 23:00:00+00,2017-10-13 22:00:00+00,acidofilt legeme,
2259,M51700,NORPAT,2001-12-31 23:00:00+00,2017-10-13 22:00:00+00,resorbert vev UNS,
2260,M52000,NORPAT,2001-12-31 23:00:00+00,,arteriosklerose,
2261,M52100,NORPAT,2001-12-31 23:00:00+00,2017-10-13 22:00:00+00,ateromatøst plaque UNS,
2262,M52101,NORPAT,2001-12-31 23:00:00+00,2017-10-13 22:00:00+00,forkalket ateromatøst plaque,
2263,M52110,NORPAT,2001-12-31 23:00:00+00,,aterosklerose,
2264,M52111,NORPAT,2001-12-31 23:00:00+00,,aterosklerose med forkalkning,
2265,M52112,NORPAT,2001-12-31 23:00:00+00,2017-10-13 22:00:00+00,stenoserende aterosklerose,
2266,M52130,NORPAT,2001-12-31 23:00:00+00,2017-10-13 22:00:00+00,fatty streak,
2267,M52140,NORPAT,2001-12-31 23:00:00+00,2017-10-13 22:00:00+00,ulcerert ateromatøst plaque,
2268,M52141,NORPAT,2001-12-31 23:00:00+00,2017-10-13 22:00:00+00,ulcerert og forkalket ateromatøst plaque,
2269,M52150,NORPAT,2001-12-31 23:00:00+00,2017-10-13 22:00:00+00,blødning i ateromatøst plaque,
2270,M52160,NORPAT,2001-12-31 23:00:00+00,,akutt aterose,
2271,M52200,NORPAT,2001-12-31 23:00:00+00,,arteriolosklerose,
2272,M52210,NORPAT,2001-12-31 23:00:00+00,2017-10-13 22:00:00+00,arteriolosklerose med fibrinoid nekrose,
2273,M52220,NORPAT,2001-12-31 23:00:00+00,2017-10-13 22:00:00+00,arteriolosklerose uten fibrinoid nekrose,
2274,M52300,NORPAT,2001-12-31 23:00:00+00,2017-10-13 22:00:00+00,fibroelastose UNS,
2275,M52340,NORPAT,2001-12-31 23:00:00+00,2017-10-13 22:00:00+00,annulussklerose,
2276,M52400,NORPAT,2001-12-31 23:00:00+00,2017-10-13 22:00:00+00,degenerasjon i karvegg UNS,
2277,M52430,NORPAT,2001-12-31 23:00:00+00,2017-10-13 22:00:00+00,Mönckebergs mediasklerose,
2278,M52470,NORPAT,2001-12-31 23:00:00+00,2017-10-13 22:00:00+00,cystisk medianekrose,
2279,M52500,NORPAT,2001-12-31 23:00:00+00,2017-10-13 22:00:00+00,sklerosert venevegg,
2280,M52600,NORPAT,2001-12-31 23:00:00+00,2017-10-13 22:00:00+00,marantisk endokarditt,
2281,M52620,NORPAT,2001-12-31 23:00:00+00,2017-10-13 22:00:00+00,atypisk verrukøs endokarditt,
2282,M53100,NORPAT,2001-12-31 23:00:00+00,2017-10-13 22:00:00+00,nefrose UNS,
2283,M53120,NORPAT,2001-12-31 23:00:00+00,2017-10-13 22:00:00+00,hemoglobinurisk nefrose,
2284,M53130,NORPAT,2001-12-31 23:00:00+00,2017-10-13 22:00:00+00,myoglobinurisk nefrose,
2285,M53150,NORPAT,2001-12-31 23:00:00+00,,akutt iskemisk nefropati,
2286,M53160,NORPAT,2001-12-31 23:00:00+00,,"""minimal change""-nefropati",
2287,M53170,NORPAT,2001-12-31 23:00:00+00,2017-10-13 22:00:00+00,osmotisk nefrose,
2288,M53180,NORPAT,2001-12-31 23:00:00+00,2017-10-13 22:00:00+00,vakuolær nefrose,
2289,M53200,NORPAT,2017-10-14 22:00:00+00,,akutt tubulær skade,
2290,M53300,NORPAT,2001-12-31 23:00:00+00,,glomerulosklerose,
2291,M53301,NORPAT,2001-12-31 23:00:00+00,2017-10-13 22:00:00+00,fokal glomerulosklerose,
2292,M53302,NORPAT,2001-12-31 23:00:00+00,2017-10-13 22:00:00+00,diffus glomerulosklerose,
2293,M53305,NORPAT,2017-10-14 22:00:00+00,,familiær fokal og segmental glomerulosklerose,
2294,M53320,NORPAT,2001-12-31 23:00:00+00,,nodulær glomerulosklerose,
2295,M53340,NORPAT,2001-12-31 23:00:00+00,2017-10-13 22:00:00+00,segmental glomerulosklerose,
2296,M53341,NORPAT,2001-12-31 23:00:00+00,,fokal segmental glomerulosklerose,
2297,M53342,NORPAT,2021-12-31 23:00:00+00,,primær fokal segmental glomerulosklerose,
2298,M53343,NORPAT,2021-12-31 23:00:00+00,,sekundær fokal segmental glomerulosklerose,
2299,M53350,NORPAT,2001-12-31 23:00:00+00,2017-10-13 22:00:00+00,fokal og segmental glomerulær sklerose med hyalinose,
2300,M53360,NORPAT,2001-12-31 23:00:00+00,,hepatisk glomerulosklerose,
2301,M54000,NORPAT,2001-12-31 23:00:00+00,,nekrose,
2302,M54001,NORPAT,2001-12-31 23:00:00+00,,fokal nekrose,
2303,M54002,NORPAT,2001-12-31 23:00:00+00,,diffus nekrose,
2304,M54003,NORPAT,2001-12-31 23:00:00+00,2017-10-13 22:00:00+00,konfluerende nekroser,
2305,M54005,NORPAT,2001-12-31 23:00:00+00,2017-10-13 22:00:00+00,perifer nekrose,
2306,M54006,NORPAT,2001-12-31 23:00:00+00,2017-10-13 22:00:00+00,begynnende nekrose,
2307,M54007,NORPAT,2001-12-31 23:00:00+00,2017-10-13 22:00:00+00,fersk nekrose,
2308,M54030,NORPAT,2001-12-31 23:00:00+00,2017-10-13 22:00:00+00,aseptisk nekrose,
2309,M54040,NORPAT,2001-12-31 23:00:00+00,2017-10-13 22:00:00+00,hemoragisk nekrose,
2310,M54050,NORPAT,2001-12-31 23:00:00+00,2017-10-13 22:00:00+00,kollikvativ nekrose,
2311,M54060,NORPAT,2001-12-31 23:00:00+00,,koagulasjonsnekrose,
2312,M54070,NORPAT,2001-12-31 23:00:00+00,2017-10-13 22:00:00+00,bronekrose,
2313,M54080,NORPAT,2001-12-31 23:00:00+00,2017-10-13 22:00:00+00,kaseøs nekrose,
2314,M54090,NORPAT,2001-12-31 23:00:00+00,,fibrinoid nekrose,
2315,M54110,NORPAT,2001-12-31 23:00:00+00,,fettvevsnekrose,
2316,M54120,NORPAT,2001-12-31 23:00:00+00,2017-10-13 22:00:00+00,sonal nekrose,
2317,M54140,NORPAT,2001-12-31 23:00:00+00,2017-10-13 22:00:00+00,"""piecemeal nekrose""",
2318,M54150,NORPAT,2001-12-31 23:00:00+00,,tumornekrose,
2319,M54180,NORPAT,2001-12-31 23:00:00+00,2017-10-13 22:00:00+00,nekrobiose,
2320,M54200,NORPAT,2001-12-31 23:00:00+00,,iskemisk nekrose,
2321,M54220,NORPAT,2001-12-31 23:00:00+00,,osteokondrose,
2322,M54250,NORPAT,2001-12-31 23:00:00+00,2017-10-13 22:00:00+00,osteochondritis dissecans,
2323,M54270,NORPAT,2001-12-31 23:00:00+00,2017-10-13 22:00:00+00,avstøtt dødt materiale,
2324,M54280,NORPAT,2001-12-31 23:00:00+00,2017-10-13 22:00:00+00,hjernenekrose ved kunstig respirasjon,
2325,M54300,NORPAT,2001-12-31 23:00:00+00,,postmortal forandring,
2326,M54310,NORPAT,2001-12-31 23:00:00+00,,autolyse,
2327,M54360,NORPAT,2001-12-31 23:00:00+00,,mumifisering,
2328,M54380,NORPAT,2001-12-31 23:00:00+00,2017-10-13 22:00:00+00,forråtnelse,
2329,M54390,NORPAT,2001-12-31 23:00:00+00,2017-10-13 22:00:00+00,likvoksdannelse,
2330,M54400,NORPAT,2001-12-31 23:00:00+00,,malacia,
2331,M54600,NORPAT,2001-12-31 23:00:00+00,,gangren,
2332,M54620,NORPAT,2001-12-31 23:00:00+00,2017-10-13 22:00:00+00,tørt gangren,
2333,M54630,NORPAT,2001-12-31 23:00:00+00,2017-10-13 22:00:00+00,vått gangren,
2334,M54640,NORPAT,2001-12-31 23:00:00+00,2017-10-13 22:00:00+00,gassgangren,
2335,M54700,NORPAT,2001-12-31 23:00:00+00,,infarkt,
2336,M54701,NORPAT,2001-12-31 23:00:00+00,2017-10-13 22:00:00+00,mikroinfarkt,
2337,M54702,NORPAT,2001-12-31 23:00:00+00,2017-10-13 22:00:00+00,multifokalt infarkt,
2338,M54703,NORPAT,2001-12-31 23:00:00+00,2017-10-13 22:00:00+00,diffust infarkt,
2339,M54704,NORPAT,2001-12-31 23:00:00+00,2017-10-13 22:00:00+00,infarkt med ruptur,
2340,M54705,NORPAT,2001-12-31 23:00:00+00,2017-10-13 22:00:00+00,massivt infarkt,
2341,M54706,NORPAT,2001-12-31 23:00:00+00,2017-10-13 22:00:00+00,multiple infarkter,
2342,M54720,NORPAT,2001-12-31 23:00:00+00,,ferskt infarkt,
2343,M54721,NORPAT,2001-12-31 23:00:00+00,2017-10-13 22:00:00+00,ferskt mikroinfarkt,
2344,M54722,NORPAT,2001-12-31 23:00:00+00,2017-10-13 22:00:00+00,ferskt multifokalt infarkt,
2345,M54723,NORPAT,2001-12-31 23:00:00+00,2017-10-13 22:00:00+00,ferskt diffust infarkt,
2346,M54724,NORPAT,2001-12-31 23:00:00+00,2017-10-13 22:00:00+00,ferskt infarkt med ruptur,
2347,M54725,NORPAT,2001-12-31 23:00:00+00,2017-10-13 22:00:00+00,ferskt massivt infarkt,
2348,M54726,NORPAT,2001-12-31 23:00:00+00,2017-10-13 22:00:00+00,multiple ferske infarkter,
2349,M54730,NORPAT,2001-12-31 23:00:00+00,,hemoragisk infarkt,
2350,M54740,NORPAT,2017-10-14 22:00:00+00,,iskemisk infarkt,
2351,M54750,NORPAT,2001-12-31 23:00:00+00,,tilhelet infarkt,
2352,M54751,NORPAT,2001-12-31 23:00:00+00,2017-10-13 22:00:00+00,tilhelet mikroinfarkt,
2353,M54752,NORPAT,2001-12-31 23:00:00+00,2017-10-13 22:00:00+00,tilhelet multifokalt infarkt,
2354,M54753,NORPAT,2001-12-31 23:00:00+00,2017-10-13 22:00:00+00,tilhelet diffust infarkt,
2355,M54754,NORPAT,2001-12-31 23:00:00+00,2017-10-13 22:00:00+00,tilhelet infarkt med ruptur,
2356,M54755,NORPAT,2001-12-31 23:00:00+00,2017-10-13 22:00:00+00,tilhelet massivt infarkt,
2357,M54756,NORPAT,2001-12-31 23:00:00+00,2017-10-13 22:00:00+00,tilhelete multiple infarkter,
2358,M54760,NORPAT,2001-12-31 23:00:00+00,,septisk infarkt,
2359,M54766,NORPAT,2001-12-31 23:00:00+00,2017-10-13 22:00:00+00,multiple septiske infarkter,
2360,M54780,NORPAT,2001-12-31 23:00:00+00,2017-10-13 22:00:00+00,Zahnsk infarkt,
2361,M54790,NORPAT,2001-12-31 23:00:00+00,2017-10-13 22:00:00+00,gammelt og ferskt infarkt,
2362,M54796,NORPAT,2001-12-31 23:00:00+00,2017-10-13 22:00:00+00,multiple gamle og ferske infarkter,
2363,M54800,NORPAT,2001-12-31 23:00:00+00,2017-10-13 22:00:00+00,cystisk infarkt,
2364,M54810,NORPAT,2001-12-31 23:00:00+00,2017-10-13 22:00:00+00,vannskille-infarkt,
2365,M54860,NORPAT,2001-12-31 23:00:00+00,2017-10-13 22:00:00+00,transmuralt infarkt,
2366,M55000,NORPAT,2001-12-31 23:00:00+00,,avleiring,
2367,M55020,NORPAT,2001-12-31 23:00:00+00,,hyalin membran,
2368,M55040,NORPAT,2001-12-31 23:00:00+00,,fibrinavleiring,
2369,M55041,NORPAT,2017-10-14 22:00:00+00,,maternellflateinfarkt,
2370,M55042,NORPAT,2017-10-14 22:00:00+00,,gitterinfarkt,
2371,M55050,NORPAT,2001-12-31 23:00:00+00,2017-10-13 22:00:00+00,glykogenavleiring,
2372,M55052,NORPAT,2017-10-14 22:00:00+00,,mucinavleiring,
2373,M55060,NORPAT,2001-12-31 23:00:00+00,2017-10-13 22:00:00+00,Schaumann legeme,
2374,M55070,NORPAT,2001-12-31 23:00:00+00,,uratavleiring,
2375,M55100,NORPAT,2001-12-31 23:00:00+00,,amyloidavleiring,
2376,M55101,NORPAT,2001-12-31 23:00:00+00,2017-10-13 22:00:00+00,primær amyloidavleiring,
2377,M55102,NORPAT,2001-12-31 23:00:00+00,2017-10-13 22:00:00+00,sekundær amyloidavleiring,
2378,M55104,NORPAT,2017-10-14 22:00:00+00,,AA-amyloidavleiring,
2379,M55105,NORPAT,2017-10-14 22:00:00+00,,AL-amyloidavleiring,
2380,M55106,NORPAT,2017-10-14 22:00:00+00,,ATTR-amyloidavleiring,
2381,M55107,NORPAT,2017-10-14 22:00:00+00,,"amyloidavleiring, annet",
2382,M55110,NORPAT,2017-10-14 22:00:00+00,,fokal amyloid degenerasjon,
2383,M55115,NORPAT,2017-10-14 22:00:00+00,,congofil angiopati,
2384,M55140,NORPAT,2001-12-31 23:00:00+00,2017-10-13 22:00:00+00,makulær amyloidose,
2385,M55150,NORPAT,2001-12-31 23:00:00+00,2017-10-13 22:00:00+00,nodulær amyloidose,
2386,M55160,NORPAT,2019-01-15 23:00:00+00,,amyloid tumor,
2387,M55180,NORPAT,2001-12-31 23:00:00+00,,lichen amyloidosus,
2388,M55200,NORPAT,2001-12-31 23:00:00+00,2017-10-13 22:00:00+00,lipidavleiring UNS,
2389,M55240,NORPAT,2001-12-31 23:00:00+00,,kolesterolavleiring,
2390,M55250,NORPAT,2001-12-31 23:00:00+00,,kolesterolose,
2391,M55280,NORPAT,2001-12-31 23:00:00+00,,fettinfiltrasjon,
2392,M55300,NORPAT,2001-12-31 23:00:00+00,,xantomatøs avleiring,
2393,M55330,NORPAT,2001-12-31 23:00:00+00,,eruptivt xantom,
2394,M55350,NORPAT,2001-12-31 23:00:00+00,2017-10-13 22:00:00+00,xantoma disseminatum,
2395,M55370,NORPAT,2001-12-31 23:00:00+00,,xantelasme,
2396,M55380,NORPAT,2001-12-31 23:00:00+00,,juvenilt xantogranulom,
2397,M55390,NORPAT,2001-12-31 23:00:00+00,,retroperitonealt xantogranulom,
2398,M55400,NORPAT,2001-12-31 23:00:00+00,,kalkavleiring,
2399,M55401,NORPAT,2001-12-31 23:00:00+00,2017-10-13 22:00:00+00,fokal kalkavleiring,
2400,M55402,NORPAT,2001-12-31 23:00:00+00,2017-10-13 22:00:00+00,diffus kalkavleiring,
2401,M55403,NORPAT,2001-12-31 23:00:00+00,2017-10-13 22:00:00+00,laminert kalkavleiring,
2402,M55404,NORPAT,2001-12-31 23:00:00+00,2017-10-13 22:00:00+00,mikroforkalkninger,
2403,M55430,NORPAT,2001-12-31 23:00:00+00,,dystrofisk kalkavleiring,
2404,M55440,NORPAT,2001-12-31 23:00:00+00,2017-10-13 22:00:00+00,metastatisk kalkavleiring,
2405,M55500,NORPAT,2001-12-31 23:00:00+00,,kalsinose,
2406,M55510,NORPAT,2001-12-31 23:00:00+00,,idiopatisk kalsinose,
2407,M55520,NORPAT,2001-12-31 23:00:00+00,,tumorliknende forkalkning,
2408,M55530,NORPAT,2001-12-31 23:00:00+00,2017-10-13 22:00:00+00,metastatisk kalsinose,
2409,M55540,NORPAT,2001-12-31 23:00:00+00,,dystrofisk kalsinose,
2410,M55590,NORPAT,2001-12-31 23:00:00+00,,psammomlegeme,
2411,M55600,NORPAT,2001-12-31 23:00:00+00,2017-10-13 22:00:00+00,proteinavleiring UNS,
2412,M55601,NORPAT,2001-12-31 23:00:00+00,2017-10-13 22:00:00+00,granulær proteinavleiring,
2413,M55602,NORPAT,2001-12-31 23:00:00+00,2017-10-13 22:00:00+00,lineær proteinavleiring,
2414,M55604,NORPAT,2001-12-31 23:00:00+00,2017-10-13 22:00:00+00,avleiring av komplement UNS,
2415,M55610,NORPAT,2017-10-14 22:00:00+00,,myelomnyre,
2416,M55611,NORPAT,2017-10-14 22:00:00+00,,monoklonal immunglobulin avleiringssykdom,
2417,M55612,NORPAT,2017-10-14 22:00:00+00,,lett kjede tubulopati (krystalloid/ikke krystalloid),
2418,M55620,NORPAT,2001-12-31 23:00:00+00,,immunkompleksnedslag,
2419,M55640,NORPAT,2001-12-31 23:00:00+00,,alveolær proteinose,
2420,M55650,NORPAT,2001-12-31 23:00:00+00,2017-10-13 22:00:00+00,hyalinosis cutis et mucosae,
2421,M55660,NORPAT,2001-12-31 23:00:00+00,2017-10-13 22:00:00+00,wire loop lesjon UNS,
2422,M55670,NORPAT,2001-12-31 23:00:00+00,,lichen myxedematosus,
2423,M55680,NORPAT,2017-10-14 22:00:00+00,,lokaliseret myksødem,
2424,M55690,NORPAT,2001-12-31 23:00:00+00,2017-10-13 22:00:00+00,pretibialt myksødem UNS,
2425,M55700,NORPAT,2001-12-31 23:00:00+00,,avleiring av fremmedlegeme,
2426,M55710,NORPAT,2001-12-31 23:00:00+00,2017-10-13 22:00:00+00,hemosiderose UNS,
2427,M55720,NORPAT,2001-12-31 23:00:00+00,,avleiring av krystallinsk fremmedlegeme,
2428,M55730,NORPAT,2001-12-31 23:00:00+00,,avleiring av oksalatkrystaller,
2429,M55770,NORPAT,2001-12-31 23:00:00+00,2017-10-13 22:00:00+00,kullstøvavleiring,
2430,M55780,NORPAT,2001-12-31 23:00:00+00,2017-10-13 22:00:00+00,avleiring av kullstøv og silikat,
2431,M55790,NORPAT,2001-12-31 23:00:00+00,,silikatavleiring,
2432,M55800,NORPAT,2001-12-31 23:00:00+00,,jernavleiring,
2433,M55810,NORPAT,2001-12-31 23:00:00+00,2017-10-13 22:00:00+00,avleiring av jern og silikat,
2434,M55820,NORPAT,2001-12-31 23:00:00+00,,asbestfiberavleiring,
2435,M55870,NORPAT,2001-12-31 23:00:00+00,2017-10-13 22:00:00+00,avleiring av kopper,
2436,M55930,NORPAT,2001-12-31 23:00:00+00,,tatovering,
2437,M56000,NORPAT,2001-12-31 23:00:00+00,2017-10-13 22:00:00+00,dystrofi UNS,
2438,M56010,NORPAT,2001-12-31 23:00:00+00,2017-10-13 22:00:00+00,hyperplastisk dystrofi,
2439,M56020,NORPAT,2001-12-31 23:00:00+00,,lipodystrofi,
2440,M56100,NORPAT,2001-12-31 23:00:00+00,2017-10-13 22:00:00+00,øyedystrofi UNS,
2441,M56120,NORPAT,2001-12-31 23:00:00+00,2017-10-13 22:00:00+00,corneadystrofi,
2442,M56800,NORPAT,2001-12-31 23:00:00+00,2017-10-13 22:00:00+00,bindevevsdystrofi,
2443,M56810,NORPAT,2001-12-31 23:00:00+00,,cutis laxa,
2444,M56840,NORPAT,2001-12-31 23:00:00+00,,anetoderma,
2445,M56890,NORPAT,2001-12-31 23:00:00+00,,pseudoxantoma elasticum,
2446,M57000,NORPAT,2001-12-31 23:00:00+00,,pigmentering,
2447,M57120,NORPAT,2001-12-31 23:00:00+00,,hypopigmentering,
2448,M57160,NORPAT,2001-12-31 23:00:00+00,,vitiligo,
2449,M57170,NORPAT,2001-12-31 23:00:00+00,,hyperpigmentering,
2450,M57180,NORPAT,2017-10-14 22:00:00+00,,postinflammatorisk hyperpigmentering,
2451,M57200,NORPAT,2001-12-31 23:00:00+00,,melaninpigmentering,
2452,M57210,NORPAT,2001-12-31 23:00:00+00,,melanose,
2453,M57220,NORPAT,2001-12-31 23:00:00+00,,mongolsk flekk,
2454,M57230,NORPAT,2001-12-31 23:00:00+00,,Itos nevus,
2455,M57240,NORPAT,2001-12-31 23:00:00+00,,Otas nevus,
2456,M57250,NORPAT,2001-12-31 23:00:00+00,,lentigo benigna,
2457,M57260,NORPAT,2001-12-31 23:00:00+00,,ephelis,
2458,M57330,NORPAT,2001-12-31 23:00:00+00,,acanthosis nigricans,
2459,M57340,NORPAT,2001-12-31 23:00:00+00,,melaninpigmentinkontinens,
2460,M57500,NORPAT,2001-12-31 23:00:00+00,,hemosiderinavleiring,
2461,M57501,NORPAT,2001-12-31 23:00:00+00,2017-10-13 22:00:00+00,endogen hemosiderinpigmentering,
2462,M57502,NORPAT,2001-12-31 23:00:00+00,2017-10-13 22:00:00+00,eksogen hemosiderinpigmentering,
2463,M57510,NORPAT,2001-12-31 23:00:00+00,,hemosiderose,
2464,M57511,NORPAT,2001-12-31 23:00:00+00,2017-10-13 22:00:00+00,endogen hemosiderose,
2465,M57512,NORPAT,2001-12-31 23:00:00+00,2017-10-13 22:00:00+00,eksogen hemosiderose,
2466,M57570,NORPAT,2001-12-31 23:00:00+00,2017-10-13 22:00:00+00,hemosiderinmakrofag,
2467,M57600,NORPAT,2001-12-31 23:00:00+00,2017-10-13 22:00:00+00,gallepigmentering UNS,
2468,M57610,NORPAT,2001-12-31 23:00:00+00,2017-10-13 22:00:00+00,icterus,
2469,M57740,NORPAT,2001-12-31 23:00:00+00,2017-10-13 22:00:00+00,lipofuscinpigmentering,
2470,M57750,NORPAT,2001-12-31 23:00:00+00,2017-10-13 22:00:00+00,ceroidpigmentering,
2471,M57800,NORPAT,2001-12-31 23:00:00+00,2017-10-13 22:00:00+00,tungmetallpigmentering UNS,
2472,M58000,NORPAT,2001-12-31 23:00:00+00,,atrofi,
2473,M58001,NORPAT,2001-12-31 23:00:00+00,2017-10-13 22:00:00+00,fokal atrofi,
2474,M58002,NORPAT,2001-12-31 23:00:00+00,2017-10-13 22:00:00+00,diffus atrofi,
2475,M58003,NORPAT,2001-12-31 23:00:00+00,2017-10-13 22:00:00+00,kompensatorisk atrofi,
2476,M58004,NORPAT,2001-12-31 23:00:00+00,2017-10-13 22:00:00+00,progredierende atrofi,
2477,M58005,NORPAT,2001-12-31 23:00:00+00,,partiell atrofi,
2478,M58006,NORPAT,2001-12-31 23:00:00+00,,subtotal atrofi,
2479,M58007,NORPAT,2001-12-31 23:00:00+00,,total atrofi,
2480,M58010,NORPAT,2001-12-31 23:00:00+00,2017-10-13 22:00:00+00,primær atrofi,
2481,M58017,NORPAT,2001-12-31 23:00:00+00,2017-10-13 22:00:00+00,total primær atrofi,
2482,M58020,NORPAT,2001-12-31 23:00:00+00,2017-10-13 22:00:00+00,sekundær atrofi,
2483,M58030,NORPAT,2001-12-31 23:00:00+00,2017-10-13 22:00:00+00,atrofi etter betennelse,
2484,M58050,NORPAT,2001-12-31 23:00:00+00,,cystisk atrofi,
2485,M580A0,NORPAT,2017-10-14 22:00:00+00,,Sertoli cell only,
2486,M58110,NORPAT,2001-12-31 23:00:00+00,2017-10-13 22:00:00+00,senil atrofi,
2487,M58120,NORPAT,2001-12-31 23:00:00+00,2017-10-13 22:00:00+00,trykkatrofi,
2488,M58130,NORPAT,2001-12-31 23:00:00+00,,nevrogen atrofi,
2489,M58140,NORPAT,2001-12-31 23:00:00+00,2017-10-13 22:00:00+00,striae,
2490,M58170,NORPAT,2001-12-31 23:00:00+00,2017-10-13 22:00:00+00,inaktivitetsatrofi,
2491,M58240,NORPAT,2001-12-31 23:00:00+00,2017-10-13 22:00:00+00,lichen sclerosus et atrophicus UNS,
2492,M5824A,NORPAT,2017-10-14 22:00:00+00,,lichen sclerosus,
2493,M58300,NORPAT,2001-12-31 23:00:00+00,,steroidatrofi,
2494,M58330,NORPAT,2001-12-31 23:00:00+00,,acrodermatitis chronica atroficans,
2495,M58380,NORPAT,2001-12-31 23:00:00+00,,lingua geographica,
2496,M58390,NORPAT,2001-12-31 23:00:00+00,2017-10-13 22:00:00+00,atrofisk glossitt,
2497,M58400,NORPAT,2001-12-31 23:00:00+00,2017-10-13 22:00:00+00,Volkmanns kontraktur,
2498,M58420,NORPAT,2001-12-31 23:00:00+00,2017-10-13 22:00:00+00,lobar atrofi,
2499,M58450,NORPAT,2001-12-31 23:00:00+00,2017-10-13 22:00:00+00,akutt massiv levernekrose,
2500,M58500,NORPAT,2001-12-31 23:00:00+00,2017-10-13 22:00:00+00,phtisis,
2501,M58550,NORPAT,2001-12-31 23:00:00+00,,poikiloderma atroficans vasculare,
2502,M58580,NORPAT,2001-12-31 23:00:00+00,,"poikiloderma congenitale, Rothmund-Thomson",
2503,M58600,NORPAT,2001-12-31 23:00:00+00,,alopeci,
2504,M58610,NORPAT,2001-12-31 23:00:00+00,,alopecia areata,
2505,M58720,NORPAT,2017-10-14 22:00:00+00,,androgen alopeci,
2506,M58740,NORPAT,2001-12-31 23:00:00+00,,cicatriciell alopeci,
2507,M58790,NORPAT,2001-12-31 23:00:00+00,,alopecia mucinosa,
2508,M59000,NORPAT,2001-12-31 23:00:00+00,2017-10-13 22:00:00+00,mangel UNS,
2509,M59020,NORPAT,2001-12-31 23:00:00+00,2017-10-13 22:00:00+00,dehydrert struktur,
2510,M59030,NORPAT,2001-12-31 23:00:00+00,2017-10-13 22:00:00+00,lipidmangel,
2511,M59100,NORPAT,2001-12-31 23:00:00+00,2017-10-13 22:00:00+00,cytopeni UNS,
2512,M59120,NORPAT,2001-12-31 23:00:00+00,2017-10-13 22:00:00+00,pancytopeni,
2513,M61000,NORPAT,2001-12-31 23:00:00+00,,kromosomforandring,
2514,M61500,NORPAT,2001-12-31 23:00:00+00,2017-10-13 22:00:00+00,kromosomal mosaikk UNS,
2515,M61600,NORPAT,2001-12-31 23:00:00+00,2017-10-13 22:00:00+00,kjønnskromosomforandring UNS,
2516,M61610,NORPAT,2001-12-31 23:00:00+00,2017-10-13 22:00:00+00,forandring i XXY kromosom,
2517,M61620,NORPAT,2001-12-31 23:00:00+00,2017-10-13 22:00:00+00,forandring i X0 kromosom,
2518,M61630,NORPAT,2001-12-31 23:00:00+00,2017-10-13 22:00:00+00,forandring i XXY kromosom,
2519,M62100,NORPAT,2019-01-15 23:00:00+00,,aneupliodi,
2520,M62105,NORPAT,2019-01-15 23:00:00+00,,diploidi,
2521,M62110,NORPAT,2019-01-15 23:00:00+00,,hyperdiploidi,
2522,M62120,NORPAT,2001-12-31 23:00:00+00,2017-10-13 22:00:00+00,trisomi,
2523,M62140,NORPAT,2019-01-15 23:00:00+00,,triploidi,
2524,M62150,NORPAT,2019-01-15 23:00:00+00,,multiploidi,
2525,M62180,NORPAT,2019-01-15 23:00:00+00,,hypodiploidi,
2526,M62190,NORPAT,2001-12-31 23:00:00+00,2017-10-13 22:00:00+00,monosomi,
2527,M63122,NORPAT,2017-10-14 22:00:00+00,,trisomi 12,
2528,M63200,NORPAT,2001-12-31 23:00:00+00,2017-10-13 22:00:00+00,forandring i kromosomstruktur UNS,
2529,M63201,NORPAT,2017-10-14 22:00:00+00,,delesjon,
2530,M63220,NORPAT,2001-12-31 23:00:00+00,2017-10-13 22:00:00+00,"Philadelphia-kromosom, Ph-1",
2531,M632A0,NORPAT,2017-10-14 22:00:00+00,,del 13q14.3,
2532,M632B0,NORPAT,2017-10-14 22:00:00+00,,del 11q22-23,
2533,M632C0,NORPAT,2017-10-14 22:00:00+00,,del 17p13,
2534,M633A1,NORPAT,2017-10-14 22:00:00+00,,kromosom 1p normal,
2535,M633A2,NORPAT,2017-10-14 22:00:00+00,,kromosom 1p delesjon,
2536,M633S1,NORPAT,2017-10-14 22:00:00+00,,kromosom 19q normal,
2537,M633S2,NORPAT,2017-10-14 22:00:00+00,,kromosom 19q delesjon,
2538,M63400,NORPAT,2001-12-31 23:00:00+00,2017-10-13 22:00:00+00,forandring i centrosomer UNS,
2539,M63600,NORPAT,2001-12-31 23:00:00+00,,translokasjon,
2540,M636A0,NORPAT,2017-10-14 22:00:00+00,,t(14;18) translokasjon,
2541,M636B0,NORPAT,2017-10-14 22:00:00+00,,bcl 2 translokasjon,
2542,M636C0,NORPAT,2017-10-14 22:00:00+00,,bcl 6 translokasjon,
2543,M636D0,NORPAT,2017-10-14 22:00:00+00,,MYC translokasjon,
2544,M636E0,NORPAT,2017-10-14 22:00:00+00,,t(11;14) translokasjon,
2545,M636F0,NORPAT,2017-10-14 22:00:00+00,,CCND1 translokasjon,
2546,M63700,NORPAT,2001-12-31 23:00:00+00,2017-10-13 22:00:00+00,abnorm kromosom-banding,
2547,M64000,NORPAT,2001-12-31 23:00:00+00,,forandring i genetisk materiale,
2548,M64020,NORPAT,2001-12-31 23:00:00+00,,nukleotiddelesjon,
2549,M64030,NORPAT,2001-12-31 23:00:00+00,2017-10-13 22:00:00+00,rekombinasjon,
2550,M64300,NORPAT,2001-12-31 23:00:00+00,,mutasjon,
2551,M64301,NORPAT,2001-12-31 23:00:00+00,2017-10-13 22:00:00+00,spontan mutasjon,
2552,M64302,NORPAT,2001-12-31 23:00:00+00,2017-10-13 22:00:00+00,indusert mutasjon,
2553,M64800,NORPAT,2001-12-31 23:00:00+00,2017-10-13 22:00:00+00,forandring i mitose UNS,
2554,M65000,NORPAT,2001-12-31 23:00:00+00,2017-10-13 22:00:00+00,forandring i kjerne UNS,
2555,M65050,NORPAT,2001-12-31 23:00:00+00,2017-10-13 22:00:00+00,kjernedegenerasjon,
2556,M65070,NORPAT,2001-12-31 23:00:00+00,2017-10-13 22:00:00+00,anukleær celle,
2557,M65100,NORPAT,2001-12-31 23:00:00+00,2017-10-13 22:00:00+00,forandring i kjernestørrelse UNS,
2558,M65200,NORPAT,2001-12-31 23:00:00+00,2017-10-13 22:00:00+00,forandring i kjerneform UNS,
2559,M65400,NORPAT,2001-12-31 23:00:00+00,2017-10-13 22:00:00+00,forandring i kjernemembran UNS,
2560,M65500,NORPAT,2001-12-31 23:00:00+00,2017-10-13 22:00:00+00,nukleært inklusjonslegeme UNS,
2561,M65570,NORPAT,2001-12-31 23:00:00+00,2017-10-13 22:00:00+00,nukleært legeme UNS,
2562,M65700,NORPAT,2001-12-31 23:00:00+00,2017-10-13 22:00:00+00,forandring i kjernekromatin UNS,
2563,M65710,NORPAT,2001-12-31 23:00:00+00,2017-10-13 22:00:00+00,hyperkromatisk kjerne,
2564,M65760,NORPAT,2001-12-31 23:00:00+00,2017-10-13 22:00:00+00,hypokromatisk kjerne,
2565,M66000,NORPAT,2001-12-31 23:00:00+00,2017-10-13 22:00:00+00,forandring i cytoplasma UNS,
2566,M66020,NORPAT,2001-12-31 23:00:00+00,2017-10-13 22:00:00+00,intracytoplasmatisk elektrontett avleiring,
2567,M66030,NORPAT,2001-12-31 23:00:00+00,2017-10-13 22:00:00+00,axonal neuronal forandring,
2568,M66040,NORPAT,2001-12-31 23:00:00+00,2017-10-13 22:00:00+00,cytoplasmavakuolisering,
2569,M66060,NORPAT,2001-12-31 23:00:00+00,,myelinfigur,
2570,M66070,NORPAT,2001-12-31 23:00:00+00,,tubuloretikulære strukturer,
2571,M66080,NORPAT,2001-12-31 23:00:00+00,2017-10-13 22:00:00+00,cytoplasmatisk hyalinisering,
2572,M66090,NORPAT,2001-12-31 23:00:00+00,2017-10-13 22:00:00+00,axonoppsvulming,
2573,M66100,NORPAT,2001-12-31 23:00:00+00,,forandring i mitokondrium,
2574,M66110,NORPAT,2001-12-31 23:00:00+00,2017-10-13 22:00:00+00,forandring i mitokondriecristae,
2575,M66120,NORPAT,2001-12-31 23:00:00+00,2017-10-13 22:00:00+00,forandring i mitokondriematrix UNS,
2576,M66130,NORPAT,2001-12-31 23:00:00+00,2017-10-13 22:00:00+00,forandring i mitokondriemembran UNS,
2577,M66140,NORPAT,2001-12-31 23:00:00+00,2017-10-13 22:00:00+00,mitokondriecristafusjon,
2578,M66150,NORPAT,2020-01-30 23:00:00+00,,mitokondrieforstørrelse,
2579,M66160,NORPAT,2001-12-31 23:00:00+00,2017-10-13 22:00:00+00,megamitokondrium,
2580,M66170,NORPAT,2001-12-31 23:00:00+00,2017-10-13 22:00:00+00,mitokondrievakuolisering,
2581,M66180,NORPAT,2001-12-31 23:00:00+00,2017-10-13 22:00:00+00,mitokondriehyperplasi,
2582,M66200,NORPAT,2001-12-31 23:00:00+00,,forandring i endoplasmatisk retikulum,
2583,M66210,NORPAT,2001-12-31 23:00:00+00,2017-10-13 22:00:00+00,forandring i glatt endoplasmatisk retikulum,
2584,M66240,NORPAT,2001-12-31 23:00:00+00,2017-10-13 22:00:00+00,forandring i kornet endoplasmatisk retikulum,
2585,M66270,NORPAT,2001-12-31 23:00:00+00,2017-10-13 22:00:00+00,forandring i Nissl-substans,
2586,M66280,NORPAT,2001-12-31 23:00:00+00,2017-10-13 22:00:00+00,dilatert endoplasmatisk retikulum,
2587,M66300,NORPAT,2001-12-31 23:00:00+00,,Golgi-forandring,
2588,M66310,NORPAT,2001-12-31 23:00:00+00,2017-10-13 22:00:00+00,forandring i Golgi-membran,
2589,M66340,NORPAT,2001-12-31 23:00:00+00,2017-10-13 22:00:00+00,Golgi-vakuolisering,
2590,M66350,NORPAT,2001-12-31 23:00:00+00,2017-10-13 22:00:00+00,Golgi-hypertrofi,
2591,M66380,NORPAT,2001-12-31 23:00:00+00,2017-10-13 22:00:00+00,Golgi-hyperplasi,
2592,M66410,NORPAT,2001-12-31 23:00:00+00,2017-10-13 22:00:00+00,polysomforandring UNS,
2593,M66500,NORPAT,2001-12-31 23:00:00+00,,lysosomforandring,
2594,M66700,NORPAT,2001-12-31 23:00:00+00,,cytoplasmatisk inklusjonslegeme,
2595,M66702,NORPAT,2001-12-31 23:00:00+00,2017-10-13 22:00:00+00,cytoplasmatisk lipidinklusjonslegeme,
2596,M66703,NORPAT,2001-12-31 23:00:00+00,2017-10-13 22:00:00+00,cytoplasmatisk glykogeninklusjonslegeme,
2597,M66704,NORPAT,2001-12-31 23:00:00+00,2017-10-13 22:00:00+00,cytoplasmatisk proteininklusjonslegeme,
2598,M66705,NORPAT,2001-12-31 23:00:00+00,2017-10-13 22:00:00+00,acidofilt cytoplasmatisk inklusjonslegeme,
2599,M66706,NORPAT,2001-12-31 23:00:00+00,2017-10-13 22:00:00+00,basofilt cytoplasmatisk inklusjonslegeme,
2600,M66708,NORPAT,2001-12-31 23:00:00+00,2017-10-13 22:00:00+00,membranøst cytoplasmatisk inklusjonslegeme,
2601,M66730,NORPAT,2001-12-31 23:00:00+00,2017-10-13 22:00:00+00,cytoplasmatisk granulering,
2602,M66750,NORPAT,2001-12-31 23:00:00+00,2017-10-13 22:00:00+00,cytoplasmatisk avleiring UNS,
2603,M66760,NORPAT,2001-12-31 23:00:00+00,2017-10-13 22:00:00+00,cytoplasmatiske globuli,
2604,M66770,NORPAT,2001-12-31 23:00:00+00,2017-10-13 22:00:00+00,asteroid legeme,
2605,M66800,NORPAT,2001-12-31 23:00:00+00,2017-10-13 22:00:00+00,forandring i cytoplasmatisk fiber UNS,
2606,M66820,NORPAT,2001-12-31 23:00:00+00,2017-10-13 22:00:00+00,forandring i cytoplasmatisk filament,
2607,M66830,NORPAT,2001-12-31 23:00:00+00,2017-10-13 22:00:00+00,forandring i cytoplasmatisk mikrotubulus,
2608,M66860,NORPAT,2001-12-31 23:00:00+00,2017-10-13 22:00:00+00,fragmentering av myofilamenter,
2609,M66870,NORPAT,2001-12-31 23:00:00+00,2017-10-13 22:00:00+00,Rosenthal-fiber,
2610,M66890,NORPAT,2001-12-31 23:00:00+00,2017-10-13 22:00:00+00,myofilamenttap,
2611,M67000,NORPAT,2001-12-31 23:00:00+00,2017-10-13 22:00:00+00,forandring i cellemembran UNS,
2612,M67050,NORPAT,2001-12-31 23:00:00+00,,reaktive celleforandringer,
2613,M67140,NORPAT,2001-12-31 23:00:00+00,2017-10-13 22:00:00+00,forandring i desmosom,
2614,M67150,NORPAT,2001-12-31 23:00:00+00,2017-10-13 22:00:00+00,forandring i terminal bar,
2615,M67160,NORPAT,2001-12-31 23:00:00+00,2017-10-13 22:00:00+00,forandring i tight junction,
2616,M67170,NORPAT,2001-12-31 23:00:00+00,2017-10-13 22:00:00+00,forandring i fotprosess,
2617,M67180,NORPAT,2001-12-31 23:00:00+00,2017-10-13 22:00:00+00,forandring i mikrovilli UNS,
2618,M67190,NORPAT,2001-12-31 23:00:00+00,2017-10-13 22:00:00+00,fotprosessfusjon,
2619,M67230,NORPAT,2001-12-31 23:00:00+00,2017-10-13 22:00:00+00,forandring i cilie,
2620,M67510,NORPAT,2001-12-31 23:00:00+00,2017-10-13 22:00:00+00,forandring i cellemembranreseptor UNS,
2621,M67560,NORPAT,2001-12-31 23:00:00+00,2017-10-13 22:00:00+00,øket mengde cellemembranreseptorer,
2622,M67570,NORPAT,2001-12-31 23:00:00+00,2017-10-13 22:00:00+00,redusert mengde cellemembranreseptorer,
2623,M67580,NORPAT,2001-12-31 23:00:00+00,2017-10-13 22:00:00+00,cellemembranreseptorer ikke påvist,
2624,M67700,NORPAT,2001-12-31 23:00:00+00,2017-10-13 22:00:00+00,forandringer i cellemembranantigener UNS,
2625,M67720,NORPAT,2001-12-31 23:00:00+00,2017-10-13 22:00:00+00,føtale cellemembranantigener,
2626,M67730,NORPAT,2001-12-31 23:00:00+00,2017-10-13 22:00:00+00,evervelse av nye cellemembranantigener,
2627,M67760,NORPAT,2001-12-31 23:00:00+00,2017-10-13 22:00:00+00,tap av normale cellemembranantigener,
2628,M68000,NORPAT,2001-12-31 23:00:00+00,2017-10-13 22:00:00+00,ekstracellulære forandringer UNS,
2629,M68100,NORPAT,2001-12-31 23:00:00+00,,forandring i basalmembran,
2630,M68110,NORPAT,2001-12-31 23:00:00+00,2017-10-13 22:00:00+00,basalmembranfragmentering,
2631,M68120,NORPAT,2001-12-31 23:00:00+00,2017-10-13 22:00:00+00,basalmembranfortykkelse UNS,
2632,M68130,NORPAT,2001-12-31 23:00:00+00,2017-10-13 22:00:00+00,basalmembranfortykkelse med spikes,
2633,M68140,NORPAT,2001-12-31 23:00:00+00,2017-10-13 22:00:00+00,basalmembranduplikasjon,
2634,M68190,NORPAT,2001-12-31 23:00:00+00,2017-10-13 22:00:00+00,basalmembranlignende material UNS,
2635,M68200,NORPAT,2001-12-31 23:00:00+00,2017-10-13 22:00:00+00,forandring i ekstracellulære fibre UNS,
2636,M68220,NORPAT,2001-12-31 23:00:00+00,2017-10-13 22:00:00+00,forandring i elastiske fibre,
2637,M68280,NORPAT,2001-12-31 23:00:00+00,2017-10-13 22:00:00+00,forandring i myelinskjede,
2638,M68480,NORPAT,2001-12-31 23:00:00+00,2017-10-13 22:00:00+00,ekstracellulær elektrontett avleiring,
2639,M68500,NORPAT,2001-12-31 23:00:00+00,2017-10-13 22:00:00+00,forandring i ekstracellulær matrix UNS,
2640,M68540,NORPAT,2001-12-31 23:00:00+00,2017-10-13 22:00:00+00,forandringer i mesangiet,
2641,M68550,NORPAT,2001-12-31 23:00:00+00,2017-10-13 22:00:00+00,øket mesangial matrix,
2642,M69000,NORPAT,2001-12-31 23:00:00+00,,cytologisk forandring (sannsynlig benign),
2643,M69010,NORPAT,2001-12-31 23:00:00+00,2017-10-13 22:00:00+00,cellepleomorfi,
2644,M69100,NORPAT,2017-10-14 22:00:00+00,,ASC-US: irregulære plateepitelceller av usikker betydning,
2645,M69130,NORPAT,2001-12-31 23:00:00+00,2017-10-13 22:00:00+00,Russel-legeme,
2646,M69200,NORPAT,2001-12-31 23:00:00+00,2017-10-13 22:00:00+00,forandring i cellestørrelse UNS,
2647,M69210,NORPAT,2001-12-31 23:00:00+00,2017-10-13 22:00:00+00,kjempecelle UNS,
2648,M69220,NORPAT,2001-12-31 23:00:00+00,2017-10-13 22:00:00+00,cytomegali,
2649,M69240,NORPAT,2001-12-31 23:00:00+00,2017-10-13 22:00:00+00,makrocytose,
2650,M69280,NORPAT,2001-12-31 23:00:00+00,2017-10-13 22:00:00+00,mikrocytose,
2651,M69300,NORPAT,2001-12-31 23:00:00+00,2017-10-13 22:00:00+00,forandring i celleform UNS,
2652,M69360,NORPAT,2001-12-31 23:00:00+00,2017-10-13 22:00:00+00,signetringcelle,
2653,M69400,NORPAT,2001-12-31 23:00:00+00,2017-10-13 22:00:00+00,forandring i cellestruktur UNS,
2654,M69420,NORPAT,2001-12-31 23:00:00+00,,syncytiedannelse,
2655,M69430,NORPAT,2001-12-31 23:00:00+00,2017-10-13 22:00:00+00,abnormt antall kjerner,
2656,M69440,NORPAT,2001-12-31 23:00:00+00,2017-10-13 22:00:00+00,binukleær celle,
2657,M69470,NORPAT,2001-12-31 23:00:00+00,2017-10-13 22:00:00+00,perinukleær halo,
2658,M69500,NORPAT,2001-12-31 23:00:00+00,2017-10-13 22:00:00+00,abnormt celleinnhold UNS,
2659,M69510,NORPAT,2001-12-31 23:00:00+00,2017-10-13 22:00:00+00,fagocytær celle,
2660,M69520,NORPAT,2001-12-31 23:00:00+00,2017-10-13 22:00:00+00,skumcelle,
2661,M69550,NORPAT,2001-12-31 23:00:00+00,2017-10-13 22:00:00+00,lipofag,
2662,M69600,NORPAT,2001-12-31 23:00:00+00,2017-10-13 22:00:00+00,abnorm mitose UNS,
2663,M69602,NORPAT,2001-12-31 23:00:00+00,2017-10-13 22:00:00+00,atypisk mitose,
2664,M69610,NORPAT,2001-12-31 23:00:00+00,2017-10-13 22:00:00+00,øket mitoseaktivitet,
2665,M69620,NORPAT,2001-12-31 23:00:00+00,2017-10-13 22:00:00+00,redusert mitoseaktivitet,
2666,M69700,NORPAT,2001-12-31 23:00:00+00,,cytologisk atypi,
2667,M69701,NORPAT,2017-10-14 22:00:00+00,,LSIL: lavgradig skvamøs intraepitelial lesjon,
2668,M69710,NORPAT,2001-12-31 23:00:00+00,,atypiske plateepitelceller,
2669,M69720,NORPAT,2001-12-31 23:00:00+00,,atypiske sylinderepitelceller,
2670,M69730,NORPAT,2019-01-15 23:00:00+00,,atypiske urotelialceller,
2671,M69760,NORPAT,2001-12-31 23:00:00+00,,malignitetssuspekte celler,
2672,M69780,NORPAT,2001-12-31 23:00:00+00,,celleforandringer ved betennelse,
2673,M69784,NORPAT,2017-10-14 22:00:00+00,,tissue repair,
2674,M69790,NORPAT,2001-12-31 23:00:00+00,,koilocytose,
2675,M69820,NORPAT,2001-12-31 23:00:00+00,2017-10-13 22:00:00+00,cellulær østrogeneffekt UNS,
2676,M69870,NORPAT,2001-12-31 23:00:00+00,,cellulær gestageneffekt,
2677,M70000,NORPAT,2001-12-31 23:00:00+00,,vekstforstyrrelse,
2678,M70010,NORPAT,2001-12-31 23:00:00+00,2017-10-13 22:00:00+00,abnorm enkondral ossifikasjon,
2679,M70110,NORPAT,2001-12-31 23:00:00+00,,vekstretardasjon,
2680,M70120,NORPAT,2001-12-31 23:00:00+00,2017-10-13 22:00:00+00,dverg UNS,
2681,M70400,NORPAT,2001-12-31 23:00:00+00,2017-10-13 22:00:00+00,vekstaksellerasjon UNS,
2682,M70420,NORPAT,2001-12-31 23:00:00+00,2017-10-13 22:00:00+00,akromegal vekstøkning,
2683,M70470,NORPAT,2001-12-31 23:00:00+00,2017-10-13 22:00:00+00,hypofysær vekstøkning,
2684,M70720,NORPAT,2001-12-31 23:00:00+00,2017-10-13 22:00:00+00,marantisk atrofi,
2685,M70920,NORPAT,2001-12-31 23:00:00+00,2017-10-13 22:00:00+00,cushingoid ansikt,
2686,M70980,NORPAT,2001-12-31 23:00:00+00,,cherubisme,
2687,M71000,NORPAT,2001-12-31 23:00:00+00,,hypertrofi,
2688,M71001,NORPAT,2001-12-31 23:00:00+00,2017-10-13 22:00:00+00,fokal hypertrofi,
2689,M71003,NORPAT,2001-12-31 23:00:00+00,2017-10-13 22:00:00+00,diffus hypertrofi,
2690,M71004,NORPAT,2001-12-31 23:00:00+00,2017-10-13 22:00:00+00,nodulær hypertrofi,
2691,M71005,NORPAT,2001-12-31 23:00:00+00,2017-10-13 22:00:00+00,asymmetrisk hypertrofi,
2692,M71006,NORPAT,2001-12-31 23:00:00+00,2017-10-13 22:00:00+00,akuttt hypertrofi,
2693,M71007,NORPAT,2001-12-31 23:00:00+00,2017-10-13 22:00:00+00,kronisk hypertrofi,
2694,M71010,NORPAT,2001-12-31 23:00:00+00,2017-10-13 22:00:00+00,primær hypertrofi,
2695,M71020,NORPAT,2001-12-31 23:00:00+00,2017-10-13 22:00:00+00,sekundær hypertrofi,
2696,M71070,NORPAT,2001-12-31 23:00:00+00,2017-10-13 22:00:00+00,kongestiv hypertrofi,
2697,M71090,NORPAT,2001-12-31 23:00:00+00,2017-10-13 22:00:00+00,pseudohypertrofi,
2698,M71110,NORPAT,2001-12-31 23:00:00+00,,juvenil mammahypertrofi,
2699,M71300,NORPAT,2001-12-31 23:00:00+00,2017-10-13 22:00:00+00,svær hypertrofi,
2700,M71330,NORPAT,2001-12-31 23:00:00+00,,hyperplastisk gastropati,
2701,M71340,NORPAT,2001-12-31 23:00:00+00,2017-10-13 22:00:00+00,cor bovinum,
2702,M71400,NORPAT,2001-12-31 23:00:00+00,,unormalt rikelig vekst av ben og/eller brusk,
2703,M71430,NORPAT,2001-12-31 23:00:00+00,,osteofytt,
2704,M71440,NORPAT,2001-12-31 23:00:00+00,,eksostose,
2705,M71570,NORPAT,2017-10-14 22:00:00+00,,hypersementose,
2706,M71600,NORPAT,2001-12-31 23:00:00+00,2017-10-13 22:00:00+00,struma UNS,
2707,M71620,NORPAT,2001-12-31 23:00:00+00,,kolloid struma,
2708,M71621,NORPAT,2001-12-31 23:00:00+00,2017-10-13 22:00:00+00,knutet kolloid struma,
2709,M71640,NORPAT,2001-12-31 23:00:00+00,2017-10-13 22:00:00+00,hyperplastisk struma,
2710,M71642,NORPAT,2001-12-31 23:00:00+00,2017-10-13 22:00:00+00,knutet hyperplastisk struma,
2711,M71650,NORPAT,2001-12-31 23:00:00+00,2017-10-13 22:00:00+00,intrathorakal struma,
2712,M71800,NORPAT,2001-12-31 23:00:00+00,,adipositas,
2713,M71801,NORPAT,2001-12-31 23:00:00+00,2017-10-13 22:00:00+00,svær adipositas,
2714,M71810,NORPAT,2001-12-31 23:00:00+00,2017-10-13 22:00:00+00,alimentær adipositas,
2715,M71820,NORPAT,2001-12-31 23:00:00+00,2017-10-13 22:00:00+00,endogen adipositas,
2716,M71850,NORPAT,2001-12-31 23:00:00+00,2017-10-13 22:00:00+00,intrathorakalt struma,
2717,M72000,NORPAT,2001-12-31 23:00:00+00,,hyperplasi,
2718,M72001,NORPAT,2001-12-31 23:00:00+00,2017-10-13 22:00:00+00,fokal hyperplasi,
2719,M72002,NORPAT,2001-12-31 23:00:00+00,2017-10-13 22:00:00+00,multifokal hyperplasi,
2720,M72003,NORPAT,2001-12-31 23:00:00+00,2017-10-13 22:00:00+00,diffus hyperplasi,
2721,M72004,NORPAT,2019-01-15 23:00:00+00,,uklassifiserbar sagtakket polypp uten dysplasi,
2722,M72005,NORPAT,2001-12-31 23:00:00+00,,"irregulær hyperplasi, usikker reaktiv/neoplastisk",
2723,M72010,NORPAT,2001-12-31 23:00:00+00,2017-10-13 22:00:00+00,primær hyperplasi,
2724,M72020,NORPAT,2001-12-31 23:00:00+00,2017-10-13 22:00:00+00,reaktiv hyperplasi UNS,
2725,M72030,NORPAT,2001-12-31 23:00:00+00,,nodulær hyperplasi,
2726,M72031,NORPAT,2001-12-31 23:00:00+00,2017-10-13 22:00:00+00,fokal knutet hyperplasi,
2727,M72032,NORPAT,2001-12-31 23:00:00+00,2017-10-13 22:00:00+00,multifokal knutet hyperplasi,
2728,M72040,NORPAT,2001-12-31 23:00:00+00,,hyperplastisk polypp,
2729,M72041,NORPAT,2017-10-14 22:00:00+00,,funduskjertelpolypp,
2730,M72050,NORPAT,2001-12-31 23:00:00+00,,papillær hyperplasi,
2731,M72060,NORPAT,2001-12-31 23:00:00+00,,enkel hyperplasi,
2732,M72070,NORPAT,2017-10-14 22:00:00+00,,hyperplasi uten atypi,
2733,M72080,NORPAT,2001-12-31 23:00:00+00,,mesotelhyperplasi,
2734,M72090,NORPAT,2001-12-31 23:00:00+00,,pseudokarsinomatøs hyperplasi,
2735,M72100,NORPAT,2001-12-31 23:00:00+00,2017-10-13 22:00:00+00,lobulær hyperplasi,
2736,M72101,NORPAT,2001-12-31 23:00:00+00,2017-10-13 22:00:00+00,fokal lobulær hyperplasi,
2737,M72105,NORPAT,2001-12-31 23:00:00+00,2017-10-13 22:00:00+00,"irregulær lobulær hyperplasi, usikker benign/malign",
2738,M72110,NORPAT,2001-12-31 23:00:00+00,2017-10-13 22:00:00+00,"klarcellet, kribriform hyperplasi",
2739,M72111,NORPAT,2001-12-31 23:00:00+00,,radiært arr,
2740,M72113,NORPAT,2017-10-14 22:00:00+00,,funduskjertelhyperplasi,
2741,M72120,NORPAT,2001-12-31 23:00:00+00,,basalcellehyperplasi,
2742,M72130,NORPAT,2017-10-14 22:00:00+00,,plateepitelcellehyperplasi,
2743,M72150,NORPAT,2001-12-31 23:00:00+00,2017-10-13 22:00:00+00,plasmacelle hyperplasi,
2744,M72170,NORPAT,2001-12-31 23:00:00+00,,intraduktal hyperplasi,
2745,M72175,NORPAT,2001-12-31 23:00:00+00,,"irregulær intraduktal hyperplasi, usikker benign/malign",
2746,M72177,NORPAT,2017-10-14 22:00:00+00,,flat epitelatypi,
2747,M7217A,NORPAT,2017-10-14 22:00:00+00,,atypisk intraduktal epitelproliferasjon,
2748,M72180,NORPAT,2001-12-31 23:00:00+00,2017-10-13 22:00:00+00,hyperplasi av retikuloendoteliale celler,
2749,M72190,NORPAT,2001-12-31 23:00:00+00,,nodulær regenerativ hyperplasi,
2750,M72200,NORPAT,2001-12-31 23:00:00+00,,lymfoid hyperplasi,
2751,M72201,NORPAT,2001-12-31 23:00:00+00,2017-10-13 22:00:00+00,fokal lymfoid hyperplasi,
2752,M72202,NORPAT,2001-12-31 23:00:00+00,2017-10-13 22:00:00+00,multifokal lymfoid hyperplasi,
2753,M72203,NORPAT,2001-12-31 23:00:00+00,2017-10-13 22:00:00+00,diffus lymfoid hyperplasi,
2754,M72204,NORPAT,2001-12-31 23:00:00+00,2017-10-13 22:00:00+00,disseminert lymfoid hyperplasi,
2755,M72205,NORPAT,2001-12-31 23:00:00+00,,"lymfoid hyperplasi, usikker reaktiv/neoplastisk",
2756,M72207,NORPAT,2001-12-31 23:00:00+00,2017-10-13 22:00:00+00,partiell lymfoid hyperplasi,
2757,M72210,NORPAT,2001-12-31 23:00:00+00,,"lymphocytoma cutis benigna, Spiegler-Fendt",
2758,M72220,NORPAT,2001-12-31 23:00:00+00,,dermatopatisk lymfadenopati,
2759,M72240,NORPAT,2001-12-31 23:00:00+00,,benign lymfoepitelial lesjon,
2760,M72250,NORPAT,2001-12-31 23:00:00+00,,progressivt transformerte kimsentre,
2761,M72260,NORPAT,2001-12-31 23:00:00+00,,benign angiofollikulær hyperplasi/Castlemans sykdom,
2762,M72264,NORPAT,2001-12-31 23:00:00+00,,multisentrisk Castlemans sykdom,
2763,M72280,NORPAT,2001-12-31 23:00:00+00,2017-10-13 22:00:00+00,immunoblastisk lymfadenopati,
2764,M72290,NORPAT,2001-12-31 23:00:00+00,,pseudolymfom,
2765,M72400,NORPAT,2001-12-31 23:00:00+00,2017-10-13 22:00:00+00,adenomatøs og stromal hyperplasi,
2766,M72420,NORPAT,2001-12-31 23:00:00+00,,adenomatøs hyperplasi,
2767,M72421,NORPAT,2001-12-31 23:00:00+00,2017-10-13 22:00:00+00,fokal adenomatøs hyperplasi,
2768,M72423,NORPAT,2001-12-31 23:00:00+00,2017-10-13 22:00:00+00,diffus adenomatøs hyperplasi,
2769,M72424,NORPAT,2001-12-31 23:00:00+00,2017-10-13 22:00:00+00,disseminert adenomatøs hyperplasi,
2770,M72425,NORPAT,2001-12-31 23:00:00+00,2017-10-13 22:00:00+00,"irregulær adenomatøs hyperplasi, usikker benign/malign",
2771,M72430,NORPAT,2001-12-31 23:00:00+00,,stromahyperplasi,
2772,M72435,NORPAT,2017-10-14 22:00:00+00,,pseudoangiomatøs stromal hyperplasi (PASH),
2773,M72440,NORPAT,2001-12-31 23:00:00+00,2017-10-13 22:00:00+00,adenomyomatøs hyperplasi,
2774,M72450,NORPAT,2001-12-31 23:00:00+00,2017-10-13 22:00:00+00,adenofibromyomatøs hyperplasi,
2775,M72460,NORPAT,2001-12-31 23:00:00+00,2017-10-13 22:00:00+00,fibromuskulær hyperplasi,
2776,M72480,NORPAT,2001-12-31 23:00:00+00,,mikroglandulær hyperplasi,
2777,M72500,NORPAT,2001-12-31 23:00:00+00,2017-10-13 22:00:00+00,senil hyperplasi UNS,
2778,M72530,NORPAT,2019-01-15 23:00:00+00,,klarcelleakantom,
2779,M72550,NORPAT,2001-12-31 23:00:00+00,2017-10-13 22:00:00+00,lipohyperplasi,
2780,M72570,NORPAT,2001-12-31 23:00:00+00,2017-10-13 22:00:00+00,reaktiv blodkarproliferasjon,
2781,M72575,NORPAT,2001-12-31 23:00:00+00,2017-10-13 22:00:00+00,"irregulær karproliferasjon, usikker reaktiv/neoplastisk",
2782,M72576,NORPAT,2001-12-31 23:00:00+00,2017-10-13 22:00:00+00,HIV-relatert lymfadenopati,
2783,M7257A,NORPAT,2017-10-14 22:00:00+00,,chorangiose,
2784,M7257B,NORPAT,2017-10-14 22:00:00+00,,chorangiomatose,
2785,M72580,NORPAT,2001-12-31 23:00:00+00,,mesonefrisk hyperplasi,
2786,M72595,NORPAT,2001-12-31 23:00:00+00,,irregulær melanocytthyperplasi,
2787,M72600,NORPAT,2001-12-31 23:00:00+00,,hyperkeratose,
2788,M72602,NORPAT,2017-10-14 22:00:00+00,,reaktiv hyperkeratose,
2789,M72609,NORPAT,2017-10-14 22:00:00+00,,hyperkeratose med dysplasi,
2790,M72610,NORPAT,2001-12-31 23:00:00+00,,"hyperkeratosis penetrans, Kyrle",
2791,M72710,NORPAT,2001-12-31 23:00:00+00,,akantose,
2792,M72740,NORPAT,2001-12-31 23:00:00+00,,clavus,
2793,M72750,NORPAT,2001-12-31 23:00:00+00,,seboréisk keratose,
2794,M72760,NORPAT,2001-12-31 23:00:00+00,,benign epidermal keratose,
2795,M72761,NORPAT,2017-10-14 22:00:00+00,,lichenoid keratose,
2796,M72762,NORPAT,2017-10-14 22:00:00+00,,lichen planus-liknende reaksjon,
2797,M72770,NORPAT,2001-12-31 23:00:00+00,,håret tunge,
2798,M72790,NORPAT,2001-12-31 23:00:00+00,,"akrokeratosis verruciformis, Hopf",
2799,M72820,NORPAT,2001-12-31 23:00:00+00,,keratosis spinulosis,
2800,M72830,NORPAT,2017-10-14 22:00:00+00,,leukoplaki,
2801,M72832,NORPAT,2017-10-14 22:00:00+00,,leukokeratose,
2802,M72840,NORPAT,2001-12-31 23:00:00+00,,cornu cutaneum,
2803,M72850,NORPAT,2001-12-31 23:00:00+00,,solar keratose,
2804,M72860,NORPAT,2001-12-31 23:00:00+00,2017-10-13 22:00:00+00,keratoakantom UNS,
2805,M72900,NORPAT,2001-12-31 23:00:00+00,,kolesteatom,
2806,M72920,NORPAT,2001-12-31 23:00:00+00,,invertert follikulær keratose,
2807,M72930,NORPAT,2001-12-31 23:00:00+00,,keratosis palmoplantaris,
2808,M72940,NORPAT,2001-12-31 23:00:00+00,,porokeratose,
2809,M72990,NORPAT,2001-12-31 23:00:00+00,,keratosis pilaris,
2810,M73000,NORPAT,2001-12-31 23:00:00+00,,metaplasi,
2811,M73001,NORPAT,2001-12-31 23:00:00+00,2017-10-13 22:00:00+00,fokal metaplasi,
2812,M73003,NORPAT,2001-12-31 23:00:00+00,2017-10-13 22:00:00+00,diffus metaplasi,
2813,M73005,NORPAT,2001-12-31 23:00:00+00,,"irregulær metaplasi, usikker reaktiv/neoplastisk",
2814,M73009,NORPAT,2001-12-31 23:00:00+00,2017-10-13 22:00:00+00,"atypisk metaplasi, prekankrøs",
2815,M73050,NORPAT,2001-12-31 23:00:00+00,,onkocytær metaplasi,
2816,M73070,NORPAT,2001-12-31 23:00:00+00,2017-10-13 22:00:00+00,vaskularisering,
2817,M73200,NORPAT,2001-12-31 23:00:00+00,2017-10-13 22:00:00+00,epitelial metaplasi UNS,
2818,M73201,NORPAT,2001-12-31 23:00:00+00,2017-10-13 22:00:00+00,fokal epitelial metaplasi,
2819,M73203,NORPAT,2001-12-31 23:00:00+00,2017-10-13 22:00:00+00,diffus epitelial metaplasi,
2820,M73205,NORPAT,2001-12-31 23:00:00+00,,"irregulær epitelial metaplasi, usikker reaktiv/neoplastisk",
2821,M73209,NORPAT,2001-12-31 23:00:00+00,2017-10-13 22:00:00+00,"atypisk epitelial metaplasi, prekankrøs",
2822,M73220,NORPAT,2001-12-31 23:00:00+00,,plateepitelmetaplasi,
2823,M73221,NORPAT,2001-12-31 23:00:00+00,2017-10-13 22:00:00+00,fokal plateepitelmetaplasi,
2824,M73223,NORPAT,2001-12-31 23:00:00+00,2017-10-13 22:00:00+00,diffus plateepitelmetaplasi,
2825,M73225,NORPAT,2001-12-31 23:00:00+00,,"irregulær plateepitelmetaplasi, usikker reaktiv/neoplastisk",
2826,M73229,NORPAT,2001-12-31 23:00:00+00,2017-10-13 22:00:00+00,"atypisk plateepitelmetaplasi, prekankrøs",
2827,M73240,NORPAT,2001-12-31 23:00:00+00,,epidermoid metaplasi,
2828,M73250,NORPAT,2001-12-31 23:00:00+00,2017-10-13 22:00:00+00,endocervikal metaplasi,
2829,M73260,NORPAT,2001-12-31 23:00:00+00,,overgangsepitelmetaplasi,
2830,M73270,NORPAT,2001-12-31 23:00:00+00,2017-10-13 22:00:00+00,endometrioid metaplasi,
2831,M73280,NORPAT,2001-12-31 23:00:00+00,,ciliær metaplasi,
2832,M73290,NORPAT,2001-12-31 23:00:00+00,,eosinofil metaplasi,
2833,M73292,NORPAT,2001-12-31 23:00:00+00,,papillær metaplasi,
2834,M73294,NORPAT,2001-12-31 23:00:00+00,2017-10-13 22:00:00+00,klarcellet metaplasi,
2835,M73300,NORPAT,2001-12-31 23:00:00+00,,kjertelmetaplasi,
2836,M73301,NORPAT,2001-12-31 23:00:00+00,2017-10-13 22:00:00+00,fokal kjertelmetaplasi,
2837,M73303,NORPAT,2001-12-31 23:00:00+00,2017-10-13 22:00:00+00,diffus kjertelmetaplasi,
2838,M73305,NORPAT,2001-12-31 23:00:00+00,,"irregulær kjertelmetaplasi, usikker reaktiv/neoplastisk",
2839,M73309,NORPAT,2001-12-31 23:00:00+00,2017-10-13 22:00:00+00,atypisk kjertelmetaplasi,
2840,M73310,NORPAT,2001-12-31 23:00:00+00,,apokrin metaplasi,
2841,M73320,NORPAT,2001-12-31 23:00:00+00,,intestinal metaplasi,
2842,M73325,NORPAT,2017-10-14 22:00:00+00,,pankreatisk metaplasi,
2843,M73330,NORPAT,2001-12-31 23:00:00+00,,gastrisk metaplasi,
2844,M73335,NORPAT,2017-10-14 22:00:00+00,,pseudopylorisk metaplasi,
2845,M73340,NORPAT,2001-12-31 23:00:00+00,,ureteritis cystica,
2846,M73370,NORPAT,2001-12-31 23:00:00+00,,cystitis cystica,
2847,M73380,NORPAT,2001-12-31 23:00:00+00,,nefrogent adenom,
2848,M73390,NORPAT,2001-12-31 23:00:00+00,2017-10-13 22:00:00+00,glandulær nekrotiserende metaplasi,
2849,M73400,NORPAT,2001-12-31 23:00:00+00,,ossøs metaplasi,
2850,M73410,NORPAT,2001-12-31 23:00:00+00,,myositis ossificans,
2851,M73450,NORPAT,2001-12-31 23:00:00+00,,osteoma cutis,
2852,M73500,NORPAT,2001-12-31 23:00:00+00,2017-10-13 22:00:00+00,myeloid metaplasi,
2853,M73600,NORPAT,2001-12-31 23:00:00+00,,kondroid metaplasi,
2854,M73670,NORPAT,2001-12-31 23:00:00+00,,synovial kondromatose,
2855,M74000,NORPAT,2001-12-31 23:00:00+00,,dysplasi,
2856,M74001,NORPAT,2001-12-31 23:00:00+00,2017-10-13 22:00:00+00,fokal dysplasi,
2857,M74003,NORPAT,2001-12-31 23:00:00+00,2017-10-13 22:00:00+00,diffus dysplasi,
2858,M74006,NORPAT,2001-12-31 23:00:00+00,,lett dysplasi i plateepitel,
2859,M74007,NORPAT,2001-12-31 23:00:00+00,,moderat dysplasi i plateepitel,
2860,M74010,NORPAT,2001-12-31 23:00:00+00,,dyskeratose,
2861,M74011,NORPAT,2017-10-14 22:00:00+00,,fokal dyskeratose,
2862,M74030,NORPAT,2001-12-31 23:00:00+00,,parakeratose,
2863,M74040,NORPAT,2001-12-31 23:00:00+00,,xeroderma pigmentosum,
2864,M74060,NORPAT,2001-12-31 23:00:00+00,,elastosis perforans serpiginosa,
2865,M74100,NORPAT,2001-12-31 23:00:00+00,2017-10-13 22:00:00+00,lipomatose UNS,
2866,M74190,NORPAT,2001-12-31 23:00:00+00,2017-10-13 22:00:00+00,pseudolipomatøs hypertrofi,
2867,M74200,NORPAT,2001-12-31 23:00:00+00,,adenose,
2868,M74201,NORPAT,2001-12-31 23:00:00+00,2017-10-13 22:00:00+00,fokal adenose,
2869,M74203,NORPAT,2001-12-31 23:00:00+00,2017-10-13 22:00:00+00,diffus adenose,
2870,M74204,NORPAT,2017-10-14 22:00:00+00,,mikroglandulær adenose,
2871,M74205,NORPAT,2001-12-31 23:00:00+00,,"irregulær adenose, usikker reaktiv/neoplastisk",
2872,M74209,NORPAT,2001-12-31 23:00:00+00,2017-10-13 22:00:00+00,"atypisk adenose, prekankrøs",
2873,M74220,NORPAT,2001-12-31 23:00:00+00,,skleroserende adenose,
2874,M74230,NORPAT,2001-12-31 23:00:00+00,2017-10-13 22:00:00+00,adenofibrose,
2875,M74240,NORPAT,2017-10-14 22:00:00+00,,"""blunt duct"" adenose",
2876,M7424A,NORPAT,2017-10-14 22:00:00+00,,sylindercelleforandringer,
2877,M74320,NORPAT,2001-12-31 23:00:00+00,,fibroadenomatose,
2878,M74400,NORPAT,2001-12-31 23:00:00+00,2017-10-13 22:00:00+00,ektodermal dysplasi UNS,
2879,M74410,NORPAT,2001-12-31 23:00:00+00,,iktyose,
2880,M74420,NORPAT,2001-12-31 23:00:00+00,2017-10-13 22:00:00+00,erhvervet iktyose,
2881,M74440,NORPAT,2001-12-31 23:00:00+00,,Dariers sykdom,
2882,M74441,NORPAT,2017-10-14 22:00:00+00,,akantolytisk akantom,
2883,M74450,NORPAT,2001-12-31 23:00:00+00,,verrukøst dyskeratom,
2884,M74500,NORPAT,2017-10-14 22:00:00+00,,osteokondrodysplasi,
2885,M74810,NORPAT,2001-12-31 23:00:00+00,2017-10-13 22:00:00+00,osteitis fibrosa UNS,
2886,M74840,NORPAT,2001-12-31 23:00:00+00,,osteitis fibrosa cystica,
2887,M74850,NORPAT,2017-10-14 22:00:00+00,,angiodysplasi,
2888,M74870,NORPAT,2001-12-31 23:00:00+00,,periapikal semental dysplasi,
2889,M74890,NORPAT,2017-10-14 22:00:00+00,,mesenkymal dysplasi,
2890,M74910,NORPAT,2001-12-31 23:00:00+00,,fibrøs dysplasi,
2891,M74940,NORPAT,2001-12-31 23:00:00+00,,ikke-ossifiserende fibrom,
2892,M74970,NORPAT,2001-12-31 23:00:00+00,,osteitis deformans (Pagets sykdom i ben),
2893,M75000,NORPAT,2001-12-31 23:00:00+00,,modningsforstyrrelse,
2894,M75010,NORPAT,2001-12-31 23:00:00+00,,modningshemning,
2895,M75100,NORPAT,2001-12-31 23:00:00+00,,øket modningsgrad,
2896,M75200,NORPAT,2001-12-31 23:00:00+00,,nedsatt modningsgrad,
2897,M75300,NORPAT,2001-12-31 23:00:00+00,,hypoplasi,
2898,M75320,NORPAT,2001-12-31 23:00:00+00,,lymfoid hypoplasi,
2899,M75400,NORPAT,2001-12-31 23:00:00+00,,aplasi,
2900,M75500,NORPAT,2001-12-31 23:00:00+00,,hamartom,
2901,M75520,NORPAT,2001-12-31 23:00:00+00,,choristom,
2902,M75530,NORPAT,2001-12-31 23:00:00+00,,nevus elasticus (bindevevsnevus),
2903,M75540,NORPAT,2001-12-31 23:00:00+00,,nevus flammeus,
2904,M75560,NORPAT,2001-12-31 23:00:00+00,,infantilt fibrøst hamartom,
2905,M75590,NORPAT,2001-12-31 23:00:00+00,,kollagent hamartom,
2906,M75620,NORPAT,2001-12-31 23:00:00+00,2017-10-13 22:00:00+00,biliært hamartom,
2907,M75630,NORPAT,2019-01-15 23:00:00+00,,hamartomatøs polypp,
2908,M75640,NORPAT,2019-01-15 23:00:00+00,,juvenil polypp,
2909,M75700,NORPAT,2001-12-31 23:00:00+00,,epidermisnevus (keratinocyttumor),
2910,M75710,NORPAT,2001-12-31 23:00:00+00,,hereditær leukokeratose,
2911,M75720,NORPAT,2001-12-31 23:00:00+00,,nevus comedonicus,
2912,M75730,NORPAT,2001-12-31 23:00:00+00,,adenoma sebaceum,
2913,M75740,NORPAT,2001-12-31 23:00:00+00,,nevus verrucosus,
2914,M75750,NORPAT,2001-12-31 23:00:00+00,,nevus sebaceus,
2915,M75760,NORPAT,2001-12-31 23:00:00+00,,nevus lipomatosus,
2916,M75900,NORPAT,2001-12-31 23:00:00+00,,hematopoietisk modningsforstyrrelse UNS,
2917,M75920,NORPAT,2001-12-31 23:00:00+00,2017-10-13 22:00:00+00,hematopoetisk modningsarrest i benmarg,
2918,M75930,NORPAT,2001-12-31 23:00:00+00,2017-10-13 22:00:00+00,leukocytær modningsforstyrrelse med venstreforskyvning,
2919,M75940,NORPAT,2001-12-31 23:00:00+00,2017-10-13 22:00:00+00,leukocytær modningsforstyrrelse med høyreforskyvning,
2920,M75950,NORPAT,2001-12-31 23:00:00+00,,megaloblastær erytropoiese,
2921,M75960,NORPAT,2001-12-31 23:00:00+00,2017-10-13 22:00:00+00,erytroid modningshemning,
2922,M76000,NORPAT,2001-12-31 23:00:00+00,,proliferasjon,
2923,M76005,NORPAT,2001-12-31 23:00:00+00,,"irregulær proliferasjon, usikker reaktiv/neoplastisk",
2924,M76020,NORPAT,2001-12-31 23:00:00+00,2017-10-13 22:00:00+00,hypercellularitet,
2925,M76025,NORPAT,2001-12-31 23:00:00+00,2017-10-13 22:00:00+00,"irregulær celleproliferasjon, usikker reaktiv/neoplastisk",
2926,M76050,NORPAT,2001-12-31 23:00:00+00,2017-10-13 22:00:00+00,kjertelproliferasjon,
2927,M76051,NORPAT,2001-12-31 23:00:00+00,2017-10-13 22:00:00+00,fokal kjertelproliferasjon,
2928,M76055,NORPAT,2001-12-31 23:00:00+00,,"irregulær kjertelproliferasjon, usikker reaktiv/neoplastisk",
2929,M76060,NORPAT,2001-12-31 23:00:00+00,,von Brunnske reder,
2930,M76070,NORPAT,2001-12-31 23:00:00+00,2017-10-13 22:00:00+00,intimaproliferasjon,
2931,M76080,NORPAT,2001-12-31 23:00:00+00,2017-10-13 22:00:00+00,epitelproliferasjon,
2932,M76085,NORPAT,2001-12-31 23:00:00+00,,"irregulær epitelproliferasjon, usikker reaktiv/neoplastisk",
2933,M76086,NORPAT,2001-12-31 23:00:00+00,,lett/moderat dysplasi i sylinderepitel,
2934,M76089,NORPAT,2021-01-28 23:00:00+00,,dysplasi i urotel,
2935,M76090,NORPAT,2001-12-31 23:00:00+00,,karproliferasjon,
2936,M76097,NORPAT,2001-12-31 23:00:00+00,2017-10-13 22:00:00+00,angiomatøs karproliferasjon,
2937,M76100,NORPAT,2001-12-31 23:00:00+00,,fibromatose,
2938,M76101,NORPAT,2001-12-31 23:00:00+00,2017-10-13 22:00:00+00,fokal fibromatose,
2939,M76103,NORPAT,2001-12-31 23:00:00+00,2017-10-13 22:00:00+00,diffus fibromatose,
2940,M76108,NORPAT,2001-12-31 23:00:00+00,2017-10-13 22:00:00+00,residiverende fibromatose,
2941,M76120,NORPAT,2001-12-31 23:00:00+00,2017-10-13 22:00:00+00,Dupuytrens kontraktur,
2942,M76130,NORPAT,2020-01-30 23:00:00+00,,nodulær fasciitt,
2943,M76150,NORPAT,2001-12-31 23:00:00+00,2017-10-13 22:00:00+00,muskuloaponeurotisk fibromatose,
2944,M76170,NORPAT,2001-12-31 23:00:00+00,2017-10-13 22:00:00+00,reaktiv fibromatose,
2945,M76180,NORPAT,2001-12-31 23:00:00+00,,fibrøs kortikal defekt,
2946,M76220,NORPAT,2001-12-31 23:00:00+00,,infantilt digitalt fibrom,
2947,M76240,NORPAT,2001-12-31 23:00:00+00,,diffus infantil fibromatose,
2948,M76300,NORPAT,2001-12-31 23:00:00+00,,angiektasi,
2949,M76301,NORPAT,2001-12-31 23:00:00+00,2017-10-13 22:00:00+00,fokal angiektasi,
2950,M76303,NORPAT,2001-12-31 23:00:00+00,2017-10-13 22:00:00+00,diffus angiektasi,
2951,M76304,NORPAT,2001-12-31 23:00:00+00,2017-10-13 22:00:00+00,generalisert angiektasi,
2952,M76305,NORPAT,2001-12-31 23:00:00+00,2017-10-13 22:00:00+00,primær angiektasi,
2953,M76306,NORPAT,2001-12-31 23:00:00+00,2017-10-13 22:00:00+00,sekundær angiektasi,
2954,M76310,NORPAT,2001-12-31 23:00:00+00,,hemangiomatose,
2955,M76311,NORPAT,2001-12-31 23:00:00+00,2017-10-13 22:00:00+00,fokal hemangiomatose,
2956,M76313,NORPAT,2001-12-31 23:00:00+00,2017-10-13 22:00:00+00,diffus hemangiomatose,
2957,M76314,NORPAT,2001-12-31 23:00:00+00,2017-10-13 22:00:00+00,generalisert hemangiomatose,
2958,M76315,NORPAT,2001-12-31 23:00:00+00,2017-10-13 22:00:00+00,primær hemangiomatose,
2959,M76316,NORPAT,2001-12-31 23:00:00+00,2017-10-13 22:00:00+00,sekundær hemangiomatose,
2960,M76320,NORPAT,2001-12-31 23:00:00+00,2017-10-13 22:00:00+00,telangiectasia macularis eruptiva perstans,
2961,M76380,NORPAT,2001-12-31 23:00:00+00,,kapillær telangiektasi,
2962,M76400,NORPAT,2001-12-31 23:00:00+00,,lymfangiektasi,
2963,M76401,NORPAT,2001-12-31 23:00:00+00,2017-10-13 22:00:00+00,fokal lymfangiektasi,
2964,M76403,NORPAT,2001-12-31 23:00:00+00,2017-10-13 22:00:00+00,diffus lymfangiektasi,
2965,M76404,NORPAT,2001-12-31 23:00:00+00,2017-10-13 22:00:00+00,generaliserte lymfangiektasier,
2966,M76405,NORPAT,2001-12-31 23:00:00+00,2017-10-13 22:00:00+00,primær lymfangiektasi,
2967,M76406,NORPAT,2001-12-31 23:00:00+00,2017-10-13 22:00:00+00,sekundær lymfangiektasi,
2968,M76410,NORPAT,2001-12-31 23:00:00+00,,lymfangiomatose,
2969,M76411,NORPAT,2001-12-31 23:00:00+00,2017-10-13 22:00:00+00,fokal lymfangiomatose,
2970,M76413,NORPAT,2001-12-31 23:00:00+00,2017-10-13 22:00:00+00,diffus lymfangiomatose,
2971,M76500,NORPAT,2001-12-31 23:00:00+00,,endometriose,
2972,M76510,NORPAT,2001-12-31 23:00:00+00,,adenomyose,
2973,M76560,NORPAT,2001-12-31 23:00:00+00,,endosalpingiose,
2974,M76600,NORPAT,2001-12-31 23:00:00+00,,"verruca, mulig virusinfeksjon",
2975,M76620,NORPAT,2001-12-31 23:00:00+00,,verruca plana,
2976,M76630,NORPAT,2001-12-31 23:00:00+00,,verruca vulgaris,
2977,M76640,NORPAT,2001-12-31 23:00:00+00,,"epidermodysplasia verruciformis, Lewandowsky-Lutz",
2978,M76660,NORPAT,2001-12-31 23:00:00+00,,molluscum contagiosum,
2979,M76670,NORPAT,2017-10-14 22:00:00+00,,verruca palmo-plantaris,
2980,M76700,NORPAT,2001-12-31 23:00:00+00,,kondylom,
2981,M76701,NORPAT,2017-10-14 22:00:00+00,,flatt kondylom,
2982,M76720,NORPAT,2001-12-31 23:00:00+00,,condyloma acuminatum,
2983,M76740,NORPAT,2001-12-31 23:00:00+00,,"kjempekondylom, Buschke-Löwenstein",
2984,M76750,NORPAT,2001-12-31 23:00:00+00,,condyloma latum,
2985,M76770,NORPAT,2001-12-31 23:00:00+00,,bowenoid papulose,
2986,M76800,NORPAT,2001-12-31 23:00:00+00,,polypp,
2987,M76801,NORPAT,2001-12-31 23:00:00+00,2017-10-13 22:00:00+00,bredbaset polypp,
2988,M76802,NORPAT,2001-12-31 23:00:00+00,2017-10-13 22:00:00+00,stilket polypp,
2989,M76803,NORPAT,2001-12-31 23:00:00+00,,"irregulær polypp, usikker reaktiv/neoplastisk",
2990,M76804,NORPAT,2001-12-31 23:00:00+00,2017-10-13 22:00:00+00,ulcerert polypp,
2991,M76805,NORPAT,2001-12-31 23:00:00+00,2017-10-13 22:00:00+00,polypp med reaktive forandringer,
2992,M76806,NORPAT,2001-12-31 23:00:00+00,2017-10-13 22:00:00+00,fibrovaskulær polypp,
2993,M76807,NORPAT,2001-12-31 23:00:00+00,2017-10-13 22:00:00+00,hyalinisert polypp,
2994,M76808,NORPAT,2001-12-31 23:00:00+00,2017-10-13 22:00:00+00,myksoid polypp,
2995,M76809,NORPAT,2001-12-31 23:00:00+00,2017-10-13 22:00:00+00,multiple polypper UNS,
2996,M76810,NORPAT,2001-12-31 23:00:00+00,,fibroepitelial polypp,
2997,M76820,NORPAT,2001-12-31 23:00:00+00,,betennelsespolypp,
2998,M76830,NORPAT,2001-12-31 23:00:00+00,,inflammatorisk fibroid polypp,
2999,M76834,NORPAT,2020-01-30 23:00:00+00,,mukosalt prolaps,
3000,M76835,NORPAT,2017-10-14 22:00:00+00,,inflammatorisk kloakogen polypp,
3001,M76840,NORPAT,2001-12-31 23:00:00+00,2017-10-13 22:00:00+00,mukøs polypp,
3002,M76850,NORPAT,2001-12-31 23:00:00+00,,epulis,
3003,M76880,NORPAT,2001-12-31 23:00:00+00,,lymfoid polypp,
3004,M76890,NORPAT,2001-12-31 23:00:00+00,,inflammatorisk pseudotumor,
3005,M76900,NORPAT,2001-12-31 23:00:00+00,,ikke-neoplastisk polypose,
3006,M76910,NORPAT,2019-01-15 23:00:00+00,,juvenil polypose,
3007,M77600,NORPAT,2001-12-31 23:00:00+00,2017-10-13 22:00:00+00,hematopoetisk celleproliferasjon UNS,
3008,M77610,NORPAT,2001-12-31 23:00:00+00,2017-10-13 22:00:00+00,leukemoid reaksjon,
3009,M77630,NORPAT,2001-12-31 23:00:00+00,2017-10-13 22:00:00+00,leukoerytroblastose UNS,
3010,M77700,NORPAT,2001-12-31 23:00:00+00,2017-10-13 22:00:00+00,polycytemi UNS,
3011,M77720,NORPAT,2001-12-31 23:00:00+00,2017-10-13 22:00:00+00,sekundær polycytemi,
3012,M77800,NORPAT,2001-12-31 23:00:00+00,,histiocytose,
3013,M77808,NORPAT,2001-12-31 23:00:00+00,,hemofagocyttisk lymfohistiocytose/syndrom,
3014,M77810,NORPAT,2001-12-31 23:00:00+00,2017-10-13 22:00:00+00,sinus histiocytose,
3015,M77880,NORPAT,2001-12-31 23:00:00+00,2017-10-13 22:00:00+00,retikulohistiocytom,
3016,M77890,NORPAT,2001-12-31 23:00:00+00,2017-10-13 22:00:00+00,reticulohistiocytose,
3017,M77940,NORPAT,2001-12-31 23:00:00+00,,sinushistiocytose med massiv lymfadenopati,
3018,M78000,NORPAT,2001-12-31 23:00:00+00,2017-10-13 22:00:00+00,unormal celle i perifert blod UNS,
3019,M78040,NORPAT,2001-12-31 23:00:00+00,2017-10-13 22:00:00+00,kjempetrombocytt i perifert blod,
3020,M78080,NORPAT,2001-12-31 23:00:00+00,2017-10-13 22:00:00+00,May-Hegglin celle i perifert blod,
3021,M78090,NORPAT,2001-12-31 23:00:00+00,2017-10-13 22:00:00+00,monocytoid celle i perifert blod,
3022,M78100,NORPAT,2001-12-31 23:00:00+00,2017-10-13 22:00:00+00,mitotisk celle UNS i perifert blod,
3023,M78130,NORPAT,2001-12-31 23:00:00+00,2017-10-13 22:00:00+00,Pelger-Huet celle i perifert blod,
3024,M78140,NORPAT,2001-12-31 23:00:00+00,2017-10-13 22:00:00+00,plasmacytoid celle i perifert blod,
3025,M78170,NORPAT,2001-12-31 23:00:00+00,2017-10-13 22:00:00+00,atypisk lymfocytt i perifert blod,
3026,M78200,NORPAT,2001-12-31 23:00:00+00,2017-10-13 22:00:00+00,formendring i rød blodcelle UNS,
3027,M78220,NORPAT,2001-12-31 23:00:00+00,2017-10-13 22:00:00+00,anisocytose,
3028,M78250,NORPAT,2001-12-31 23:00:00+00,2017-10-13 22:00:00+00,Burr-celle,
3029,M78300,NORPAT,2001-12-31 23:00:00+00,2017-10-13 22:00:00+00,poikilocytose,
3030,M78320,NORPAT,2001-12-31 23:00:00+00,,sigdcelle,
3031,M78330,NORPAT,2001-12-31 23:00:00+00,2017-10-13 22:00:00+00,sfærocytt,
3032,M78400,NORPAT,2001-12-31 23:00:00+00,2017-10-13 22:00:00+00,cytoplasmaforandring i hematopoetisk celle i perifert blod UNS,
3033,M78410,NORPAT,2001-12-31 23:00:00+00,2017-10-13 22:00:00+00,auerstav,
3034,M78420,NORPAT,2001-12-31 23:00:00+00,2017-10-13 22:00:00+00,asurofile granula,
3035,M78460,NORPAT,2001-12-31 23:00:00+00,2017-10-13 22:00:00+00,heinzlegemer,
3036,M78520,NORPAT,2001-12-31 23:00:00+00,2017-10-13 22:00:00+00,rosett-dannelse,
3037,M78560,NORPAT,2001-12-31 23:00:00+00,2017-10-13 22:00:00+00,LE-celle,
3038,M78600,NORPAT,2001-12-31 23:00:00+00,2017-10-13 22:00:00+00,erytrocyttavvik UNS,
3039,M78720,NORPAT,2001-12-31 23:00:00+00,2017-10-13 22:00:00+00,leukocytær marginering,
3040,M78730,NORPAT,2001-12-31 23:00:00+00,2017-10-13 22:00:00+00,leukostase,
3041,M79120,NORPAT,2001-12-31 23:00:00+00,2017-10-13 22:00:00+00,proliferasjonsfase i mamma,
3042,M79130,NORPAT,2001-12-31 23:00:00+00,2017-10-13 22:00:00+00,sekresjonsfase i mamma,
3043,M79150,NORPAT,2001-12-31 23:00:00+00,2017-10-13 22:00:00+00,graviditetshyperplasi,
3044,M79160,NORPAT,2001-12-31 23:00:00+00,,laktasjonsfase,
3045,M7916A,NORPAT,2017-10-14 22:00:00+00,,laktasjonsforandringer,
3046,M79300,NORPAT,2001-12-31 23:00:00+00,2017-10-13 22:00:00+00,sykliske forandringer i endometriet UNS,
3047,M79310,NORPAT,2001-12-31 23:00:00+00,,proliferasjonsfase,
3048,M79312,NORPAT,2001-12-31 23:00:00+00,2017-10-13 22:00:00+00,enkel hyperplasi med sekretorisk transformasjon,
3049,M79315,NORPAT,2001-12-31 23:00:00+00,,vekslende fasepreg,
3050,M79320,NORPAT,2001-12-31 23:00:00+00,,sekresjonsfase,
3051,M79330,NORPAT,2001-12-31 23:00:00+00,,menstruasjonsfase,
3052,M79340,NORPAT,2001-12-31 23:00:00+00,2017-10-13 22:00:00+00,anovulatorisk syklus,
3053,M79350,NORPAT,2001-12-31 23:00:00+00,2017-10-13 22:00:00+00,avstøtt endometrium,
3054,M79360,NORPAT,2001-12-31 23:00:00+00,2017-10-13 22:00:00+00,"inaktivt endometrium, før menopause",
3055,M7936A,NORPAT,2017-10-14 22:00:00+00,,inaktivt endometrium,
3056,M79370,NORPAT,2001-12-31 23:00:00+00,,atrofisk endometrium,
3057,M79380,NORPAT,2001-12-31 23:00:00+00,2017-10-13 22:00:00+00,regeneratorisk endometrium,
3058,M79390,NORPAT,2001-12-31 23:00:00+00,,hormonstimulert postmenopausalt endometrium,
3059,M79410,NORPAT,2001-12-31 23:00:00+00,,endometrium med graviditetsforandringer,
3060,M79420,NORPAT,2001-12-31 23:00:00+00,,uttalt trofoblastproliferasjon på placentas implantasjonssted,
3061,M79421,NORPAT,2017-10-14 22:00:00+00,,placental site nodule,
3062,M79430,NORPAT,2001-12-31 23:00:00+00,,Arias-Stella reaksjon,
3063,M79440,NORPAT,2001-12-31 23:00:00+00,2017-10-13 22:00:00+00,hypersekretorisk endometrium,
3064,M79445,NORPAT,2017-10-14 22:00:00+00,,forstyrret proliferasjonsfase,
3065,M79450,NORPAT,2001-12-31 23:00:00+00,2017-10-13 22:00:00+00,dysfunksjonell blødningsforstyrrelse,
3066,M79500,NORPAT,2001-12-31 23:00:00+00,,decidual reaksjon,
3067,M79510,NORPAT,2001-12-31 23:00:00+00,2017-10-13 22:00:00+00,decidua vera,
3068,M7951A,NORPAT,2017-10-14 22:00:00+00,,decidua,
3069,M79590,NORPAT,2001-12-31 23:00:00+00,,pseudodecidual reaksjon,
3070,M79680,NORPAT,2001-12-31 23:00:00+00,,luteom (hos gravid),
3071,M79900,NORPAT,2001-12-31 23:00:00+00,,regenerasjon,
3072,M79920,NORPAT,2001-12-31 23:00:00+00,2017-10-13 22:00:00+00,"irregulær regenerasjon, usikker reaktiv/neoplastisk",
3073,M79940,NORPAT,2001-12-31 23:00:00+00,2017-10-13 22:00:00+00,remyelinisering,
3074,M79960,NORPAT,2001-12-31 23:00:00+00,2017-10-13 22:00:00+00,reepitelialisering,
3075,M80000,NORPAT,2001-12-31 23:00:00+00,,uklassifiserbar benign tumor,
3076,M80001,NORPAT,2001-12-31 23:00:00+00,,"uklassifiserbar tumor, usikker benign/malign",
3077,M80002,NORPAT,2001-12-31 23:00:00+00,,uklassifiserbar preinvasiv tumor med atypi,
3078,M80003,NORPAT,2001-12-31 23:00:00+00,,uklassifiserbar malign tumor,
3079,M80004,NORPAT,2001-12-31 23:00:00+00,,uklassifiserbar malign tumor (direkte spredning),
3080,M80005,NORPAT,2001-12-31 23:00:00+00,2017-10-13 22:00:00+00,malign uklassifiserbar tumor med mikroinvasjon,
3081,M80006,NORPAT,2001-12-31 23:00:00+00,,uklassifiserbar malign tumor (metastase),
3082,M80007,NORPAT,2001-12-31 23:00:00+00,2017-10-13 22:00:00+00,residiv av malign uklassifiserbar tumor,
3083,M80008,NORPAT,2001-12-31 23:00:00+00,2017-10-13 22:00:00+00,malign uklassifiserbar tumor med regresjon,
3084,M80009,NORPAT,2001-12-31 23:00:00+00,,uklassifiserbar malign tumor (usikker primærtumor/metastase),
3085,M8000G,NORPAT,2017-10-14 22:00:00+00,,tumorvev til genteknologisk undersøkelse,
3086,M80010,NORPAT,2001-12-31 23:00:00+00,,uklassifiserbare benigne tumorceller,
3087,M80011,NORPAT,2001-12-31 23:00:00+00,,"tumorceller, usikkert benigne/maligne",
3088,M80012,NORPAT,2001-12-31 23:00:00+00,,"tumorceller, sannsynlig maligne",
3089,M80013,NORPAT,2001-12-31 23:00:00+00,,uklassifiserbare maligne tumorceller,
3090,M80016,NORPAT,2001-12-31 23:00:00+00,2017-10-13 22:00:00+00,uklassifiserbare maligne tumorceller (metastase),
3091,M80019,NORPAT,2001-12-31 23:00:00+00,2017-10-13 22:00:00+00,uklassifiserbare maligne tumorceller (usikker primærtumor/metastase),
3092,M8001A,NORPAT,2017-10-14 22:00:00+00,,isolerte tumorceller (ITC),
3093,M80023,NORPAT,2001-12-31 23:00:00+00,,uklassifiserbar malign småcellet tumor,
3094,M80026,NORPAT,2001-12-31 23:00:00+00,,uklassifiserbar malign småcellet tumor (metastase),
3095,M80029,NORPAT,2001-12-31 23:00:00+00,,uklassifiserbar malign småcellet tumor (usikker primærtumor/metastase),
3096,M80033,NORPAT,2001-12-31 23:00:00+00,,uklassifiserbar malign tumor med kjempeceller,
3097,M80036,NORPAT,2001-12-31 23:00:00+00,,uklassifiserbar malign tumor med kjempeceller (metastase),
3098,M80039,NORPAT,2001-12-31 23:00:00+00,,uklassifiserbar malign tumor med kjempeceller (usikker primærtumor/metastase),
3099,M80043,NORPAT,2001-12-31 23:00:00+00,,uklassifiserbar malign spolcellet tumor,
3100,M80046,NORPAT,2001-12-31 23:00:00+00,,uklassifiserbar malign spolcellet tumor (metastase),
3101,M80049,NORPAT,2001-12-31 23:00:00+00,,uklassifiserbar malign spolcellet tumor (usikker primærtumor/metastase),
3102,M80050,NORPAT,2017-10-14 22:00:00+00,,klarcelletumor,
3103,M80100,NORPAT,2001-12-31 23:00:00+00,,uklassifiserbar benign epitelial tumor,
3104,M80101,NORPAT,2001-12-31 23:00:00+00,,"uklassifiserbar epitelial tumor, usikker benign/malign",
3105,M80102,NORPAT,2001-12-31 23:00:00+00,,uklassifiserbar grov dysplasi/karsinom in situ,
3106,M80103,NORPAT,2001-12-31 23:00:00+00,,uklassifiserbart karsinom,
3107,M80104,NORPAT,2001-12-31 23:00:00+00,,uklassifiserbart karsinom (direkte spredning),
3108,M80105,NORPAT,2001-12-31 23:00:00+00,,uklassifiserbart mikroinvasivt karsinom,
3109,M80106,NORPAT,2001-12-31 23:00:00+00,,uklassifiserbar karsinommetastase,
3110,M80107,NORPAT,2001-12-31 23:00:00+00,2017-10-13 22:00:00+00,uklassifiserbart karsinomresidiv,
3111,M80108,NORPAT,2001-12-31 23:00:00+00,2017-10-13 22:00:00+00,uklassifiserbart karsinom med regresjon,
3112,M80109,NORPAT,2001-12-31 23:00:00+00,,uklassifiserbart karsinom (usikker primærtumor/metastase),
3113,M80123,NORPAT,2001-12-31 23:00:00+00,,storcellet karsinom,
3114,M80124,NORPAT,2017-10-14 22:00:00+00,,storcellet karsinom (direkte spredning),
3115,M80125,NORPAT,2017-10-14 22:00:00+00,,storcellet karsinom med mikroinvasjon,
3116,M80126,NORPAT,2001-12-31 23:00:00+00,,storcellet karsinom (metastase),
3117,M80129,NORPAT,2001-12-31 23:00:00+00,,storcellet karsinom (usikker primærtumor/metastase),
3118,M80133,NORPAT,2017-10-14 22:00:00+00,,"nevroendokrint karsinom, storcellet type (LNEC)",
3119,M80134,NORPAT,2017-10-14 22:00:00+00,,"nevroendokrint karsinom, storcellet type (LNEC) (direkte spredning)",
3120,M80136,NORPAT,2017-10-14 22:00:00+00,,"nevroendokrint karsinom, storcellet type (LNEC) (metastase)",
3121,M80139,NORPAT,2017-10-14 22:00:00+00,,"nevroendokrint karsinom, storcellet type (LNEC) (usikker primærtumor/metastase)",
3122,M80163,NORPAT,2021-12-31 23:00:00+00,,"nevroendokrint karsinom, småcellet type (SNEC)",
3123,M80164,NORPAT,2021-12-31 23:00:00+00,,"nevroendokrint karsinom, småcellet type (SNEC) (direkte spredning)",
3124,M80166,NORPAT,2021-12-31 23:00:00+00,,"nevroendokrint karsinom, småcellet type (SNEC) (metastase)",
3125,M80169,NORPAT,2021-12-31 23:00:00+00,,"nevroendokrint karsinom, småcellet type (SNEC) (usikker primærtumor/metastase)",
3126,M80193,NORPAT,2017-10-14 22:00:00+00,,ikke-småcellet karsinom,
3127,M80194,NORPAT,2017-10-14 22:00:00+00,,ikke-småcellet karsinom (direkte spredning),
3128,M80196,NORPAT,2017-10-14 22:00:00+00,,ikke-småcellet karsinom (metastase),
3129,M80199,NORPAT,2017-10-14 22:00:00+00,,ikke-småcellet karsinom (usikker primærtumor/metastase),
3130,M80203,NORPAT,2001-12-31 23:00:00+00,,udifferensiert karsinom,
3131,M80204,NORPAT,2001-12-31 23:00:00+00,,udifferensiert karsinom (direkte spredning),
3132,M80205,NORPAT,2001-12-31 23:00:00+00,2017-10-13 22:00:00+00,mikroinvasivt udifferensiert karsinom UNS,
3133,M80206,NORPAT,2001-12-31 23:00:00+00,,udifferensiert karsinom (metastase),
3134,M80207,NORPAT,2001-12-31 23:00:00+00,2017-10-13 22:00:00+00,residiv av udifferensiert karsinom UNS,
3135,M80208,NORPAT,2001-12-31 23:00:00+00,2017-10-13 22:00:00+00,udifferensiert karsinom UNS med regresjon,
3136,M80209,NORPAT,2001-12-31 23:00:00+00,,udifferensiert karsinom (usikker primærtumor/metastase),
3137,M80213,NORPAT,2001-12-31 23:00:00+00,,anaplastisk karsinom,
3138,M80214,NORPAT,2017-10-14 22:00:00+00,,anaplastisk karsinom (direkte spredning),
3139,M80215,NORPAT,2017-10-14 22:00:00+00,,anaplastisk karsinom med mikroinvasjon,
3140,M80216,NORPAT,2001-12-31 23:00:00+00,,anaplastisk karsinom (metastase),
3141,M80219,NORPAT,2001-12-31 23:00:00+00,,anaplastisk karsinom (usikker primærtumor/metastase),
3142,M80223,NORPAT,2001-12-31 23:00:00+00,,pleomorft karsinom,
3143,M80224,NORPAT,2017-10-14 22:00:00+00,,pleomorft karsinom (direkte spredning),
3144,M80226,NORPAT,2001-12-31 23:00:00+00,,pleomorft karsinom (metastase),
3145,M80229,NORPAT,2001-12-31 23:00:00+00,,pleomorft karsinom (usikker primærtumor/metastase),
3146,M80233,NORPAT,2017-10-14 22:00:00+00,,dedifferensiert karsinom,
3147,M80234,NORPAT,2017-10-14 22:00:00+00,,dedifferensiert karsinom (direkte spredning),
3148,M80236,NORPAT,2017-10-14 22:00:00+00,,dedifferensiert karsinom (metastase),
3149,M80239,NORPAT,2017-10-14 22:00:00+00,,dedifferensiert karsinom (usikker primærtumor/metastase),
3150,M80303,NORPAT,2001-12-31 23:00:00+00,2017-10-13 22:00:00+00,spolcellet karsinom med kjempeceller,
3151,M80306,NORPAT,2001-12-31 23:00:00+00,2017-10-13 22:00:00+00,spolcellet karsinom med kjempeceller (metastase),
3152,M80309,NORPAT,2001-12-31 23:00:00+00,2017-10-13 22:00:00+00,spolcellet karsinom med kjempeceller (usikker primærtumor/metastase),
3153,M80313,NORPAT,2001-12-31 23:00:00+00,,kjempecellekarsinom,
3154,M80314,NORPAT,2017-10-14 22:00:00+00,,kjempecellekarsinom (direkte spredning),
3155,M80316,NORPAT,2001-12-31 23:00:00+00,,kjempecellekarsinom (metastase),
3156,M80319,NORPAT,2001-12-31 23:00:00+00,,kjempecellekarsinom (usikker primærtumor/metastase),
3157,M80323,NORPAT,2001-12-31 23:00:00+00,,spolcellet karsinom,
3158,M80324,NORPAT,2017-10-14 22:00:00+00,,spolcellet karsinom (direkte spredning),
3159,M80325,NORPAT,2017-10-14 22:00:00+00,,spolcellet karsinom med mikroinvasjon,
3160,M80326,NORPAT,2001-12-31 23:00:00+00,,spolcellet karsinom (metastase),
3161,M80329,NORPAT,2001-12-31 23:00:00+00,,spolcellet karsinom (usikker primærtumor/metastase),
3162,M80333,NORPAT,2001-12-31 23:00:00+00,,pseudosarkomatøst karsinom,
3163,M80334,NORPAT,2017-10-14 22:00:00+00,,pseudosarkomatøst karsinom (direkte spredning),
3164,M80336,NORPAT,2001-12-31 23:00:00+00,,pseudosarkomatøst karsinom (metastase),
3165,M80339,NORPAT,2001-12-31 23:00:00+00,,pseudosarkomatøst karsinom (usikker primærtumor/metastase),
3166,M80400,NORPAT,2017-10-14 22:00:00+00,,nevroendokrincellehyperplasi (diffus idiopatisk pulmonal),
3167,M80401,NORPAT,2001-12-31 23:00:00+00,,tumorlet,
3168,M80403,NORPAT,2017-10-14 22:00:00+00,2022-12-30 23:00:00+00,skleroserende epiteloid fibrosarkom,
3169,M80406,NORPAT,2017-10-14 22:00:00+00,2022-12-30 23:00:00+00,skleroserende epiteloid fibrosarkom (metastase),
3170,M80409,NORPAT,2017-10-14 22:00:00+00,2022-12-30 23:00:00+00,skleroserende epiteloid fibrosarkom (usikker primærtumor/metastase),
3171,M80413,NORPAT,2001-12-31 23:00:00+00,,småcellet karsinom,
3172,M80414,NORPAT,2017-10-14 22:00:00+00,,småcellet karsinom (direkte spredning),
3173,M80415,NORPAT,2017-10-14 22:00:00+00,,småcellet karsinom med mikroinvasjon,
3174,M80416,NORPAT,2001-12-31 23:00:00+00,,småcellet karsinom (metastase),
3175,M80419,NORPAT,2001-12-31 23:00:00+00,,småcellet karsinom (usikker primærtumor/metastase),
3176,M80423,NORPAT,2001-12-31 23:00:00+00,,"småcellet karsinom, oat cell type",
3177,M80424,NORPAT,2017-10-14 22:00:00+00,,"småcellet karsinom, oat cell type (direkte spredning)",
3178,M80426,NORPAT,2001-12-31 23:00:00+00,,"småcellet karsinom, oat cell type (metastase)",
3179,M80429,NORPAT,2001-12-31 23:00:00+00,,"småcellet karsinom, oat cell type (usikker primærtumor/metastase)",
3180,M80433,NORPAT,2001-12-31 23:00:00+00,,"småcellet karsinom, spolcelletype",
3181,M80434,NORPAT,2017-10-14 22:00:00+00,,"småcellet karsinom, spolcelletype (direkte spredning)",
3182,M80436,NORPAT,2001-12-31 23:00:00+00,,"småcellet karsinom, spolcelletype (metastase)",
3183,M80439,NORPAT,2001-12-31 23:00:00+00,,"småcellet karsinom, spolcelletype (usikker primærtumor/metastase)",
3184,M80443,NORPAT,2022-12-31 23:00:00+00,,SMARCA4-defisient udifferensiert tumor i thorax,
3185,M80446,NORPAT,2001-12-31 23:00:00+00,2017-10-13 22:00:00+00,småcellet karsinom av intermediær celletype (metastase),
3186,M80449,NORPAT,2001-12-31 23:00:00+00,2017-10-13 22:00:00+00,småcellet karsinom av intermediær celletype (usikker primærtumor/metastase),
3187,M80453,NORPAT,2017-10-14 22:00:00+00,,kombinert småcellet karsinom,
3188,M80454,NORPAT,2017-10-14 22:00:00+00,,kombinert småcellet karsinom (direkte spredning),
3189,M80456,NORPAT,2017-10-14 22:00:00+00,,kombinert småcellet karsinom (metastase),
3190,M80459,NORPAT,2017-10-14 22:00:00+00,,kombinert småcellet karsinom (usikker primærtumor/metastase),
3191,M80463,NORPAT,2001-12-31 23:00:00+00,2017-10-13 22:00:00+00,småcellet karsinom med hyperkalsemi hos unge,
3192,M80466,NORPAT,2001-12-31 23:00:00+00,2017-10-13 22:00:00+00,småcellet karsinom med hyperkalsemi hos unge (metastase),
3193,M80469,NORPAT,2001-12-31 23:00:00+00,2017-10-13 22:00:00+00,småcellet karsinom med hyperkalsemi hos unge (usikker primærtumor/metastase),
3194,M804A3,NORPAT,2017-10-14 22:00:00+00,,"småcellet karsinom, hyperkalsemisk type",
3195,M804A6,NORPAT,2017-10-14 22:00:00+00,,"småcellet karsinom, hyperkalsemisk type (metastase)",
3196,M804A9,NORPAT,2017-10-14 22:00:00+00,,"småcellet karsinom, hyperkasemisk type (usikker primærtumor/metastase)",
3197,M80500,NORPAT,2001-12-31 23:00:00+00,,papillom,
3198,M80502,NORPAT,2001-12-31 23:00:00+00,2017-10-13 22:00:00+00,papillært karsinom UNS in situ,
3199,M80503,NORPAT,2001-12-31 23:00:00+00,2017-10-13 22:00:00+00,papillært karsinom UNS,
3200,M80506,NORPAT,2001-12-31 23:00:00+00,2017-10-13 22:00:00+00,papillært karsinom UNS (metastase),
3201,M80509,NORPAT,2001-12-31 23:00:00+00,2017-10-13 22:00:00+00,papillært karsinom UNS (usikker primærtumor/metastase),
3202,M80510,NORPAT,2001-12-31 23:00:00+00,2017-10-13 22:00:00+00,verrukøst papillom,
3203,M80513,NORPAT,2001-12-31 23:00:00+00,,verrukøst karsinom,
3204,M80514,NORPAT,2017-10-14 22:00:00+00,,verrukøst karsinom (direkte spredning),
3205,M80515,NORPAT,2017-10-14 22:00:00+00,,verrukøst karsinom med mikroinvasjon,
3206,M80516,NORPAT,2001-12-31 23:00:00+00,,verrukøst karsinom (metastase),
3207,M80519,NORPAT,2001-12-31 23:00:00+00,,verrukøst karsinom (usikker primærtumor/metastase),
3208,M80520,NORPAT,2001-12-31 23:00:00+00,,plateepitelpapillom,
3209,M80521,NORPAT,2001-12-31 23:00:00+00,,"plateepitelpapillom, usikkert benignt/malignt",
3210,M80522,NORPAT,2001-12-31 23:00:00+00,,plateepitelpapillom med atypi,
3211,M80523,NORPAT,2001-12-31 23:00:00+00,,papillært plateepitelkarsinom,
3212,M80524,NORPAT,2017-10-14 22:00:00+00,,papillært plateepitelkarsinom (direkte spredning),
3213,M80526,NORPAT,2001-12-31 23:00:00+00,,papillært plateepitelkarsinom (metastase),
3214,M80529,NORPAT,2001-12-31 23:00:00+00,,papillært plateepitelkarsinom (usikker primærtumor/metastase),
3215,M80530,NORPAT,2001-12-31 23:00:00+00,,invertert papillom,
3216,M80600,NORPAT,2001-12-31 23:00:00+00,,papillomatose,
3217,M80606,NORPAT,2001-12-31 23:00:00+00,2017-10-13 22:00:00+00,papillært adenokarsinom (metastase),
3218,M80609,NORPAT,2001-12-31 23:00:00+00,2017-10-13 22:00:00+00,papillært adenokarsinom (usikker primærtumor/metastase),
3219,M80701,NORPAT,2001-12-31 23:00:00+00,,"atypisk plateepitel, usikkert benignt/malignt",
3220,M80702,NORPAT,2001-12-31 23:00:00+00,,grov dysplasi/karsinom in situ i plateepitel,
3221,M80703,NORPAT,2001-12-31 23:00:00+00,,plateepitelkarsinom,
3222,M80704,NORPAT,2001-12-31 23:00:00+00,,plateepitelkarsinom (direkte spredning),
3223,M80705,NORPAT,2001-12-31 23:00:00+00,,mikroinvasivt plateepitelkarsinom,
3224,M80706,NORPAT,2001-12-31 23:00:00+00,,plateepitelkarsinom (metastase),
3225,M80707,NORPAT,2001-12-31 23:00:00+00,2017-10-13 22:00:00+00,residiv av plateepitelkarsinom UNS,
3226,M80708,NORPAT,2001-12-31 23:00:00+00,2017-10-13 22:00:00+00,plateepitelkarsinom UNS med regresjon,
3227,M80709,NORPAT,2001-12-31 23:00:00+00,,plateepitelkarsinom (usikker primærtumor/metastase),
3228,M80711,NORPAT,2017-10-14 22:00:00+00,,keratoakantom,
3229,M80712,NORPAT,2017-10-14 22:00:00+00,,differensiert intraepitelial neoplasi,
3230,M80713,NORPAT,2001-12-31 23:00:00+00,,keratiniserende plateepitelkarsinom,
3231,M80714,NORPAT,2017-10-14 22:00:00+00,,keratiniserende plateepitelkarsinom (direkte spredning),
3232,M80715,NORPAT,2017-10-14 22:00:00+00,,keratiniserende plateepitelkarsinom med mikroinvasjon,
3233,M80716,NORPAT,2001-12-31 23:00:00+00,,keratiniserende plateepitelkarsinom (metastase),
3234,M80719,NORPAT,2001-12-31 23:00:00+00,,keratiniserende plateepitelkarsinom (usikker primærtumor/metastase),
3235,M80722,NORPAT,2017-10-14 22:00:00+00,,storcellet plateepitelkarsinom in situ,
3236,M80723,NORPAT,2001-12-31 23:00:00+00,,ikke-keratiniserende plateepitelkarsinom,
3237,M80724,NORPAT,2017-10-14 22:00:00+00,,ikke-keratiniserende plateepitelkarsinom (direkte spredning),
3238,M80725,NORPAT,2017-10-14 22:00:00+00,,ikke-keratiniserende plateepitelkarsinom med mikroinvasjon,
3239,M80726,NORPAT,2001-12-31 23:00:00+00,,ikke-keratiniserende plateepitelkarsinom (metastase),
3240,M80729,NORPAT,2001-12-31 23:00:00+00,,ikke-keratiniserende plateepitelkarsinom (usikker primærtumor/metastase),
3241,M80733,NORPAT,2001-12-31 23:00:00+00,,småcellet plateepitelkarsinom,
3242,M80734,NORPAT,2017-10-14 22:00:00+00,,småcellet plateepitelkarsinom (direkte spredning),
3243,M80735,NORPAT,2017-10-14 22:00:00+00,,småcellet plateepitelkarsinom med mikroinvasjon,
3244,M80736,NORPAT,2001-12-31 23:00:00+00,,småcellet plateepitelkarsinom (metastase),
3245,M80739,NORPAT,2001-12-31 23:00:00+00,,småcellet plateepitelkarsinom (usikker primærtumor/metastase),
3246,M80743,NORPAT,2001-12-31 23:00:00+00,2017-10-13 22:00:00+00,spolcellet plateepitelkarsinom,
3247,M80746,NORPAT,2001-12-31 23:00:00+00,2017-10-13 22:00:00+00,spolcellet plateepitelkarsinom (metastase),
3248,M80749,NORPAT,2001-12-31 23:00:00+00,2017-10-13 22:00:00+00,spolcellet plateepitelkarsinom (usikker primærtumor/metastase),
3249,M80752,NORPAT,2017-10-14 22:00:00+00,,HSIL: høygradig skvamøs intraepitelial lesjon,
3250,M80753,NORPAT,2001-12-31 23:00:00+00,,pseudoglandulært plateepitelkarsinom,
3251,M80756,NORPAT,2001-12-31 23:00:00+00,,pseudoglandulært plateepitelkarsinom (metastase),
3252,M80759,NORPAT,2001-12-31 23:00:00+00,,pseudoglandulært plateepitelkarsinom (usikker primærtumor/metastase),
3253,M8075A,NORPAT,2017-10-14 22:00:00+00,,akantolytisk plateepitelkarsinom,
3254,M80762,NORPAT,2001-12-31 23:00:00+00,,plateepitelkarsinom in situ med mulig begynnende stromainfiltrasjon,
3255,M80763,NORPAT,2001-12-31 23:00:00+00,,plateepitelkarsinom med begynnende stromainfiltrasjon,
3256,M80766,NORPAT,2001-12-31 23:00:00+00,2017-10-13 22:00:00+00,plateepitelkarsinom med begynnende stromainfiltrasjon (metastase),
3257,M80769,NORPAT,2001-12-31 23:00:00+00,2017-10-13 22:00:00+00,plateepitelkarsinom med begynnende stromainfiltrasjon (usikker primærtumor/metastase),
3258,M80783,NORPAT,2017-10-14 22:00:00+00,,basaloid plateepitelkarsinom,
3259,M80786,NORPAT,2017-10-14 22:00:00+00,,basaloid plateepitelkarsinom (metastase),
3260,M80789,NORPAT,2017-10-14 22:00:00+00,,basaloid plateepitelkarsinom (usikker primærtumor/metastase),
3261,M807A1,NORPAT,2017-10-14 22:00:00+00,,"ASC-H: irregulære plateepitelceller med forandringer som kan gi mistanke om høygradig lesjon, men som ikke fyller alle kriteriene til diagnosen HSIL",
3262,M807C1,NORPAT,2017-10-14 22:00:00+00,,"atypisk plateepitel, usikkert benignt/malignt, cytologisk prøve",
3263,M80802,NORPAT,2001-12-31 23:00:00+00,,"erythroplasia, Queyrat",
3264,M80812,NORPAT,2001-12-31 23:00:00+00,,Bowens sykdom,
3265,M80823,NORPAT,2001-12-31 23:00:00+00,,lymfoepitelialt karsinom,
3266,M80824,NORPAT,2017-10-14 22:00:00+00,,lymfoepitelialt karsinom (direkte spredning),
3267,M80826,NORPAT,2001-12-31 23:00:00+00,,lymfoepitelialt karsinom (metastase),
3268,M80829,NORPAT,2001-12-31 23:00:00+00,,lymfoepitelialt karsinom (usikker primærtumor/metastase),
3269,M80833,NORPAT,2001-12-31 23:00:00+00,,lavt differensiert plateepitelkarsinom,
3270,M80834,NORPAT,2017-10-14 22:00:00+00,,lavt differensiert plateepitelkarsinom (direkte spredning),
3271,M80836,NORPAT,2001-12-31 23:00:00+00,,lavt differensiert plateepitelkarsinom (metastase),
3272,M80839,NORPAT,2001-12-31 23:00:00+00,,lavt differensiert plateepitelkarsinom (usikker primærtumor/metastase),
3273,M80843,NORPAT,2017-10-14 22:00:00+00,,klarcellet plateepitelkarsinom,
3274,M80844,NORPAT,2017-10-14 22:00:00+00,,klarcellet plateepitelkarsinom (direkte spredning),
3275,M80846,NORPAT,2017-10-14 22:00:00+00,,klarcellet plateepitelkarsinom (metastase),
3276,M80849,NORPAT,2017-10-14 22:00:00+00,,klarcellet plateepitelkarsinom (usikker primærtumor/metastase),
3277,M80901,NORPAT,2001-12-31 23:00:00+00,2017-10-13 22:00:00+00,"basalcelletumor, usikker benign/malign",
3278,M80902,NORPAT,2017-10-14 22:00:00+00,,superfisielt basalcellekarsinom,
3279,M80903,NORPAT,2001-12-31 23:00:00+00,,basalcellekarsinom,
3280,M80904,NORPAT,2017-10-14 22:00:00+00,,basalcellekarsinom (direkte spredning),
3281,M80906,NORPAT,2001-12-31 23:00:00+00,,basalcellekarsinom (metastase),
3282,M80909,NORPAT,2001-12-31 23:00:00+00,,basalcellekarsinom (usikker primærtumor/metastase),
3283,M80913,NORPAT,2001-12-31 23:00:00+00,2017-10-13 22:00:00+00,overfladisk multisentrisk basalcellekarsinom,
3284,M80916,NORPAT,2001-12-31 23:00:00+00,2017-10-13 22:00:00+00,overfladisk multisentrisk basalcellekarsinom (metastase),
3285,M80919,NORPAT,2001-12-31 23:00:00+00,2017-10-13 22:00:00+00,overfladisk multisentrisk basalcellekarsinom (usikker primærtumor/metastase),
3286,M80923,NORPAT,2001-12-31 23:00:00+00,,morfealiknende basalcellekarsinom,
3287,M80924,NORPAT,2017-10-14 22:00:00+00,,morfealiknende basalcellekarsinom (direkte spredning),
3288,M80926,NORPAT,2001-12-31 23:00:00+00,,morfealiknende basalcellekarsinom (metastase),
3289,M80929,NORPAT,2001-12-31 23:00:00+00,,morfealiknende basalcellekarsinom (usikker primærtumor/metastase),
3290,M80933,NORPAT,2001-12-31 23:00:00+00,,fibroepitelialt basalcellekarsinom,
3291,M80934,NORPAT,2017-10-14 22:00:00+00,,fibroepitelialt basalcellekarsinom (direkte spredning),
3292,M80936,NORPAT,2001-12-31 23:00:00+00,,fibroepitelialt basalcellekarsinom (metastase),
3293,M80939,NORPAT,2001-12-31 23:00:00+00,,fibroepitelialt basalcellekarsinom (usikker primærtumor/metastase),
3294,M80943,NORPAT,2017-10-14 22:00:00+00,,blandet basalcellekarsinom og plateepitelkarsinom,
3295,M80944,NORPAT,2017-10-14 22:00:00+00,,blandet basalcellekarsinom og plateepitelkarsinom (direkte spredning),
3296,M80946,NORPAT,2017-10-14 22:00:00+00,,blandet basalcellekarsinom og plateepitelkarsinom (metastase),
3297,M80949,NORPAT,2017-10-14 22:00:00+00,,blandet basalcellekarsinom og plateepitelkarsinom (usikker primærtumor/metastase),
3298,M80953,NORPAT,2001-12-31 23:00:00+00,,metatypisk karsinom,
3299,M80954,NORPAT,2017-10-14 22:00:00+00,,metatypisk karsinom (direkte spredning),
3300,M80956,NORPAT,2001-12-31 23:00:00+00,,metatypisk karsinom (metastase),
3301,M80959,NORPAT,2001-12-31 23:00:00+00,,metatypisk karsinom (usikker primærtumor/metastase),
3302,M80973,NORPAT,2001-12-31 23:00:00+00,,adenoid basalcellekarsinom,
3303,M80974,NORPAT,2017-10-14 22:00:00+00,,adenoid basalcellekarsinom (direkte spredning),
3304,M80976,NORPAT,2001-12-31 23:00:00+00,,adenoid basalcellekarsinom (metastase),
3305,M80979,NORPAT,2001-12-31 23:00:00+00,,adenoid basalcellekarsinom (usikker primærtumor/metastase),
3306,M809A3,NORPAT,2017-10-14 22:00:00+00,,mikronodulært basalcellekarsinom,
3307,M809A4,NORPAT,2017-10-14 22:00:00+00,,mikronodulært basalcellekarsinom (direkte spredning),
3308,M809A6,NORPAT,2017-10-14 22:00:00+00,,mikronodulært basalcellekarsinom (metastase),
3309,M809A9,NORPAT,2017-10-14 22:00:00+00,,mikronodulært basalcellekarsinom (usikker primærtumor/metastase),
3310,M809B3,NORPAT,2017-10-14 22:00:00+00,,infiltrerende basalcellekarsinom,
3311,M809B4,NORPAT,2017-10-14 22:00:00+00,,infiltrerende basalcellekarsinom (direkte spredning),
3312,M809B6,NORPAT,2017-10-14 22:00:00+00,,infiltrerende basalcellekarsinom (metastase),
3313,M809B9,NORPAT,2017-10-14 22:00:00+00,,infiltrerende basalcellekarsinom (usikker primærtumor/metastase),
3314,M81000,NORPAT,2001-12-31 23:00:00+00,,trichoepiteliom,
3315,M81010,NORPAT,2001-12-31 23:00:00+00,,trichofolliculom,
3316,M81020,NORPAT,2001-12-31 23:00:00+00,,tricholemmom,
3317,M81030,NORPAT,2001-12-31 23:00:00+00,,desmoplastisk trichoepiteliom,
3318,M81040,NORPAT,2001-12-31 23:00:00+00,,trichodiskom,
3319,M81091,NORPAT,2001-12-31 23:00:00+00,,prolifererende tricholemmacyste,
3320,M81100,NORPAT,2001-12-31 23:00:00+00,,pilomatrixom,
3321,M81200,NORPAT,2001-12-31 23:00:00+00,2017-10-13 22:00:00+00,"overgangsepitelpapillom UNS, WHO grad 0",
3322,M81201,NORPAT,2001-12-31 23:00:00+00,,"irregulær urotelproliferasjon, usikker benign/malign",
3323,M81202,NORPAT,2001-12-31 23:00:00+00,,urotelialt karsinom in situ i flat slimhinne,
3324,M81203,NORPAT,2001-12-31 23:00:00+00,,urotelialt karsinom,
3325,M812031,NORPAT,2001-12-31 23:00:00+00,2017-10-13 22:00:00+00,"overgangsepitelkarsinom, WHO grad 1",
3326,M812032,NORPAT,2001-12-31 23:00:00+00,2017-10-13 22:00:00+00,"overgangsepitelkarsinom, WHO grad 2",
3327,M812033,NORPAT,2001-12-31 23:00:00+00,2017-10-13 22:00:00+00,"overgangsepitelkarsinom, WHO grad 3",
3328,M812039,NORPAT,2001-12-31 23:00:00+00,2017-10-13 22:00:00+00,"overgangsepitelkarsinom, WHO grad ikke definerbar",
3329,M81204,NORPAT,2017-10-14 22:00:00+00,,urotelialt karsinom (direkte spredning),
3330,M81206,NORPAT,2001-12-31 23:00:00+00,,urotelialt karsinom (metastase),
3331,M81209,NORPAT,2001-12-31 23:00:00+00,,urotelialt karsinom (usikker primærtumor/metastase),
3332,M81210,NORPAT,2001-12-31 23:00:00+00,,overgangsepitelpapillom,
3333,M81211,NORPAT,2001-12-31 23:00:00+00,,invertert overgangsepitelpapillom,
3334,M81213,NORPAT,2001-12-31 23:00:00+00,,"karsinom, overgangsepiteltype",
3335,M81216,NORPAT,2001-12-31 23:00:00+00,,"karsinom, overgangsepiteltype (metastase)",
3336,M81219,NORPAT,2001-12-31 23:00:00+00,,"karsinom, overgangsepiteltype (usikker primærtumor/metastase)",
3337,M81233,NORPAT,2001-12-31 23:00:00+00,,basaloid karsinom,
3338,M81236,NORPAT,2001-12-31 23:00:00+00,,basaloid karsinom (metastase),
3339,M81239,NORPAT,2001-12-31 23:00:00+00,,basaloid karsinom (usikker primærtumor/metastase),
3340,M81243,NORPAT,2001-12-31 23:00:00+00,,kloakkogent karsinom,
3341,M81246,NORPAT,2001-12-31 23:00:00+00,,kloakkogent karsinom (metastase),
3342,M81249,NORPAT,2001-12-31 23:00:00+00,,kloakkogent karsinom (usikker primærtumor/metastase),
3343,M81300,NORPAT,2017-10-14 22:00:00+00,,invertert urotelialt papillom,
3344,M81301,NORPAT,2017-10-14 22:00:00+00,,papillært urotelialt neoplasme med lavt malignitetspotensiale,
3345,M81303,NORPAT,2001-12-31 23:00:00+00,,papillært urotelialt karsinom,
3346,M813031,NORPAT,2001-12-31 23:00:00+00,2017-10-13 22:00:00+00,"papillært overgangsepitelkarsinom, WHO grad 1, uten påvist infiltrasjon",
3347,M813032,NORPAT,2001-12-31 23:00:00+00,2017-10-13 22:00:00+00,"papillært overgangsepitelkarsinom, WHO grad 2, uten påvist infiltrasjon",
3348,M813033,NORPAT,2001-12-31 23:00:00+00,2017-10-13 22:00:00+00,"papillært overgangsepitelkarsinom, WHO grad 3, uten påvist infiltrasjon",
3349,M813039,NORPAT,2001-12-31 23:00:00+00,2017-10-13 22:00:00+00,"papillært overgangsepitelkarsinom, grad ikke definerbar/definert, uten påvist infiltrasjon",
3350,M81306,NORPAT,2001-12-31 23:00:00+00,2017-10-13 22:00:00+00,papillært overgangsepitelkarsinom UNS (metastase),
3351,M81309,NORPAT,2001-12-31 23:00:00+00,2017-10-13 22:00:00+00,papillært overgangsepitelkarsinom UNS (usikker primærtumor/metastase),
3352,M813131,NORPAT,2001-12-31 23:00:00+00,2017-10-13 22:00:00+00,"papillært overgangsepitelkarsinom, WHO grad 1, med infiltrerende vekst",
3353,M813132,NORPAT,2001-12-31 23:00:00+00,2017-10-13 22:00:00+00,"papillært overgangsepitelkarsinom, WHO grad 2, med infiltrerende vekst",
3354,M813133,NORPAT,2001-12-31 23:00:00+00,2017-10-13 22:00:00+00,"papillært overgangsepitelkarsinom, WHO grad 3, med infiltrerende vekst",
3355,M813139,NORPAT,2001-12-31 23:00:00+00,2017-10-13 22:00:00+00,"papillært overgangsepitelkarsinom med infiltrerende vekst, grad ikke definerbar/definert",
3356,M81316,NORPAT,2001-12-31 23:00:00+00,2017-10-13 22:00:00+00,"papillært overgangsepitelkarsinom, WHO grad 1, med infiltrerende vekst",
3357,M81319,NORPAT,2001-12-31 23:00:00+00,2017-10-13 22:00:00+00,"papillært overgangsepitelkarsinom, WHO grad 1, med infiltrerende vekst",
3358,M81400,NORPAT,2001-12-31 23:00:00+00,,adenom,
3359,M81401,NORPAT,2001-12-31 23:00:00+00,,"irregulært sylinderepitel, usikkert benignt/malignt",
3360,M81402,NORPAT,2001-12-31 23:00:00+00,,grov dysplasi i sylinderepitel/adenokarsinom in situ,
3361,M81403,NORPAT,2001-12-31 23:00:00+00,,adenokarsinom,
3362,M81404,NORPAT,2017-10-14 22:00:00+00,,adenokarsinom (direkte spredning),
3363,M81406,NORPAT,2001-12-31 23:00:00+00,,adenokarsinom (metastase),
3364,M81409,NORPAT,2001-12-31 23:00:00+00,,adenokarsinom (usikker primærtumor/metastase),
3365,M81413,NORPAT,2001-12-31 23:00:00+00,,skirrøst adenokarsinom,
3366,M81416,NORPAT,2001-12-31 23:00:00+00,,skirrøst adenokarsinom (metastase),
3367,M81419,NORPAT,2001-12-31 23:00:00+00,,skirrøst adenokarsinom (usikker primærtumor/metastase),
3368,M81423,NORPAT,2001-12-31 23:00:00+00,2017-10-13 22:00:00+00,linitis plastica,
3369,M81426,NORPAT,2001-12-31 23:00:00+00,2017-10-13 22:00:00+00,linitis plastica (metastase),
3370,M81429,NORPAT,2001-12-31 23:00:00+00,2017-10-13 22:00:00+00,linitis plastica (usikker primærtumor/metastase),
3371,M81443,NORPAT,2001-12-31 23:00:00+00,,"adenokarsinom, intestinal type",
3372,M81444,NORPAT,2017-10-14 22:00:00+00,,"adenokarsinom, intestinal type (direkte spredning)",
3373,M81446,NORPAT,2001-12-31 23:00:00+00,,"adenokarsinom, intestinal type (metastase)",
3374,M81449,NORPAT,2001-12-31 23:00:00+00,,"adenokarsinom, intestinal type (usikker primærtumor/metastase)",
3375,M81453,NORPAT,2001-12-31 23:00:00+00,2017-10-13 22:00:00+00,adenokarsinom av diffus type,
3376,M81456,NORPAT,2001-12-31 23:00:00+00,2017-10-13 22:00:00+00,adenokarsinom av diffus type (metastase),
3377,M81459,NORPAT,2001-12-31 23:00:00+00,2017-10-13 22:00:00+00,adenokarsinom av diffus type (usikker primærtumor/metastase),
3378,M81460,NORPAT,2001-12-31 23:00:00+00,2017-10-13 22:00:00+00,monomorft adenom,
3379,M81470,NORPAT,2001-12-31 23:00:00+00,,basalcelleadenom,
3380,M81471,NORPAT,2001-12-31 23:00:00+00,,"basalcelletumor, usikker benign/malign",
3381,M81473,NORPAT,2001-12-31 23:00:00+00,,basalcelleadenokarsinom,
3382,M81474,NORPAT,2017-10-14 22:00:00+00,,basalcelleadenokarsinom (direkte spredning),
3383,M81475,NORPAT,2017-10-14 22:00:00+00,,basalcelleadenokarsinom med mikroinvasjon,
3384,M81476,NORPAT,2001-12-31 23:00:00+00,,basalcelleadenokarsinom (metastase),
3385,M81479,NORPAT,2001-12-31 23:00:00+00,,basalcelleadenokarsinom (usikker primærtumor/metastase),
3386,M81482,NORPAT,2017-10-14 22:00:00+00,,PanIN-3: pankreatisk intraepitelial neoplasi,
3387,M81483,NORPAT,2001-12-31 23:00:00+00,,minimal deviasjon adenokarsinom,
3388,M81484,NORPAT,2017-10-14 22:00:00+00,,minimal deviasjon adenokarsinom (direkte spredning),
3389,M81486,NORPAT,2001-12-31 23:00:00+00,,minimal deviasjon adenokarsinom (metastase),
3390,M81489,NORPAT,2001-12-31 23:00:00+00,2017-10-13 22:00:00+00,minimal deviation adenokarsinom (usikker primærtumor/metastase),
3391,M81490,NORPAT,2017-10-14 22:00:00+00,,kanalikulært adenom,
3392,M81493,NORPAT,2001-12-31 23:00:00+00,2017-10-13 22:00:00+00,"lite adenocarcinomfokus i prostata, med < 3 foci i prostataspon eller < 5% i prostatectomi-preparat",
3393,M81496,NORPAT,2001-12-31 23:00:00+00,2017-10-13 22:00:00+00,"lite adenocarcinomfokus i prostata, med < 3 foci i prostataspon eller < 5% i prostatectomi-preparat",
3394,M81499,NORPAT,2001-12-31 23:00:00+00,2017-10-13 22:00:00+00,"lite adenocarcinomfokus i prostata, med < 3 foci i prostataspon eller < 5% i prostatectomi-preparat",
3395,M814A1,NORPAT,2017-10-14 22:00:00+00,,AGUS: irregulært sylinder/kjertelepitel av usikker opprinnelse og/eller signifikans,
3396,M814A2,NORPAT,2017-10-14 22:00:00+00,,ACIS: adenokarsinoma in situ,
3397,M81500,NORPAT,2001-12-31 23:00:00+00,2017-10-13 22:00:00+00,øycelleadenom,
3398,M81503,NORPAT,2001-12-31 23:00:00+00,2017-10-13 22:00:00+00,øycellekarsinom,
3399,M81506,NORPAT,2001-12-31 23:00:00+00,2017-10-13 22:00:00+00,oycellekarsinom (metastase),
3400,M81509,NORPAT,2001-12-31 23:00:00+00,2017-10-13 22:00:00+00,oycellekarsinom (usikker primærtumor/metastase),
3401,M81510,NORPAT,2001-12-31 23:00:00+00,2017-10-13 22:00:00+00,insulinom,
3402,M81520,NORPAT,2001-12-31 23:00:00+00,2017-10-13 22:00:00+00,glucagonom,
3403,M81531,NORPAT,2001-12-31 23:00:00+00,2017-10-13 22:00:00+00,gastrinom,
3404,M81543,NORPAT,2021-12-31 23:00:00+00,,blandet nevroendokrin/nonnevroendokrin neoplasme (MiNEN),
3405,M81544,NORPAT,2021-12-31 23:00:00+00,,blandet nevroendokrin/nonnevroendokrin neoplasme (MiNEN) (direkte spredning),
3406,M81546,NORPAT,2021-12-31 23:00:00+00,,blandet nevroendokrin/nonnevroendokrin neoplasme (MiNEN) (metastase),
3407,M81549,NORPAT,2021-12-31 23:00:00+00,,blandet nevroendokrin/nonnevroendokrin neoplasme (MiNEN) (usikker primærtumor/metastase),
3408,M81551,NORPAT,2001-12-31 23:00:00+00,2017-10-13 22:00:00+00,somatostominom,
3409,M81553,NORPAT,2001-12-31 23:00:00+00,2017-10-13 22:00:00+00,VIPom,
3410,M81556,NORPAT,2001-12-31 23:00:00+00,2017-10-13 22:00:00+00,VIPom (metastase),
3411,M81559,NORPAT,2001-12-31 23:00:00+00,2017-10-13 22:00:00+00,VIPom (usikker primærtumor/metastase),
3412,M81600,NORPAT,2001-12-31 23:00:00+00,2017-10-13 22:00:00+00,gallegangsadenom,
3413,M81603,NORPAT,2001-12-31 23:00:00+00,,cholangiokarsinom,
3414,M81606,NORPAT,2001-12-31 23:00:00+00,,cholangiokarsinom (metastase),
3415,M81609,NORPAT,2001-12-31 23:00:00+00,,cholangiokarsinom (usikker primærtumor/metastase),
3416,M81610,NORPAT,2001-12-31 23:00:00+00,2017-10-13 22:00:00+00,cystadenom i gallegang,
3417,M81613,NORPAT,2001-12-31 23:00:00+00,2017-10-13 22:00:00+00,cystadenokarsinom i gallegang,
3418,M81616,NORPAT,2001-12-31 23:00:00+00,2017-10-13 22:00:00+00,cystadenokarsinom i gallegang (metastase),
3419,M81619,NORPAT,2001-12-31 23:00:00+00,2017-10-13 22:00:00+00,cystadenokarsinom i gallegang (usikker primærtumor/metastase),
3420,M81623,NORPAT,2001-12-31 23:00:00+00,2017-10-13 22:00:00+00,Klatskin tumor,
3421,M81626,NORPAT,2001-12-31 23:00:00+00,2017-10-13 22:00:00+00,Klatskin tumor (metastase),
3422,M81629,NORPAT,2001-12-31 23:00:00+00,2017-10-13 22:00:00+00,Klatskin tumor (usikker primærtumor/metastase),
3423,M81700,NORPAT,2001-12-31 23:00:00+00,,hepatocellulært adenom,
3424,M81701,NORPAT,2001-12-31 23:00:00+00,,"adenomatøs hepatocellulær hyperplasi, usikker benign/malign",
3425,M81703,NORPAT,2001-12-31 23:00:00+00,,hepatocellulært karsinom,
3426,M81706,NORPAT,2001-12-31 23:00:00+00,,hepatocellulært karsinom (metastase),
3427,M81709,NORPAT,2001-12-31 23:00:00+00,,hepatocellulært karsinom (usikker primærtumor/metastase),
3428,M81713,NORPAT,2001-12-31 23:00:00+00,,fibrolamellært karsinom,
3429,M81716,NORPAT,2001-12-31 23:00:00+00,,fibrolamellært karsinom (metastase),
3430,M81719,NORPAT,2001-12-31 23:00:00+00,,fibrolamellært karsinom (usikker primærtumor/metastase),
3431,M81723,NORPAT,2017-10-14 22:00:00+00,,hepatoid karsinom,
3432,M81803,NORPAT,2017-10-14 22:00:00+00,,kombinert hepatocellulært- og cholangiokarsinom,
3433,M81806,NORPAT,2017-10-14 22:00:00+00,,kombinert hepatocellulært- og cholangiokarsinom (metastase),
3434,M81809,NORPAT,2017-10-14 22:00:00+00,,kombinert hepatocellulært- og cholangiokarsinom (usikker primærtumor/metastase),
3435,M81900,NORPAT,2001-12-31 23:00:00+00,2017-10-13 22:00:00+00,trabekulært adenom,
3436,M81910,NORPAT,2001-12-31 23:00:00+00,2017-10-13 22:00:00+00,embryonalt adenom,
3437,M82000,NORPAT,2001-12-31 23:00:00+00,,cylindrom,
3438,M82003,NORPAT,2001-12-31 23:00:00+00,,adenoid cystisk karsinom,
3439,M82004,NORPAT,2017-10-14 22:00:00+00,,adenoid cystisk karsinom (direkte spredning),
3440,M82006,NORPAT,2001-12-31 23:00:00+00,,adenoid cystisk karsinom (metastase),
3441,M82009,NORPAT,2001-12-31 23:00:00+00,,adenoid cystisk karsinom (usikker primærtumor/metastase),
3442,M82013,NORPAT,2017-10-14 22:00:00+00,,kribriformt karsinom,
3443,M82014,NORPAT,2017-10-14 22:00:00+00,,kribriformt karsinom (direkte spredning),
3444,M82016,NORPAT,2017-10-14 22:00:00+00,,kribriformt karsinom (metastase),
3445,M82019,NORPAT,2017-10-14 22:00:00+00,,kribriformt karsinom (usikker primærtumor/metastase),
3446,M82100,NORPAT,2001-12-31 23:00:00+00,2017-10-13 22:00:00+00,adenomatøs polypp UNS,
3447,M82101,NORPAT,2019-01-15 23:00:00+00,,uklassifiserbart adenom med lavgradig dysplasi,
3448,M82102,NORPAT,2019-01-15 23:00:00+00,,uklassifiserbart adenom med høygradig dysplasi,
3449,M82103,NORPAT,2001-12-31 23:00:00+00,,adenokarsinom i adenomatøs polypp,
3450,M82106,NORPAT,2001-12-31 23:00:00+00,2017-10-13 22:00:00+00,adenokarsinom i adenomatos polypp (metastase),
3451,M82109,NORPAT,2001-12-31 23:00:00+00,2017-10-13 22:00:00+00,adenokarsinom i adenomatos polypp (usikker primærtumor/metastase),
3452,M82110,NORPAT,2001-12-31 23:00:00+00,,tubulært adenom,
3453,M82111,NORPAT,2001-12-31 23:00:00+00,,tubulært adenom med lavgradig dysplasi,
3454,M82112,NORPAT,2001-12-31 23:00:00+00,,tubulært adenom med  høygradig dysplasi,
3455,M82113,NORPAT,2001-12-31 23:00:00+00,,infiltrerende tubulært karsinom,
3456,M82116,NORPAT,2001-12-31 23:00:00+00,,infiltrerende tubulært karsinom (metastase),
3457,M82119,NORPAT,2001-12-31 23:00:00+00,,infiltrerende tubulært karsinom (usikker primærtumor/metastase),
3458,M82120,NORPAT,2001-12-31 23:00:00+00,2017-10-13 22:00:00+00,lakterende adenom,
3459,M82130,NORPAT,2017-10-14 22:00:00+00,,sagtakket adenom,
3460,M82131,NORPAT,2017-10-14 22:00:00+00,,tradisjonelt sagtakket adenom med lavgradig dysplasi,
3461,M82132,NORPAT,2020-01-30 23:00:00+00,,tradisjonelt sagtakket adenom med høygradig dysplasi,
3462,M82133,NORPAT,2017-10-14 22:00:00+00,,sagtakket adenokarsinom,
3463,M8213M,NORPAT,2017-10-14 22:00:00+00,,blandet adenom og hyperplastisk polypp,
3464,M8213P,NORPAT,2019-01-15 23:00:00+00,,sagtakket polypose,
3465,M82140,NORPAT,2017-10-14 22:00:00+00,,bredbaset sagtakket lesjon uten dysplasi,
3466,M82141,NORPAT,2017-10-14 22:00:00+00,2021-01-27 23:00:00+00,bredbaset sagtakket polypp med lavgradig dysplasi,
3467,M82142,NORPAT,2017-10-14 22:00:00+00,,bredbaset sagtakket lesjon med dysplasi,
3468,M82143,NORPAT,2017-10-14 22:00:00+00,,adenokarsinom i bredbaset sagtakket lesjon,
3469,M82153,NORPAT,2017-10-14 22:00:00+00,,adenokarsinom i tradisjonelt sagtakket adenom,
3470,M82200,NORPAT,2001-12-31 23:00:00+00,2017-10-13 22:00:00+00,familiær adenomatøs polyppose,
3471,M82203,NORPAT,2001-12-31 23:00:00+00,2017-10-13 22:00:00+00,adenokarsinom ved polypposis coli,
3472,M82206,NORPAT,2001-12-31 23:00:00+00,2017-10-13 22:00:00+00,adenokarsinom ved polypposis coli (metastase),
3473,M82209,NORPAT,2001-12-31 23:00:00+00,2017-10-13 22:00:00+00,adenokarsinom ved polypposis coli (usikker primærtumor/metastase),
3474,M82210,NORPAT,2001-12-31 23:00:00+00,2017-10-13 22:00:00+00,multiple tubulære adenomer,
3475,M82303,NORPAT,2001-12-31 23:00:00+00,,solid adenokarsinom,
3476,M82304,NORPAT,2017-10-14 22:00:00+00,,solid adenokarsinom (direkte spredning),
3477,M82306,NORPAT,2001-12-31 23:00:00+00,,solid adenokarsinom (metastase),
3478,M82309,NORPAT,2001-12-31 23:00:00+00,,solid adenokarsinom (usikker primærtumor/metastase),
3479,M82401,NORPAT,2001-12-31 23:00:00+00,,karsinoid tumor,
3480,M82402,NORPAT,2001-12-31 23:00:00+00,2017-10-13 22:00:00+00,atypisk karsinoid tumor i lunge,
3481,M82403,NORPAT,2001-12-31 23:00:00+00,,nevroendokrin tumor G1 (NET),
3482,M82404,NORPAT,2017-10-14 22:00:00+00,,nevroendokrin tumor G1 (NET) (direkte spredning),
3483,M82406,NORPAT,2001-12-31 23:00:00+00,,nevroendokrin tumor G1 (NET) (metastase),
3484,M82409,NORPAT,2001-12-31 23:00:00+00,,nevroendokrin tumor G1 (NET) (usikker primærtumor/metastase),
3485,M82411,NORPAT,2001-12-31 23:00:00+00,2017-10-13 22:00:00+00,argentaffin karsinoid tumor UNS,
3486,M82413,NORPAT,2001-12-31 23:00:00+00,2017-10-13 22:00:00+00,malign argentaffin karsinoid tumor,
3487,M82416,NORPAT,2001-12-31 23:00:00+00,2017-10-13 22:00:00+00,malign argentaffin karsinoid tumor (metastase),
3488,M82419,NORPAT,2001-12-31 23:00:00+00,2017-10-13 22:00:00+00,malign argentaffin karsinoid tumor (usikker primærtumor/metastase),
3489,M82421,NORPAT,2001-12-31 23:00:00+00,2017-10-13 22:00:00+00,non-argentaffin karsinoid tumor UNS,
3490,M82423,NORPAT,2001-12-31 23:00:00+00,2017-10-13 22:00:00+00,non-argentaffin malign karsinoid tumor,
3491,M82426,NORPAT,2001-12-31 23:00:00+00,2017-10-13 22:00:00+00,non-argentaffin malign karsinoid tumor (metastase),
3492,M82429,NORPAT,2001-12-31 23:00:00+00,2017-10-13 22:00:00+00,non-argentaffin malign karsinoid tumor (usikker primærtumor/metastase),
3493,M82433,NORPAT,2001-12-31 23:00:00+00,,begercelleadenokarsinom,
3494,M82436,NORPAT,2001-12-31 23:00:00+00,,begercelleadenokarsinom (metastase),
3495,M82439,NORPAT,2001-12-31 23:00:00+00,,begercelleadenokarsinom (usikker primærtumor/metastase),
3496,M82443,NORPAT,2001-12-31 23:00:00+00,,adenokarsinom med nevroendokrin differensiering (MANEC),
3497,M82446,NORPAT,2001-12-31 23:00:00+00,2017-10-13 22:00:00+00,adenokarsinom med neuroendokrin differensiering (metastase),
3498,M82449,NORPAT,2001-12-31 23:00:00+00,2017-10-13 22:00:00+00,adenokarsinom med neuroendokrin differensiering (usikker primærtumor/metastase),
3499,M82453,NORPAT,2001-12-31 23:00:00+00,2017-10-13 22:00:00+00,adenokarsinoid tumor,
3500,M82456,NORPAT,2001-12-31 23:00:00+00,2017-10-13 22:00:00+00,adenokarsinoid tumor (metastase),
3501,M82459,NORPAT,2001-12-31 23:00:00+00,2017-10-13 22:00:00+00,adenokarsinoid tumor (usikker primærtumor/metastase),
3502,M82461,NORPAT,2001-12-31 23:00:00+00,,nevroendokrin tumor,
3503,M82463,NORPAT,2001-12-31 23:00:00+00,,nevroendokrint karsinom (NEC),
3504,M82464,NORPAT,2017-10-14 22:00:00+00,,nevroendokrint karsinom (NEC) (direkte spredning),
3505,M82466,NORPAT,2001-12-31 23:00:00+00,,nevroendokrint karsinom (NEC) (metastase),
3506,M82469,NORPAT,2001-12-31 23:00:00+00,,nevroendokrint karsinom (NEC) (usikker primærtumor/metastase),
3507,M82473,NORPAT,2001-12-31 23:00:00+00,,merkelcellekarsinom,
3508,M82474,NORPAT,2017-10-14 22:00:00+00,,merkelcellekarsinom (direkte spredning),
3509,M82476,NORPAT,2001-12-31 23:00:00+00,,merkelcellekarsinom (metastase),
3510,M82479,NORPAT,2001-12-31 23:00:00+00,,merkelcellekarsinom (usikker primærtumor/metastase),
3511,M82481,NORPAT,2001-12-31 23:00:00+00,2017-10-13 22:00:00+00,APUDom,
3512,M82483,NORPAT,2021-12-31 23:00:00+00,,nevroendokrin tumor G3 (NET),
3513,M82484,NORPAT,2021-12-31 23:00:00+00,,nevroendokrin tumor G3 (NET) (direkte spredning),
3514,M82486,NORPAT,2021-12-31 23:00:00+00,,nevroendokrin tumor G3 (NET) (metastase),
3515,M82489,NORPAT,2021-12-31 23:00:00+00,,nevroendokrin tumor G3 (NET) (usikker primærtumor/metastase),
3516,M82493,NORPAT,2017-10-14 22:00:00+00,,nevroendokrin tumor G2 (NET),
3517,M82494,NORPAT,2017-10-14 22:00:00+00,,nevroendokrin tumor G2 (NET) (direkte spredning),
3518,M82496,NORPAT,2017-10-14 22:00:00+00,,nevroendokrin tumor G2 (NET) (metastase),
3519,M82499,NORPAT,2017-10-14 22:00:00+00,,nevroendokrin tumor G2 (NET) (usikker primærtumor/metastase),
3520,M82501,NORPAT,2017-10-14 22:00:00+00,,atypisk adenomatøs hyperplasi,
3521,M82502,NORPAT,2017-10-14 22:00:00+00,,minimalt infiltrerende ikke-mucinøst adenokarsinom,
3522,M82503,NORPAT,2001-12-31 23:00:00+00,,lepidisk adenokarsinom,
3523,M82504,NORPAT,2017-10-14 22:00:00+00,,lepidisk adenokarsinom (direkte spredning),
3524,M82506,NORPAT,2001-12-31 23:00:00+00,,lepidisk adenokarsinom (metastase),
3525,M82509,NORPAT,2001-12-31 23:00:00+00,,lepidisk adenokarsinom (usikker primærtumor/metastase),
3526,M82510,NORPAT,2017-10-14 22:00:00+00,,alveolærcelleadenom,
3527,M82533,NORPAT,2017-10-14 22:00:00+00,,infiltrerende mucinøst adenokarsinom,
3528,M82534,NORPAT,2017-10-14 22:00:00+00,,infiltrerende mucinøst adenokarsinom (direkte spredning),
3529,M82536,NORPAT,2017-10-14 22:00:00+00,,infiltrerende mucinøst adenokarsinom (metastase),
3530,M82539,NORPAT,2017-10-14 22:00:00+00,,infiltrerende mucinøst adenokarsinom (usikker primærtumor/metastase),
3531,M82543,NORPAT,2017-10-14 22:00:00+00,,blandet infiltrerende mucinøst og ikke-mucinøst adenokarsinom,
3532,M82544,NORPAT,2017-10-14 22:00:00+00,,blandet infiltrerende mucinøst og ikke-mucinøst adenokarsinom (direkte spredning),
3533,M82546,NORPAT,2017-10-14 22:00:00+00,,blandet infiltrerende mucinøst og ikke-mucinøst adenokarsinom (metastase),
3534,M82549,NORPAT,2017-10-14 22:00:00+00,,blandet infiltrerende mucinøst og ikke-mucinøst adenokarsinom (usikker primærtumor/metastase),
3535,M82550,NORPAT,2017-10-14 22:00:00+00,,adenom av rete ovarii,
3536,M82553,NORPAT,2017-10-14 22:00:00+00,,adenokarsinom av rete ovarii,
3537,M82554,NORPAT,2017-10-14 22:00:00+00,,adenokarsinom i rete ovarii (direkte spredning),
3538,M82556,NORPAT,2017-10-14 22:00:00+00,,adenokarsinom i rete ovarii (metastase),
3539,M82559,NORPAT,2017-10-14 22:00:00+00,,adenokarsinom i rete ovarii (usikker primærtumor/metastase),
3540,M82573,NORPAT,2017-10-14 22:00:00+00,,minimalt infiltrerende mucinøst adenokarsinom,
3541,M82576,NORPAT,2017-10-14 22:00:00+00,,minimalt infiltrerende mucinøst adenokarsinom (metastase),
3542,M82600,NORPAT,2001-12-31 23:00:00+00,,papillært adenom,
3543,M82603,NORPAT,2001-12-31 23:00:00+00,,papillært adenokarsinom,
3544,M82604,NORPAT,2017-10-14 22:00:00+00,,papillært adenokarsinom (direkte spredning),
3545,M82606,NORPAT,2001-12-31 23:00:00+00,,papillært adenokarsinom (metastase),
3546,M82609,NORPAT,2001-12-31 23:00:00+00,,papillært adenokarsinom (usikker primærtumor/metastase),
3547,M82610,NORPAT,2017-10-14 22:00:00+00,,villøst adenom,
3548,M82611,NORPAT,2001-12-31 23:00:00+00,,villøst adenom med lavgradig dysplasi,
3549,M82612,NORPAT,2001-12-31 23:00:00+00,,villøst adenom med høygradig dysplasi,
3550,M82613,NORPAT,2001-12-31 23:00:00+00,,adenokarsinom i villøst adenom,
3551,M82616,NORPAT,2001-12-31 23:00:00+00,,adenokarsinom i villøst adenom (metastase),
3552,M82619,NORPAT,2001-12-31 23:00:00+00,,adenokarsinom i villøst adenom (usikker primærtumor/metastase),
3553,M82623,NORPAT,2001-12-31 23:00:00+00,,villøst adenokarsinom,
3554,M82626,NORPAT,2001-12-31 23:00:00+00,,villøst adenokarsinom (metastase),
3555,M82629,NORPAT,2001-12-31 23:00:00+00,,villøst adenokarsinom (usikker primærtumor/metastase),
3556,M82630,NORPAT,2017-10-14 22:00:00+00,,tubulovilløst adenom,
3557,M82631,NORPAT,2001-12-31 23:00:00+00,,tubulovilløst adenom med lavgradig dysplasi,
3558,M82632,NORPAT,2001-12-31 23:00:00+00,,tubulovilløst adenom med høygradig dysplasi,
3559,M82633,NORPAT,2001-12-31 23:00:00+00,2017-10-13 22:00:00+00,adenokarsinom i tubulovilløst adenom,
3560,M82636,NORPAT,2001-12-31 23:00:00+00,2017-10-13 22:00:00+00,adenokarsinom i tubulovillost adenom (metastase),
3561,M82639,NORPAT,2001-12-31 23:00:00+00,2017-10-13 22:00:00+00,adenokarsinom i tubulovillost adenom (usikker primærtumor/metastase),
3562,M82653,NORPAT,2017-10-14 22:00:00+00,,mikropapillært adenokarsinom,
3563,M82654,NORPAT,2017-10-14 22:00:00+00,,mikropapillært adenokarsinom (direkte spredning),
3564,M82656,NORPAT,2017-10-14 22:00:00+00,,mikropapillært adenokarsinom (metastase),
3565,M82659,NORPAT,2017-10-14 22:00:00+00,,mikropapillært adenokarsinom (usikker primærtumor/metastase),
3566,M82700,NORPAT,2001-12-31 23:00:00+00,,kromofobt adenom,
3567,M82703,NORPAT,2017-10-14 22:00:00+00,,kromofobt karsinom,
3568,M82704,NORPAT,2017-10-14 22:00:00+00,,kromofobt karsinom (direkte spredning),
3569,M82706,NORPAT,2017-10-14 22:00:00+00,,kromofobt karsinom (metastase),
3570,M82709,NORPAT,2017-10-14 22:00:00+00,,kromofobt karsinom (usikker primærtumor/metastase),
3571,M82710,NORPAT,2001-12-31 23:00:00+00,2017-10-13 22:00:00+00,blandet eosinofilt-basofilt adenom,
3572,M82800,NORPAT,2001-12-31 23:00:00+00,2017-10-13 22:00:00+00,eosinofilt adenom,
3573,M82900,NORPAT,2001-12-31 23:00:00+00,,onkocytom,
3574,M82901,NORPAT,2001-12-31 23:00:00+00,,"onkocytær tumor, usikker benign/malign",
3575,M82903,NORPAT,2001-12-31 23:00:00+00,,onkocytært karsinom,
3576,M82904,NORPAT,2017-10-14 22:00:00+00,,onkocytært karsinom (direkte spredning),
3577,M82906,NORPAT,2001-12-31 23:00:00+00,,onkocytært karsinom (metastase),
3578,M82909,NORPAT,2001-12-31 23:00:00+00,,onkocytært karsinom (usikker primærtumor/metastase),
3579,M83000,NORPAT,2001-12-31 23:00:00+00,2017-10-13 22:00:00+00,basofilt adenom,
3580,M83100,NORPAT,2001-12-31 23:00:00+00,,klarcellet adenom,
3581,M83101,NORPAT,2001-12-31 23:00:00+00,,"klarcellet adenom, borderline",
3582,M83103,NORPAT,2001-12-31 23:00:00+00,,klarcellet karsinom,
3583,M83104,NORPAT,2017-10-14 22:00:00+00,,klarcellet karsinom (direkte spredning),
3584,M83106,NORPAT,2001-12-31 23:00:00+00,,klarcellet karsinom (metastase),
3585,M83109,NORPAT,2001-12-31 23:00:00+00,,klarcellet karsinom (usikker primærtumor/metastase),
3586,M83113,NORPAT,2021-01-28 23:00:00+00,,hereditær leiomyomatose og nyrecellekarsinom (HLRCC) syndrom-assosiert nyrecellekarsinom,
3587,M83123,NORPAT,2001-12-31 23:00:00+00,,nyrecellekarsinom,
3588,M83124,NORPAT,2017-10-14 22:00:00+00,,nyrecellekarsinom (direkte spredning),
3589,M83126,NORPAT,2001-12-31 23:00:00+00,,nyrecellekarsinom (metastase),
3590,M83129,NORPAT,2001-12-31 23:00:00+00,,nyrecellekarsinom (usikker primærtumor/metastase),
3591,M83130,NORPAT,2001-12-31 23:00:00+00,,klarcellet adenofibrom,
3592,M83131,NORPAT,2001-12-31 23:00:00+00,,"klarcellet adenofibrom, borderline",
3593,M83133,NORPAT,2001-12-31 23:00:00+00,,malignt klarcellet adenofibrom,
3594,M83134,NORPAT,2017-10-14 22:00:00+00,,malignt klarcellet adenofibrom (direkte spredning),
3595,M83136,NORPAT,2001-12-31 23:00:00+00,,malignt klarcellet adenofibrom (metastase),
3596,M83139,NORPAT,2001-12-31 23:00:00+00,,malignt klarcellet adenofibrom (usikker primærtumor/metastase),
3597,M83143,NORPAT,2017-10-14 22:00:00+00,,lipidrikt karsinom,
3598,M83144,NORPAT,2017-10-14 22:00:00+00,,lipidrikt karsinom (direkte spredning),
3599,M83146,NORPAT,2017-10-14 22:00:00+00,,lipidrikt karsinom (metastase),
3600,M83149,NORPAT,2017-10-14 22:00:00+00,,lipidrikt karsinom (usikker primærtumor/metastase),
3601,M83161,NORPAT,2021-01-28 23:00:00+00,,multilokulær cystisk nyreneoplasi av lav malignitetspotensiale,
3602,M83163,NORPAT,2021-01-28 23:00:00+00,,cyste-assosiert nyrecellekarsinom,
3603,M83173,NORPAT,2017-10-14 22:00:00+00,,kromofobt nyrecellekarsinom,
3604,M83174,NORPAT,2017-10-14 22:00:00+00,,kromofobt nyrecellekarsinom (direkte spredning),
3605,M83176,NORPAT,2017-10-14 22:00:00+00,,kromofobt nyrecellekarsinom (metastase),
3606,M83179,NORPAT,2017-10-14 22:00:00+00,,kromofobt nyrecellekarsinom (usikker primærtumor/metastase),
3607,M83193,NORPAT,2017-10-14 22:00:00+00,,samlerørskarsinom,
3608,M83194,NORPAT,2017-10-14 22:00:00+00,,samlerørskarsinom (direkte spredning),
3609,M83196,NORPAT,2017-10-14 22:00:00+00,,samlerørskarsinom (metastase),
3610,M83199,NORPAT,2017-10-14 22:00:00+00,,samlerørskarsinom (usikker primærtumor/metastase),
3611,M831A3,NORPAT,2017-10-14 22:00:00+00,,mucinøst tubulært og spolcellet karsinom,
3612,M831A4,NORPAT,2017-10-14 22:00:00+00,,mucinøst tubulært og spolcellet karsinom (direkte spredning),
3613,M831A6,NORPAT,2017-10-14 22:00:00+00,,mucinøst tubulært og spolcellet karsinom (metastase),
3614,M831A9,NORPAT,2017-10-14 22:00:00+00,,mucinøst tubulært og spollcellet karsinom (usikker primærtumor/metastase),
3615,M831B3,NORPAT,2017-10-14 22:00:00+00,,Xp11 translokasjonskarsinom,
3616,M831B4,NORPAT,2017-10-14 22:00:00+00,,Xp11 translokasjonskarsinom (direkte spredning),
3617,M831B6,NORPAT,2017-10-14 22:00:00+00,,Xp11 translokasjonskarsinom (metastase),
3618,M831B9,NORPAT,2017-10-14 22:00:00+00,,Xp11 translokasjonskarsinom (usikker primærtumor/metastase),
3619,M831C3,NORPAT,2017-10-14 22:00:00+00,,karsinom assosiert med nevroblastom,
7576,T56100,NORPAT,2019-01-15 23:00:00+00,,portalrom,7474
3620,M831C4,NORPAT,2017-10-14 22:00:00+00,,karsinom assosiert med nevroblastom (direkte spredning),
3621,M831C6,NORPAT,2017-10-14 22:00:00+00,,karsinom assosiert med nevroblastom (metastase),
3622,M831C9,NORPAT,2017-10-14 22:00:00+00,,karsinom assosiert med nevroblastom (usikker primærtumor/metastase),
3623,M83210,NORPAT,2001-12-31 23:00:00+00,2017-10-13 22:00:00+00,hovedcelleadenom,
3624,M83220,NORPAT,2001-12-31 23:00:00+00,2017-10-13 22:00:00+00,adenom med vannklare celler,
3625,M83230,NORPAT,2001-12-31 23:00:00+00,2017-10-13 22:00:00+00,adenom av blandet type,
3626,M83231,NORPAT,2021-01-28 23:00:00+00,,klarcellet papillært nyrecellekarsinom,
3627,M83233,NORPAT,2001-12-31 23:00:00+00,,adenokarsinom av blandet type,
3628,M83234,NORPAT,2017-10-14 22:00:00+00,,adenokarsinom av blandet type (direkte spredning),
3629,M83236,NORPAT,2001-12-31 23:00:00+00,,adenokarsinom av blandet type (metastase),
3630,M83239,NORPAT,2001-12-31 23:00:00+00,,adenokarsinom av blandet type (usikker primærtumor/metastase),
3631,M83240,NORPAT,2001-12-31 23:00:00+00,2017-10-13 22:00:00+00,adenolipom,
3632,M83250,NORPAT,2017-10-14 22:00:00+00,,metanefrisk adenom,
3633,M83300,NORPAT,2020-01-30 23:00:00+00,,follikulært adenom,
3634,M83301,NORPAT,2001-12-31 23:00:00+00,,follikulært adenom med mulig infiltrasjon,
3635,M83303,NORPAT,2001-12-31 23:00:00+00,,follikulært karsinom,
3636,M83306,NORPAT,2001-12-31 23:00:00+00,,follikulært karsinom (metastase),
3637,M83309,NORPAT,2001-12-31 23:00:00+00,,follikulært karsinom (usikker primærtumor/metastase),
3638,M8330A,NORPAT,2017-10-14 22:00:00+00,,"follikulær neoplasi, usikker benign/malign",
3639,M83330,NORPAT,2001-12-31 23:00:00+00,2017-10-13 22:00:00+00,mikrofollikulært adenom,
3640,M83333,NORPAT,2017-10-14 22:00:00+00,,"adenokarsinom, føtal type",
3641,M83334,NORPAT,2017-10-14 22:00:00+00,,"adenokarsinom, føtal type (direkte spredning)",
3642,M83336,NORPAT,2017-10-14 22:00:00+00,,"adenokarsinom, føtal type (metastase)",
3643,M83339,NORPAT,2017-10-14 22:00:00+00,,"adenokarsinom, føtal type (usikker primærtumor/metastase)",
3644,M83340,NORPAT,2001-12-31 23:00:00+00,2017-10-13 22:00:00+00,makrofollikulært adenom,
3645,M833A0,NORPAT,2017-10-14 22:00:00+00,,Bethesda I (thyreoidea),
3646,M833A1,NORPAT,2017-10-14 22:00:00+00,,Bethesda III (thyreoidea),
3647,M833A2,NORPAT,2017-10-14 22:00:00+00,,Bethesda V (thyreoidea),
3648,M833A3,NORPAT,2017-10-14 22:00:00+00,,Bethesda VI (thyreoidea),
3649,M833B0,NORPAT,2017-10-14 22:00:00+00,,Bethesda II (thyreoidea),
3650,M833B1,NORPAT,2017-10-14 22:00:00+00,,Bethesda IV (thyreoidea),
3651,M83403,NORPAT,2001-12-31 23:00:00+00,,papillært thyreoideakarsinom med overveiende follikulær differensiering,
3652,M83406,NORPAT,2001-12-31 23:00:00+00,,papillært thyreoideakarsinom med overveiende follikulær differensiering (metastase),
3653,M83409,NORPAT,2001-12-31 23:00:00+00,,papillært thyreoideakarsinom med overveiende follikulær differensiering (usikker primærtumor/metastase),
3654,M83491,NORPAT,2020-01-30 23:00:00+00,,ikke-invasiv follikulær neoplasme med papillær-lignende trekk (NIFTP),
3655,M83503,NORPAT,2001-12-31 23:00:00+00,,skleroserende karsinom,
3656,M83504,NORPAT,2017-10-14 22:00:00+00,,skleroserende karsinom (direkte spredning),
3657,M83506,NORPAT,2001-12-31 23:00:00+00,,skleroserende karsinom (metastase),
3658,M83509,NORPAT,2001-12-31 23:00:00+00,,skleroserende karsinom (usikker primærtumor/metastase),
3659,M83601,NORPAT,2019-01-15 23:00:00+00,,multiple endokrine adenomer,
3660,M83611,NORPAT,2001-12-31 23:00:00+00,,juxtaglomerulær tumor,
3661,M83700,NORPAT,2019-01-15 23:00:00+00,,adrenokortikalt adenom,
3662,M83701,NORPAT,2019-01-15 23:00:00+00,,"epitelial binyrebarktumor, usikker benign/malign",
3663,M83703,NORPAT,2019-01-15 23:00:00+00,,adrenokortikalt karsinom,
3664,M83706,NORPAT,2019-01-15 23:00:00+00,,adrenokortikalt karsinom (metastase),
3665,M83709,NORPAT,2019-01-15 23:00:00+00,,adrenokortikalt karsinom (usikker primærtumor/metastase),
3666,M83710,NORPAT,2019-01-15 23:00:00+00,,"adrenokortikalt adenom, kompakt celletype",
3667,M83730,NORPAT,2019-01-15 23:00:00+00,,"adrenokortikalt adenom, klarcellet type",
3668,M83740,NORPAT,2019-01-15 23:00:00+00,,"adrenokortikalt adenom, glomerulosatype",
3669,M83750,NORPAT,2019-01-15 23:00:00+00,,"adrenokortikalt adenom, blandet celletype",
3670,M83800,NORPAT,2001-12-31 23:00:00+00,,endometrioid cystadenom,
3671,M83801,NORPAT,2001-12-31 23:00:00+00,,"endometrioid cystadenom, borderline",
3672,M83802,NORPAT,2017-10-14 22:00:00+00,,EIN/hyperplasi med atypi,
3673,M83803,NORPAT,2001-12-31 23:00:00+00,,endometrioid adenokarsinom,
3674,M83804,NORPAT,2017-10-14 22:00:00+00,,endometrioid adenokarsinom (direkte spredning),
3675,M83806,NORPAT,2001-12-31 23:00:00+00,,endometrioid adenokarsinom (metastase),
3676,M83809,NORPAT,2001-12-31 23:00:00+00,,endometrioid adenokarsinom (usikker primærtumor/metastase),
3677,M83810,NORPAT,2001-12-31 23:00:00+00,,endometrioid adenofibrom,
3678,M83811,NORPAT,2001-12-31 23:00:00+00,,"endometrioid adenofibrom, borderline",
3679,M83813,NORPAT,2001-12-31 23:00:00+00,2017-10-13 22:00:00+00,malignt endometrioid adenofibrom,
3680,M83816,NORPAT,2001-12-31 23:00:00+00,2017-10-13 22:00:00+00,malignt endometrioid adenofibrom (metastase),
3681,M83819,NORPAT,2001-12-31 23:00:00+00,2017-10-13 22:00:00+00,malignt endometrioid adenofibrom (usikker primærtumor/metastase),
3682,M83823,NORPAT,2001-12-31 23:00:00+00,2017-10-13 22:00:00+00,ciliært adenokarsinom,
3683,M83826,NORPAT,2001-12-31 23:00:00+00,2017-10-13 22:00:00+00,ciliært adenokarsinom (metastase),
3684,M83829,NORPAT,2001-12-31 23:00:00+00,2017-10-13 22:00:00+00,ciliært adenokarsinom (usikker primærtumor/metastase),
3685,M83833,NORPAT,2001-12-31 23:00:00+00,,sekretorisk adenokarsinom,
3686,M83836,NORPAT,2001-12-31 23:00:00+00,,sekretorisk adenokarsinom (metastase),
3687,M83839,NORPAT,2001-12-31 23:00:00+00,,sekretorisk adenokarsinom (usikker primærtumor/metastase),
3688,M83900,NORPAT,2001-12-31 23:00:00+00,,hudadneksadenom,
3689,M83901,NORPAT,2001-12-31 23:00:00+00,,"hudadnekstumor, usikker benign/malign",
3690,M83902,NORPAT,2001-12-31 23:00:00+00,,hudadnekskarsinom in situ,
3691,M83903,NORPAT,2001-12-31 23:00:00+00,,hudadnekskarsinom,
3692,M83904,NORPAT,2017-10-14 22:00:00+00,,hudadnekskarsinom (direkte spredning),
3693,M83906,NORPAT,2001-12-31 23:00:00+00,,hudadnekskarsinom (metastase),
3694,M83909,NORPAT,2001-12-31 23:00:00+00,,hudadnekskarsinom (usikker primærtumor/metastase),
3695,M83910,NORPAT,2017-10-14 22:00:00+00,,fibrofollikulom/trichodiskom,
3696,M84000,NORPAT,2001-12-31 23:00:00+00,,svettekjerteladenom,
3697,M84001,NORPAT,2001-12-31 23:00:00+00,,svettekjerteltumor,
3698,M84002,NORPAT,2001-12-31 23:00:00+00,,svettekjertelkarsinom in situ,
3699,M84003,NORPAT,2001-12-31 23:00:00+00,,svettekjertelkarsinom,
3700,M84004,NORPAT,2017-10-14 22:00:00+00,,svettekjertelkarsinom (direkte spredning),
3701,M84006,NORPAT,2001-12-31 23:00:00+00,,svettekjertelkarsinom (metastase),
3702,M84009,NORPAT,2001-12-31 23:00:00+00,,svettekjertelkarsinom (usikker primærtumor/metastase),
3703,M84010,NORPAT,2001-12-31 23:00:00+00,,apokrint adenom,
3704,M84011,NORPAT,2001-12-31 23:00:00+00,2017-10-13 22:00:00+00,"apokrin tumor, usikker benign/malign",
3705,M84012,NORPAT,2001-12-31 23:00:00+00,2017-10-13 22:00:00+00,apokrint adenokarsinom in situ,
3706,M84013,NORPAT,2001-12-31 23:00:00+00,2017-10-13 22:00:00+00,apokrint adenokarsinom,
3707,M84016,NORPAT,2001-12-31 23:00:00+00,2017-10-13 22:00:00+00,apokrint adenokarsinom (metastase),
3708,M84019,NORPAT,2001-12-31 23:00:00+00,2017-10-13 22:00:00+00,apokrint adenokarsinom (usikker primærtumor/metastase),
3709,M84020,NORPAT,2001-12-31 23:00:00+00,,porom,
3710,M8402A,NORPAT,2017-10-14 22:00:00+00,,hidradenom,
3711,M84030,NORPAT,2001-12-31 23:00:00+00,,ekkrint spiradenom,
3712,M84040,NORPAT,2001-12-31 23:00:00+00,,hidrocystom,
3713,M84050,NORPAT,2001-12-31 23:00:00+00,,papillært hidroadenom,
3714,M84060,NORPAT,2001-12-31 23:00:00+00,,papillært syringocystadenom,
3715,M8406A,NORPAT,2017-10-14 22:00:00+00,,syringocystadenoma papilliferum,
3716,M84070,NORPAT,2001-12-31 23:00:00+00,,syringom,
3717,M84080,NORPAT,2001-12-31 23:00:00+00,,ekkrint papillært adenom,
3718,M84083,NORPAT,2001-12-31 23:00:00+00,,mikrotubulært karsinom,
3719,M84091,NORPAT,2001-12-31 23:00:00+00,,pilar tumor,
3720,M84100,NORPAT,2001-12-31 23:00:00+00,,talgkjerteladenom,
3721,M84101,NORPAT,2001-12-31 23:00:00+00,,"talgkjerteltumor, usikker benign/malign",
3722,M84102,NORPAT,2001-12-31 23:00:00+00,,talgkjertelkarsinom in situ,
3723,M84103,NORPAT,2001-12-31 23:00:00+00,,sebaceøst karsinom,
3724,M84104,NORPAT,2017-10-14 22:00:00+00,,sebaceøst karsinom (direkte spredning),
3725,M84106,NORPAT,2001-12-31 23:00:00+00,,sebaceøst karsinom (metastase),
3726,M84109,NORPAT,2001-12-31 23:00:00+00,,sebaceøst karsinom (usikker primærtumor/metastase),
3727,M8410A,NORPAT,2017-10-14 22:00:00+00,,sebaceom,
3728,M84200,NORPAT,2001-12-31 23:00:00+00,,ceruminøst adenom,
3729,M84203,NORPAT,2001-12-31 23:00:00+00,,ceruminøst adenokarsinom,
3730,M84204,NORPAT,2017-10-14 22:00:00+00,,ceruminøst karsinom (direkte spredning),
3731,M84206,NORPAT,2001-12-31 23:00:00+00,,ceruminøst adenokarsinom (metastase),
3732,M84209,NORPAT,2001-12-31 23:00:00+00,,ceruminøst adenokarsinom (usikker primærtumor/metastase),
3733,M84303,NORPAT,2001-12-31 23:00:00+00,,mukoepidermoid karsinom,
3734,M84304,NORPAT,2017-10-14 22:00:00+00,,mukoepidermoid karsinom (direkte spredning),
3735,M84306,NORPAT,2001-12-31 23:00:00+00,,mukoepidermoid karsinom (metastase),
3736,M84309,NORPAT,2001-12-31 23:00:00+00,,mukoepidermoid karsinom (usikker primærtumor/metastase),
3737,M84400,NORPAT,2001-12-31 23:00:00+00,,cystadenom,
3738,M84401,NORPAT,2001-12-31 23:00:00+00,,"cystadenom, borderline",
3739,M84402,NORPAT,2001-12-31 23:00:00+00,,cystadenokarsinom in situ,
3740,M84403,NORPAT,2001-12-31 23:00:00+00,,cystadenokarsinom,
3741,M84404,NORPAT,2017-10-14 22:00:00+00,,cystadenokarsinom (direkte spredning),
3742,M84406,NORPAT,2001-12-31 23:00:00+00,,cystadenokarsinom (metastase),
3743,M84409,NORPAT,2001-12-31 23:00:00+00,,cystadenokarsinom (usikker primærtumor/metastase),
3744,M84410,NORPAT,2001-12-31 23:00:00+00,,serøst cystadenom,
3745,M84411,NORPAT,2001-12-31 23:00:00+00,,"serøst cystadenom, borderline",
3746,M84412,NORPAT,2001-12-31 23:00:00+00,,serøst cystadenokarsinom in situ,
3747,M84413,NORPAT,2001-12-31 23:00:00+00,,serøst cystadenokarsinom,
3748,M84414,NORPAT,2017-10-14 22:00:00+00,,serøst cystadenokarsinom (direkte spredning),
3749,M84416,NORPAT,2001-12-31 23:00:00+00,,serøst cystadenokarsinom (metastase),
3750,M84419,NORPAT,2001-12-31 23:00:00+00,,serøst cystadenokarsinom (usikker primærtumor/metastase),
3751,M84430,NORPAT,2017-10-14 22:00:00+00,,klarcellet cystadenom,
3752,M84500,NORPAT,2001-12-31 23:00:00+00,,papillært cystadenom,
3753,M84501,NORPAT,2001-12-31 23:00:00+00,2017-10-13 22:00:00+00,"papillært cystadenom, borderline",
3754,M84503,NORPAT,2001-12-31 23:00:00+00,2017-10-13 22:00:00+00,papillært cystadenokarsinom,
3755,M84506,NORPAT,2001-12-31 23:00:00+00,2017-10-13 22:00:00+00,papillært cystadenokarsinom (metastase),
3756,M84509,NORPAT,2001-12-31 23:00:00+00,2017-10-13 22:00:00+00,papillært cystadenokarsinom (usikker primærtumor/metastase),
3757,M84523,NORPAT,2017-10-14 22:00:00+00,,solid pseudopapillær tumor,
3758,M84526,NORPAT,2017-10-14 22:00:00+00,,solid pseudopapillær tumor (metastase),
3759,M84529,NORPAT,2017-10-14 22:00:00+00,,solid pseudopapillær tumor (usikker primærtumor/metastase),
3760,M84531,NORPAT,2017-10-14 22:00:00+00,,intraduktal papillær-mucinøs neoplasi (IPMN) med lavgradig dysplasi,
3761,M84532,NORPAT,2017-10-14 22:00:00+00,,intraduktal papillær-mucinøs neoplasi (IPMN) med høygradig dysplasi,
3762,M84533,NORPAT,2017-10-14 22:00:00+00,,intraduktal papillær-mucinøs neoplasi (IPMN) med assosiert infiltrerende karsinom,
3763,M84534,NORPAT,2017-10-14 22:00:00+00,,intraduktal papillær-mucinøs neoplasi (direkte spredning),
3764,M84536,NORPAT,2017-10-14 22:00:00+00,,intraduktal papillær-mucinøs neoplasi (metastase),
3765,M84539,NORPAT,2017-10-14 22:00:00+00,,intraduktal papillær-mucinøs neoplasi (usikker primærtumor/metastase),
3766,M84540,NORPAT,2017-10-14 22:00:00+00,,cystisk tumor i atrioventrikulær knute,
3767,M84552,NORPAT,2017-10-14 22:00:00+00,,intraduktal tubulopapillær neoplasi,
3768,M84603,NORPAT,2001-12-31 23:00:00+00,,serøst papillært adenokarsinom,
3769,M84604,NORPAT,2017-10-14 22:00:00+00,,serøst papillært adenokarsinom (direkte spredning),
3770,M84606,NORPAT,2001-12-31 23:00:00+00,,serøst papillært adenokarsinom (metastase),
3771,M84609,NORPAT,2001-12-31 23:00:00+00,,serøst papillært adenokarsinom (usikker primærtumor/metastase),
3772,M84610,NORPAT,2001-12-31 23:00:00+00,,serøst overflatepapillom,
3773,M84611,NORPAT,2001-12-31 23:00:00+00,,"serøst overflatepapillom, borderline",
3774,M84613,NORPAT,2001-12-31 23:00:00+00,,serøst papillært overflatekarsinom,
3775,M84614,NORPAT,2017-10-14 22:00:00+00,,serøst papillært overflatekarsinom (direkte spredning),
3776,M84616,NORPAT,2001-12-31 23:00:00+00,,serøst papillært overflatekarsinom (metastase),
3777,M84619,NORPAT,2001-12-31 23:00:00+00,,serøst papillært overflatekarsinom (usikker primærtumor/metastase),
3778,M84623,NORPAT,2017-10-14 22:00:00+00,,lavgradig serøst adenokarsinom,
3779,M84624,NORPAT,2017-10-14 22:00:00+00,,lavgradig serøst adenokarsinom (direkte spredning),
3780,M84626,NORPAT,2017-10-14 22:00:00+00,,lavgradig serøst adenokarsinom (metastase),
3781,M84629,NORPAT,2017-10-14 22:00:00+00,,lavgradig serøst adenokarsinom (usikker primærtumor/metastase),
3782,M84633,NORPAT,2017-10-14 22:00:00+00,,høygradig serøst adenokarsinom,
3783,M84634,NORPAT,2017-10-14 22:00:00+00,,høygradig serøst adenokarsinom (direkte spredning),
3784,M84636,NORPAT,2017-10-14 22:00:00+00,,høygradig serøst adenokarsinom (metastase),
3785,M84639,NORPAT,2017-10-14 22:00:00+00,,høygradig serøst adenokarsinom (usikker primærtumor/metastase),
3786,M84700,NORPAT,2001-12-31 23:00:00+00,,mucinøst cystadenom,
3787,M84701,NORPAT,2001-12-31 23:00:00+00,,"mucinøst cystadenom, borderline",
3788,M84702,NORPAT,2001-12-31 23:00:00+00,,mucinøst cystadenom med grov dysplasi/cystadenokarsinom in situ,
3789,M84703,NORPAT,2001-12-31 23:00:00+00,,mucinøst cystadenokarsinom,
3790,M84706,NORPAT,2001-12-31 23:00:00+00,2017-10-13 22:00:00+00,mucinost cystadenokarsinom UNS (metastase),
3791,M84709,NORPAT,2001-12-31 23:00:00+00,2017-10-13 22:00:00+00,mucinost cystadenokarsinom UNS (usikker primærtumor/metastase),
3792,M84740,NORPAT,2017-10-14 22:00:00+00,,seromucinøst cystadenom,
3793,M84743,NORPAT,2017-10-14 22:00:00+00,,seromucinøst adenokarsinom,
3794,M847A1,NORPAT,2017-10-14 22:00:00+00,,mucinøs cystisk neoplasi med lavgradig dysplasi,
3795,M847A2,NORPAT,2017-10-14 22:00:00+00,,mucinøs cystisk neoplasi med høygradig dysplasi,
3796,M847B2,NORPAT,2017-10-14 22:00:00+00,,mucinøst intraepitelialt adenokarsinom,
3797,M847C3,NORPAT,2017-10-14 22:00:00+00,,mucinøs cystisk neoplasi med assosiert infiltrerende karsinom,
3798,M84800,NORPAT,2001-12-31 23:00:00+00,,mucinøst adenom,
3799,M84801,NORPAT,2017-10-14 22:00:00+00,,lavgradig mucinøs neoplasi i appendix (LAMN),
3800,M84802,NORPAT,2017-10-14 22:00:00+00,,høygradig mucinøs neoplasi i appendix (HAMN),
3801,M84803,NORPAT,2001-12-31 23:00:00+00,,mucinøst adenokarsinom,
3802,M84804,NORPAT,2017-10-14 22:00:00+00,,mucinøst adenokarsinom (direkte spredning),
3803,M84806,NORPAT,2001-12-31 23:00:00+00,,mucinøst adenokarsinom (metastase),
3804,M84809,NORPAT,2001-12-31 23:00:00+00,,mucinøst adenokarsinom (usikker primærtumor/metastase),
3805,M84813,NORPAT,2001-12-31 23:00:00+00,,slimproduserende adenokarsinom,
3806,M84816,NORPAT,2001-12-31 23:00:00+00,,slimproduserende adenokarsinom (metastase),
3807,M84819,NORPAT,2001-12-31 23:00:00+00,,slimproduserende adenokarsinom (usikker primærtumor/metastase),
3808,M84826,NORPAT,2017-10-14 22:00:00+00,,pseudomyksoma peritonei,
3809,M848A3,NORPAT,2017-10-14 22:00:00+00,,kolloid adenokarsinom,
3810,M848A6,NORPAT,2017-10-14 22:00:00+00,,kolloid adenokarsinom (metastase),
3811,M848A9,NORPAT,2017-10-14 22:00:00+00,,kolloid adenokarsinom (usikker primærtumor/metastase),
3812,M848B3,NORPAT,2017-10-14 22:00:00+00,,infiltrerende mucinøst karsinom,
3813,M848B6,NORPAT,2017-10-14 22:00:00+00,,infiltrerende mucinøst karsinom (metastase),
3814,M848B9,NORPAT,2017-10-14 22:00:00+00,,infiltrerende mucinøst karsinom  (usikker primærtumor/metastase),
3815,M84903,NORPAT,2001-12-31 23:00:00+00,,signetringcellekarsinom,
3816,M84904,NORPAT,2017-10-14 22:00:00+00,,signetringcellekarsinom (direkte spredning),
3817,M84906,NORPAT,2001-12-31 23:00:00+00,,signetringcellekarsinom (metastase),
3818,M84909,NORPAT,2001-12-31 23:00:00+00,,signetringcellekarsinom (usikker primærtumor/metastase),
3819,M84A01,NORPAT,2017-10-14 22:00:00+00,,"seromucinøst cystadenom, borderline",
3820,M85000,NORPAT,2001-12-31 23:00:00+00,2021-12-30 23:00:00+00,papillom,
3821,M85001,NORPAT,2001-12-31 23:00:00+00,,atypisk intraduktal hyperplasi (ADH),
3822,M85002,NORPAT,2001-12-31 23:00:00+00,,duktalt karsinom in situ (DCIS),
3823,M85003,NORPAT,2001-12-31 23:00:00+00,,infiltrerende duktalt karsinom,
3824,M85004,NORPAT,2017-10-14 22:00:00+00,,infiltrerende duktalt karsinom (direkte spredning),
3825,M85006,NORPAT,2001-12-31 23:00:00+00,,infiltrerende duktalt karsinom (metastase),
3826,M85009,NORPAT,2001-12-31 23:00:00+00,,infiltrerende duktalt karsinom (usikker primærtumor/metastase),
3827,M85012,NORPAT,2001-12-31 23:00:00+00,2017-10-13 22:00:00+00,"intraduktalt karsinom, comedotype UNS",
3828,M85013,NORPAT,2001-12-31 23:00:00+00,2017-10-13 22:00:00+00,"infiltrerende duktalt karsinom, comedotype UNS",
3829,M85016,NORPAT,2001-12-31 23:00:00+00,2017-10-13 22:00:00+00,"infiltrerende duktalt karsinom, comedotype UNS (metastase)",
3830,M85019,NORPAT,2001-12-31 23:00:00+00,2017-10-13 22:00:00+00,"infiltrerende duktalt karsinom, comedotype UNS (usikker primærtumor/metastase)",
3831,M85023,NORPAT,2001-12-31 23:00:00+00,,sekretorisk karsinom,
3832,M85024,NORPAT,2017-10-14 22:00:00+00,,sekretorisk karsinom (direkte spredning),
3833,M85026,NORPAT,2001-12-31 23:00:00+00,,sekretorisk karsinom (metastase),
3834,M85029,NORPAT,2001-12-31 23:00:00+00,,sekretorisk karsinom (usikker primærtumor/metastase),
3835,M85030,NORPAT,2001-12-31 23:00:00+00,,intraduktalt papillom,
3836,M85031,NORPAT,2017-10-14 22:00:00+00,,intraduktalt papillom med atypi,
3837,M85032,NORPAT,2001-12-31 23:00:00+00,,intraduktalt papillært karsinom (in situ),
3838,M85033,NORPAT,2001-12-31 23:00:00+00,,infiltrerende papillært karsinom,
3839,M85034,NORPAT,2017-10-14 22:00:00+00,,infiltrerende papillært karsinom (direkte spredning),
3840,M85036,NORPAT,2001-12-31 23:00:00+00,,infiltrerende papillært karsinom (metastase),
3841,M85039,NORPAT,2001-12-31 23:00:00+00,,infiltrerende papillært karsinom (usikker primærtumor/metastase),
3842,M85040,NORPAT,2001-12-31 23:00:00+00,,intracystisk papillom,
3843,M85042,NORPAT,2001-12-31 23:00:00+00,,innkapslet (intracystisk) papillært karsinom,
3844,M85043,NORPAT,2001-12-31 23:00:00+00,2017-10-13 22:00:00+00,"papillært, intracystisk karsinom med infiltrasjon",
3845,M85046,NORPAT,2001-12-31 23:00:00+00,2017-10-13 22:00:00+00,"papillært, intracystisk karsinom med infiltrasjon (metastase)",
3846,M85049,NORPAT,2001-12-31 23:00:00+00,2017-10-13 22:00:00+00,"papillært, intracystisk karsinom med infiltrasjon (usikker primærtumor/metastase)",
3847,M85050,NORPAT,2001-12-31 23:00:00+00,,intraduktal diffus juvenil papillomatose,
3848,M85060,NORPAT,2001-12-31 23:00:00+00,,subareolær florid papillomatose,
3849,M85070,NORPAT,2017-10-14 22:00:00+00,,duktalt adenom,
3850,M85072,NORPAT,2017-10-14 22:00:00+00,,"duktalt karsinom in situ, mikropapillær type",
3851,M85073,NORPAT,2017-10-14 22:00:00+00,,mikropapillært karsinom,
3852,M85074,NORPAT,2017-10-14 22:00:00+00,,mikropapillært karsinom (direkte spredning),
3853,M85076,NORPAT,2017-10-14 22:00:00+00,,mikropapillært karsinom (metastase),
7577,T56110,NORPAT,2001-12-31 23:00:00+00,,intrahepatisk gallegang,7568
3854,M85079,NORPAT,2017-10-14 22:00:00+00,,mikropapillært karsinom (usikker primærtumor/metastase),
3855,M850A3,NORPAT,2017-10-14 22:00:00+00,,"infiltrerende duktalt karsinom, dominerende intraduktal komponent",
3856,M850A4,NORPAT,2017-10-14 22:00:00+00,,"infiltrerende duktalt karsinom, dominerende intraduktal komponent (direkte spredning)",
3857,M850A6,NORPAT,2017-10-14 22:00:00+00,,"infiltrerende duktalt karsinom, dominerende intraduktal komponent (metastase)",
3858,M850A9,NORPAT,2017-10-14 22:00:00+00,,"infiltrerende duktalt karsinom, dominerende intraduktal komponent (usikker primærtumor/metastase)",
3859,M850B3,NORPAT,2017-10-14 22:00:00+00,,"infiltrerende papillært karsinom, solid type",
3860,M850B4,NORPAT,2017-10-14 22:00:00+00,,"infiltrerende papillært karsinom, solid type (direkte spredning)",
3861,M850B6,NORPAT,2017-10-14 22:00:00+00,,"infiltrerende papillært karsinom, solid type (metastase)",
3862,M850B9,NORPAT,2017-10-14 22:00:00+00,,"infiltrerende papillært karsinom, solid type (usikker primærtumor/metastase)",
3863,M850C3,NORPAT,2017-10-14 22:00:00+00,,infiltrerende karsinom NST,
3864,M850C4,NORPAT,2017-10-14 22:00:00+00,,infiltrerende karsinom NST (direkte spredning),
3865,M850C6,NORPAT,2017-10-14 22:00:00+00,,infiltrerende karsinom NST (metastase),
3866,M850C9,NORPAT,2017-10-14 22:00:00+00,,infiltrerende karsinom NST (usikker primærtumor/metastase),
3867,M85103,NORPAT,2001-12-31 23:00:00+00,,medullært karsinom,
3868,M85104,NORPAT,2017-10-14 22:00:00+00,,medullært karsinom (direkte spredning),
3869,M85106,NORPAT,2001-12-31 23:00:00+00,,medullært karsinom (metastase),
3870,M85109,NORPAT,2001-12-31 23:00:00+00,,medullært karsinom (usikker primærtumor/metastase),
3871,M85201,NORPAT,2001-12-31 23:00:00+00,,atypisk lobulær hyperplasi,
3872,M85202,NORPAT,2001-12-31 23:00:00+00,,lobulært karsinom in situ,
3873,M85203,NORPAT,2001-12-31 23:00:00+00,,infiltrerende lobulært karsinom,
3874,M85204,NORPAT,2017-10-14 22:00:00+00,,infiltrerende lobulært karsinom (direkte spredning),
3875,M85206,NORPAT,2001-12-31 23:00:00+00,,infiltrerende lobulært karsinom (metastase),
3876,M85209,NORPAT,2001-12-31 23:00:00+00,,infiltrerende lobulært karsinom (usikker primærtumor/metastase),
3877,M85253,NORPAT,2017-10-14 22:00:00+00,,polymorft lavgradig adenokarsinom,
3878,M85254,NORPAT,2017-10-14 22:00:00+00,,polymorft lavgradig adenokarsinom (direkte spredning),
3879,M85256,NORPAT,2017-10-14 22:00:00+00,,polymorft lavgradig adenokarsinom (metastase),
3880,M85259,NORPAT,2017-10-14 22:00:00+00,,polymorft lavgradig adenokarsinom (usikker primærtumor/metastase),
3881,M852A2,NORPAT,2017-10-14 22:00:00+00,,"lobulært karsinom in situ, pleomorf variant",
3882,M852A3,NORPAT,2017-10-14 22:00:00+00,,"infiltrerende lobulært karsinom, pleomorf variant",
3883,M852A4,NORPAT,2017-10-14 22:00:00+00,,"infiltrerende lobulært karsinom, pleomorf variant (direkte spredning)",
3884,M852A6,NORPAT,2017-10-14 22:00:00+00,,"infiltrerende lobulært karsinom, pleomorf variant (metastase)",
3885,M852A9,NORPAT,2017-10-14 22:00:00+00,,"infiltrerende lobulært karsinom, pleomorf variant (usikker primærtumor/metastase)",
3886,M85303,NORPAT,2017-10-14 22:00:00+00,,inflammatorisk karsinom,
3887,M85304,NORPAT,2017-10-14 22:00:00+00,,inflammatorisk karsinom (direkte spredning),
3888,M85306,NORPAT,2017-10-14 22:00:00+00,,inflammatorisk karsinom (metastase),
3889,M85309,NORPAT,2017-10-14 22:00:00+00,,inflammatorisk karsinom (usikker primærtumor/metastase),
3890,M85403,NORPAT,2001-12-31 23:00:00+00,,Pagets sykdom i mamma,
3891,M85406,NORPAT,2001-12-31 23:00:00+00,2017-10-13 22:00:00+00,Pagets sykdom i mamma (metastase),
3892,M85409,NORPAT,2001-12-31 23:00:00+00,2017-10-13 22:00:00+00,Pagets sykdom i mamma (usikker primærtumor/metastase),
3893,M85413,NORPAT,2001-12-31 23:00:00+00,2017-10-13 22:00:00+00,duktalt karsinom + Pagets sykdom,
3894,M85416,NORPAT,2001-12-31 23:00:00+00,2017-10-13 22:00:00+00,duktalt karsinom + Pagets sykdom (metastase),
3895,M85419,NORPAT,2001-12-31 23:00:00+00,2017-10-13 22:00:00+00,duktalt karsinom + Pagets sykdom (usikker primærtumor/metastase),
3896,M85423,NORPAT,2001-12-31 23:00:00+00,,ekstramammær Pagets sykdom,
3897,M85424,NORPAT,2017-10-14 22:00:00+00,,ekstramammær Pagets sykdom (direkte spredning),
3898,M85426,NORPAT,2001-12-31 23:00:00+00,,ekstramammær Pagets sykdom (metastase),
3899,M85429,NORPAT,2001-12-31 23:00:00+00,2017-10-13 22:00:00+00,ekstramammær Pagets sykdom (usikker primærtumor/metastase),
3900,M85500,NORPAT,2017-10-14 22:00:00+00,,acinærcelleadenom,
3901,M85503,NORPAT,2001-12-31 23:00:00+00,,acinærcellekarsinom,
3902,M85504,NORPAT,2017-10-14 22:00:00+00,,acinærcellekarsinom (direkte spredning),
3903,M85506,NORPAT,2001-12-31 23:00:00+00,,acinærcellekarsinom (metastase),
3904,M85509,NORPAT,2001-12-31 23:00:00+00,,acinærcellekarsinom (usikker primærtumor/metastase),
3905,M85513,NORPAT,2017-10-14 22:00:00+00,,acinært adenokarsinom,
3906,M85514,NORPAT,2017-10-14 22:00:00+00,,acinært adenokarsinom (direkte spredning),
3907,M85516,NORPAT,2017-10-14 22:00:00+00,,acinært adenokarsinom (metastase),
3908,M85519,NORPAT,2017-10-14 22:00:00+00,,acinært adenokarsinom (usikker primærtumor/metastase),
3909,M85600,NORPAT,2017-10-14 22:00:00+00,,adenoskvamøst papillom,
3910,M85603,NORPAT,2001-12-31 23:00:00+00,,adenoskvamøst karsinom,
3911,M85604,NORPAT,2017-10-14 22:00:00+00,,adenoskvamøst karsinom (direkte spredning),
3912,M85606,NORPAT,2001-12-31 23:00:00+00,,adenoskvamøst karsinom (metastase),
3913,M85609,NORPAT,2001-12-31 23:00:00+00,,adenoskvamøst karsinom (usikker primærtumor/metastase),
3914,M85610,NORPAT,2001-12-31 23:00:00+00,,adenolymfom/Warthin tumor,
3915,M85620,NORPAT,2017-10-14 22:00:00+00,,adenomyoepiteliom,
3916,M85623,NORPAT,2001-12-31 23:00:00+00,,epitelialt-myoepitelialt karsinom,
3917,M85624,NORPAT,2017-10-14 22:00:00+00,,epitelialt-myoepitelialt karsinom (direkte spredning),
3918,M85625,NORPAT,2017-10-14 22:00:00+00,,epitelialt-myoepitelialt karsinom med mikroinvasjon,
3919,M85626,NORPAT,2001-12-31 23:00:00+00,,epitelialt-myoepitelialt karsinom (metastase),
3920,M85629,NORPAT,2001-12-31 23:00:00+00,,epitelialt-myoepitelialt karsinom (usikker primærtumor/metastase),
3921,M85703,NORPAT,2001-12-31 23:00:00+00,2017-10-13 22:00:00+00,adenokarsinom med plateepiteldifferensiering,
3922,M85706,NORPAT,2001-12-31 23:00:00+00,2017-10-13 22:00:00+00,adenokarsinom med plateepiteldifferensiering (metastase),
3923,M85709,NORPAT,2001-12-31 23:00:00+00,2017-10-13 22:00:00+00,adenokarsinom med plateepiteldifferensiering (usikker primærtumor/metastase),
3924,M85713,NORPAT,2001-12-31 23:00:00+00,2017-10-13 22:00:00+00,adenokarsinom med brusk- og benmetaplasi,
3925,M85716,NORPAT,2001-12-31 23:00:00+00,2017-10-13 22:00:00+00,adenokarsinom med brusk- og benmetaplasi (metastase),
7578,T56120,NORPAT,2019-01-15 23:00:00+00,,interlobulær gallegang,7577
3926,M85719,NORPAT,2001-12-31 23:00:00+00,2017-10-13 22:00:00+00,adenokarsinom med brusk- og benmetaplasi (usikker primærtumor/metastase),
3927,M85723,NORPAT,2001-12-31 23:00:00+00,2017-10-13 22:00:00+00,adenokarsinom med spolcellemetaplasi,
3928,M85726,NORPAT,2001-12-31 23:00:00+00,2017-10-13 22:00:00+00,adenokarsinom med spolcellemetaplasi (metastase),
3929,M85729,NORPAT,2001-12-31 23:00:00+00,2017-10-13 22:00:00+00,adenokarsinom med spolcellemetaplasi (usikker primærtumor/metastase),
3930,M85733,NORPAT,2001-12-31 23:00:00+00,2017-10-13 22:00:00+00,adenokarsinom med apokrin metaplasi,
3931,M85736,NORPAT,2001-12-31 23:00:00+00,2017-10-13 22:00:00+00,adenokarsinom med apokrin metaplasi (metastase),
3932,M85739,NORPAT,2001-12-31 23:00:00+00,2017-10-13 22:00:00+00,adenokarsinom med apokrin metaplasi (usikker primærtumor/metastase),
3933,M85743,NORPAT,2001-12-31 23:00:00+00,,"""glassy cell carcinoma""",
3934,M85746,NORPAT,2001-12-31 23:00:00+00,,"""glassy cell carcinoma"" (metastase)",
3935,M85749,NORPAT,2001-12-31 23:00:00+00,,"""glassy cell carcinoma"" (usikker primærtumor/metastase)",
3936,M85800,NORPAT,2001-12-31 23:00:00+00,,"thymom, mikroskopisk",
3937,M85803,NORPAT,2001-12-31 23:00:00+00,,thymom,
3938,M85806,NORPAT,2001-12-31 23:00:00+00,2017-10-13 22:00:00+00,malignt thymom (metastase),
3939,M85809,NORPAT,2001-12-31 23:00:00+00,2017-10-13 22:00:00+00,malignt thymom (usikker primærtumor/metastase),
3940,M85813,NORPAT,2017-10-14 22:00:00+00,,"thymom, type A",
3941,M85823,NORPAT,2017-10-14 22:00:00+00,,"thymom, type AB",
3942,M85833,NORPAT,2017-10-14 22:00:00+00,,"thymom, type B1",
3943,M85843,NORPAT,2017-10-14 22:00:00+00,,"thymom, type B2",
3944,M85853,NORPAT,2017-10-14 22:00:00+00,,"thymom, type B3",
3945,M85863,NORPAT,2017-10-14 22:00:00+00,,thymuskarsinom,
3946,M85864,NORPAT,2017-10-14 22:00:00+00,,thymuskarsinom (direkte spredning),
3947,M85866,NORPAT,2017-10-14 22:00:00+00,,thymuskarsinom (metastase),
3948,M85869,NORPAT,2017-10-14 22:00:00+00,,thymuskarsinom (usikker primærtumor/metastase),
3949,M85870,NORPAT,2017-10-14 22:00:00+00,,ektopisk hamartomatøst thymom,
3950,M85900,NORPAT,2001-12-31 23:00:00+00,,benign gonadestromatumor,
3951,M85901,NORPAT,2001-12-31 23:00:00+00,,"gonadestromatumor, usikker benign/malign",
3952,M85903,NORPAT,2001-12-31 23:00:00+00,,malign gonadestromatumor,
3953,M85904,NORPAT,2017-10-14 22:00:00+00,,malign gonadestromatumor (direkte spredning),
3954,M85906,NORPAT,2001-12-31 23:00:00+00,,malign gonadestromatumor (metastase),
3955,M85909,NORPAT,2001-12-31 23:00:00+00,,malign gonadestromatumor (usikker primærtumor/metastase),
3956,M85910,NORPAT,2017-10-14 22:00:00+00,,signetringcelle stromal tumor,
3957,M85920,NORPAT,2017-10-14 22:00:00+00,,mikrocystisk stromal tumor,
3958,M86000,NORPAT,2001-12-31 23:00:00+00,,tekom,
3959,M86001,NORPAT,2001-12-31 23:00:00+00,2017-10-13 22:00:00+00,"tekom, usikkert benignt/malignt",
3960,M86003,NORPAT,2001-12-31 23:00:00+00,,malignt tekom,
3961,M86004,NORPAT,2017-10-14 22:00:00+00,,malignt tekom (direkte spredning),
3962,M86006,NORPAT,2001-12-31 23:00:00+00,,malignt tekom (metastase),
3963,M86009,NORPAT,2001-12-31 23:00:00+00,,malignt tekom (usikker primærtumor/metastase),
3964,M86010,NORPAT,2001-12-31 23:00:00+00,2017-10-13 22:00:00+00,luteinisert tekom,
3965,M86020,NORPAT,2001-12-31 23:00:00+00,,skleroserende stromal tumor,
3966,M86030,NORPAT,2017-10-14 22:00:00+00,,fibrotekom,
3967,M86100,NORPAT,2001-12-31 23:00:00+00,,luteom,
3968,M86201,NORPAT,2001-12-31 23:00:00+00,,granulosacelletumor,
3969,M86203,NORPAT,2001-12-31 23:00:00+00,,malign granulosacelletumor,
3970,M86204,NORPAT,2017-10-14 22:00:00+00,,malign granulosacelle tumor (direkte spredning),
3971,M86206,NORPAT,2001-12-31 23:00:00+00,,malign granulosacelletumor (metastase),
3972,M86209,NORPAT,2001-12-31 23:00:00+00,2017-10-13 22:00:00+00,malign granulosacelletumor (usikker primærtumor/metastase),
3973,M86221,NORPAT,2001-12-31 23:00:00+00,,juvenil granulosacelletumor,
3974,M86231,NORPAT,2001-12-31 23:00:00+00,,sex cord tumor med annulære tubuli,
3975,M86300,NORPAT,2001-12-31 23:00:00+00,2017-10-13 22:00:00+00,benignt androblastom,
3976,M86301,NORPAT,2001-12-31 23:00:00+00,,"androblastom, usikkert benignt/malignt",
3977,M86303,NORPAT,2001-12-31 23:00:00+00,,malignt androblastom,
3978,M86306,NORPAT,2001-12-31 23:00:00+00,,malignt androblastom (metastase),
3979,M86309,NORPAT,2001-12-31 23:00:00+00,,malignt androblastom (usikker primærtumor/metastase),
3980,M86310,NORPAT,2001-12-31 23:00:00+00,,sertoli-leydigcelletumor (med eller uten heterologe elementer),
3981,M86311,NORPAT,2001-12-31 23:00:00+00,,sertoli-leydigcelletumor (usikker primærtumor/metastase),
3982,M86313,NORPAT,2001-12-31 23:00:00+00,,malign sertoli-leydigcelletumor,
3983,M86316,NORPAT,2001-12-31 23:00:00+00,,malign sertoli-leydigcelletumor (metastase),
3984,M86319,NORPAT,2001-12-31 23:00:00+00,,malign sertoli-leydigcelletumor (usikker primærtumor/metastase),
3985,M86321,NORPAT,2001-12-31 23:00:00+00,,gynandroblastom,
3986,M86331,NORPAT,2017-10-14 22:00:00+00,,retiform sertolicelletumor,
3987,M86400,NORPAT,2001-12-31 23:00:00+00,2017-10-13 22:00:00+00,Sertolicelle tumor UNS,
3988,M86401,NORPAT,2017-10-14 22:00:00+00,,sertolicelletumor,
3989,M86403,NORPAT,2001-12-31 23:00:00+00,,malign sertolicelletumor,
3990,M86404,NORPAT,2017-10-14 22:00:00+00,,malign sertolicelletumor (direkte spredning),
3991,M86406,NORPAT,2001-12-31 23:00:00+00,,malign sertolicelletumor (metastase),
3992,M86409,NORPAT,2001-12-31 23:00:00+00,,malign sertolicelletumor (usikker primærtumor/metastase),
3993,M86410,NORPAT,2017-10-14 22:00:00+00,,steroidcelletumor,
3994,M86413,NORPAT,2017-10-14 22:00:00+00,,malign steroidcelletumor,
3995,M86414,NORPAT,2017-10-14 22:00:00+00,,malign steroidcelletumor (direkte spredning),
3996,M86416,NORPAT,2017-10-14 22:00:00+00,,malign steroidcelletumor (metastase),
3997,M86500,NORPAT,2001-12-31 23:00:00+00,,leydigcelletumor,
3998,M86501,NORPAT,2001-12-31 23:00:00+00,2017-10-13 22:00:00+00,"Leydigcelle tumor, usikker benign/malign UNS",
3999,M86503,NORPAT,2001-12-31 23:00:00+00,,malign leydigcelletumor,
4000,M86504,NORPAT,2017-10-14 22:00:00+00,,malign leydigcelletumor (direkte spredning),
4001,M86506,NORPAT,2001-12-31 23:00:00+00,,malign leydigcelletumor (metastase),
4002,M86509,NORPAT,2001-12-31 23:00:00+00,,malign leydigcelletumor (usikker primærtumor/metastase),
4003,M86600,NORPAT,2001-12-31 23:00:00+00,2017-10-13 22:00:00+00,hiluscelle tumor,
4004,M86700,NORPAT,2001-12-31 23:00:00+00,2017-10-13 22:00:00+00,lipidcelle tumor,
4005,M86710,NORPAT,2001-12-31 23:00:00+00,2017-10-13 22:00:00+00,binyrerest tumor,
4006,M86720,NORPAT,2001-12-31 23:00:00+00,,wolffsk tumor,
4007,M86801,NORPAT,2001-12-31 23:00:00+00,,paragangliom,
4008,M86803,NORPAT,2001-12-31 23:00:00+00,,malignt paragangliom,
4009,M86804,NORPAT,2017-10-14 22:00:00+00,,malignt paragangliom (direkte spredning),
4010,M86806,NORPAT,2001-12-31 23:00:00+00,,malignt paragangliom (metastase),
4011,M86809,NORPAT,2001-12-31 23:00:00+00,,malignt paragangliom (usikker primærtumor/metastase),
4012,M86811,NORPAT,2001-12-31 23:00:00+00,,sympatisk paragangliom,
4013,M86813,NORPAT,2001-12-31 23:00:00+00,,malignt sympatisk paragangliom,
4014,M86814,NORPAT,2017-10-14 22:00:00+00,,malignt sympatisk paragangliom (direkte spredning),
4015,M86816,NORPAT,2001-12-31 23:00:00+00,,malignt sympatisk paragangliom (metastase),
4016,M86819,NORPAT,2001-12-31 23:00:00+00,,malignt sympatisk paragangliom (usikker primærtumor/metastase),
4017,M86821,NORPAT,2001-12-31 23:00:00+00,,parasympatisk paragangliom,
4018,M86823,NORPAT,2001-12-31 23:00:00+00,,malignt parasympatisk paragangliom,
4019,M86824,NORPAT,2017-10-14 22:00:00+00,,malignt parasympatisk paragangliom (direkte spredning),
4020,M86826,NORPAT,2001-12-31 23:00:00+00,,malignt parasympatisk paragangliom (metastase),
4021,M86829,NORPAT,2001-12-31 23:00:00+00,,malignt parasympatisk paragangliom (usikker primærtumor/metastase),
4022,M86830,NORPAT,2001-12-31 23:00:00+00,,gangliocytisk paragangliom,
4023,M86900,NORPAT,2001-12-31 23:00:00+00,2017-10-13 22:00:00+00,paragangliom i filum terminale,
4024,M86901,NORPAT,2001-12-31 23:00:00+00,,glomus jugulare tumor/jugulotympanisk paragangliom,
4025,M86911,NORPAT,2001-12-31 23:00:00+00,2017-10-13 22:00:00+00,aortalegeme tumor,
4026,M86921,NORPAT,2001-12-31 23:00:00+00,,carotislegemetumor/glomus caroticum paragangliom,
4027,M86931,NORPAT,2001-12-31 23:00:00+00,,ekstraadrenalt paragangliom,
4028,M86933,NORPAT,2001-12-31 23:00:00+00,,malignt ekstraadrenalt paragangliom,
4029,M86934,NORPAT,2017-10-14 22:00:00+00,,malignt ekstraadrenalt paragangliom (direkte spredning),
4030,M86936,NORPAT,2001-12-31 23:00:00+00,,malignt ekstraadrenalt paragangliom (metastase),
4031,M86939,NORPAT,2001-12-31 23:00:00+00,,malignt ekstraadrenalt paragangliom (usikker primærtumor/metastase),
4032,M87000,NORPAT,2001-12-31 23:00:00+00,,feokromocytom,
4033,M87001,NORPAT,2001-12-31 23:00:00+00,,"feokromocytom, usikkert benignt/malignt",
4034,M87003,NORPAT,2001-12-31 23:00:00+00,,malignt feokromocytom,
4035,M87004,NORPAT,2017-10-14 22:00:00+00,,malignt feokromocytom (direkte spredning),
4036,M87006,NORPAT,2001-12-31 23:00:00+00,,malignt feokromocytom (metastase),
4037,M87009,NORPAT,2001-12-31 23:00:00+00,,malignt feokromocytom (usikker primærtumor/metastase),
4038,M87103,NORPAT,2001-12-31 23:00:00+00,2017-10-13 22:00:00+00,malign glomustumor,
4039,M87106,NORPAT,2001-12-31 23:00:00+00,2017-10-13 22:00:00+00,malign glomustumor (metastase),
4040,M87109,NORPAT,2001-12-31 23:00:00+00,2017-10-13 22:00:00+00,malign glomustumor (usikker primærtumor/metastase),
4041,M87110,NORPAT,2001-12-31 23:00:00+00,,glomustumor,
4042,M87111,NORPAT,2017-10-14 22:00:00+00,,glomangiomatose,
4043,M87113,NORPAT,2017-10-14 22:00:00+00,,malign glomustumor,
4044,M87114,NORPAT,2017-10-14 22:00:00+00,,malign glomustumor (direkte spredning),
4045,M87116,NORPAT,2017-10-14 22:00:00+00,,malign glomustumor (metastase),
4046,M87119,NORPAT,2017-10-14 22:00:00+00,,malign glomustumor (usikker primærtumor/metastase),
4047,M87120,NORPAT,2001-12-31 23:00:00+00,,glomangiom,
4048,M87130,NORPAT,2001-12-31 23:00:00+00,2017-10-13 22:00:00+00,glomangiomyom,
4049,M87140,NORPAT,2017-10-14 22:00:00+00,,benignt PECom,
4050,M87141,NORPAT,2017-10-14 22:00:00+00,,"PECom, usikker benignt/malignt",
4051,M87143,NORPAT,2017-10-14 22:00:00+00,,malignt PECom,
4052,M87144,NORPAT,2017-10-14 22:00:00+00,,malignt PECom (direkte spredning),
4053,M87146,NORPAT,2017-10-14 22:00:00+00,,malignt PECom (metastase),
4054,M87149,NORPAT,2017-10-14 22:00:00+00,,malignt PECom (usikker primærtumor/metastase),
4055,M87200,NORPAT,2001-12-31 23:00:00+00,,nevus,
4056,M87201,NORPAT,2001-12-31 23:00:00+00,,irregulær nevus,
4057,M87202,NORPAT,2001-12-31 23:00:00+00,,nevus med atypi (malignt melanom mulig),
4058,M87203,NORPAT,2001-12-31 23:00:00+00,,malignt melanom,
4059,M87204,NORPAT,2017-10-14 22:00:00+00,,malignt melanom (direkte spredning),
4060,M87206,NORPAT,2001-12-31 23:00:00+00,,malignt melanom (metastase),
4061,M87209,NORPAT,2001-12-31 23:00:00+00,,malignt melanom (usikker primærtumor/metastase),
4062,M8720A,NORPAT,2017-10-14 22:00:00+00,,malignt melanom in situ,
4063,M87213,NORPAT,2001-12-31 23:00:00+00,,"malignt melanom, nodulær type",
4064,M87216,NORPAT,2001-12-31 23:00:00+00,2017-10-13 22:00:00+00,"malignt melanom, nodulær type (metastase)",
4065,M87219,NORPAT,2001-12-31 23:00:00+00,2017-10-13 22:00:00+00,"malignt melanom, nodulær type (usikker primærtumor/metastase)",
4066,M87220,NORPAT,2001-12-31 23:00:00+00,,ballongcellenevus,
4067,M87230,NORPAT,2001-12-31 23:00:00+00,,halonevus,
4068,M87233,NORPAT,2001-12-31 23:00:00+00,2017-10-13 22:00:00+00,malignt melanom med aktiv regresjon,
4069,M87236,NORPAT,2001-12-31 23:00:00+00,2017-10-13 22:00:00+00,malignt melanom med aktiv regresjon (metastase),
4070,M87239,NORPAT,2001-12-31 23:00:00+00,2017-10-13 22:00:00+00,malignt melanom med aktiv regresjon (usikker primærtumor/metastase),
4071,M87240,NORPAT,2017-10-14 22:00:00+00,,fibrøs papel,
4072,M87250,NORPAT,2001-12-31 23:00:00+00,2017-10-13 22:00:00+00,neuronævus,
4073,M87261,NORPAT,2001-12-31 23:00:00+00,2017-10-13 22:00:00+00,melanocytom,
4074,M87270,NORPAT,2021-01-28 23:00:00+00,,dysplastisk nevus,
4075,M87303,NORPAT,2001-12-31 23:00:00+00,2017-10-13 22:00:00+00,amelanotisk malignt melanom,
4076,M87306,NORPAT,2001-12-31 23:00:00+00,2017-10-13 22:00:00+00,metastase fra amelanotisk malignt melanom,
4077,M87309,NORPAT,2001-12-31 23:00:00+00,2017-10-13 22:00:00+00,amelanotisk malignt melanom (usikker primærtumor/metastase),
4078,M87400,NORPAT,2001-12-31 23:00:00+00,,intraepidermal nevus,
4079,M87401,NORPAT,2001-12-31 23:00:00+00,,"irregulær intraepidermal nevus, usikker benign/malign",
4080,M87402,NORPAT,2001-12-31 23:00:00+00,2017-10-13 22:00:00+00,epidermal nævus med atypi (malignt melanom UNS in situ mulig),
4081,M87421,NORPAT,2001-12-31 23:00:00+00,,"atypisk melanocytthyperplasi, lentigo maligna mulig",
4082,M87422,NORPAT,2001-12-31 23:00:00+00,,"malignt melanom, lentigo maligna-type in situ",
4083,M87423,NORPAT,2001-12-31 23:00:00+00,,"malignt melanom, lentigo maligna-type",
4084,M87426,NORPAT,2001-12-31 23:00:00+00,2017-10-13 22:00:00+00,"malignt melanom, lentigo maligna-type (metastase)",
4085,M87429,NORPAT,2001-12-31 23:00:00+00,2017-10-13 22:00:00+00,"malignt melanom, lentigo maligna-type (usikker primærtumor/metastase)",
4086,M87432,NORPAT,2001-12-31 23:00:00+00,,"malignt melanom, superfisiell spredningstype in situ",
4087,M87433,NORPAT,2001-12-31 23:00:00+00,,"malignt melanom, superfisiell spredningstype",
4088,M87436,NORPAT,2001-12-31 23:00:00+00,2017-10-13 22:00:00+00,"malignt melanom, superfisiell spredningstype (metastase)",
4089,M87439,NORPAT,2001-12-31 23:00:00+00,2017-10-13 22:00:00+00,"malignt melanom, superfisiell spredningstype (usikker primærtumor/metastase)",
4090,M87442,NORPAT,2001-12-31 23:00:00+00,,"malignt melanom, akral type in situ",
4091,M87443,NORPAT,2001-12-31 23:00:00+00,,"malignt melanom, akral type",
4092,M87446,NORPAT,2001-12-31 23:00:00+00,,"malignt melanom, akral type (metastase)",
4093,M87449,NORPAT,2001-12-31 23:00:00+00,,"malignt melanom, akral type (usikker primærtumor/metastase)",
4094,M87452,NORPAT,2017-10-14 22:00:00+00,2021-12-30 23:00:00+00,akralt lentiginøst malignt melanom in situ,
4095,M87453,NORPAT,2001-12-31 23:00:00+00,,desmoplastisk malignt melanom,
4096,M87456,NORPAT,2001-12-31 23:00:00+00,,desmoplastisk malignt melanom (metastase),
4097,M87459,NORPAT,2001-12-31 23:00:00+00,,desmoplastisk malignt melanom (usikker primærtumor/metastase),
4098,M87500,NORPAT,2001-12-31 23:00:00+00,,intradermal nevus,
4099,M87600,NORPAT,2001-12-31 23:00:00+00,,sammensatt nevus,
4100,M87601,NORPAT,2001-12-31 23:00:00+00,2017-10-13 22:00:00+00,"irregulær sammensatt nævus, usikker benign/malign",
4101,M87602,NORPAT,2001-12-31 23:00:00+00,,sammensatt nevus med atypi (malignt melanom mulig),
4102,M87611,NORPAT,2001-12-31 23:00:00+00,,kongenitt pigmentert kjempenevus,
4103,M87613,NORPAT,2001-12-31 23:00:00+00,2017-10-13 22:00:00+00,malignt melanom i pigmentert gigantnævus,
4104,M87616,NORPAT,2001-12-31 23:00:00+00,2017-10-13 22:00:00+00,malignt melanom i pigmentert gigantnævus (metastase),
4105,M87619,NORPAT,2001-12-31 23:00:00+00,2017-10-13 22:00:00+00,malignt melanom i pigmentert gigantnævus (usikker primærtumor/metastase),
4106,M87620,NORPAT,2017-10-14 22:00:00+00,,kongenitt nevus,
4107,M87700,NORPAT,2001-12-31 23:00:00+00,,Spitz nevus,
4108,M87701,NORPAT,2001-12-31 23:00:00+00,,atypisk Spitz nevus,
4109,M87710,NORPAT,2001-12-31 23:00:00+00,2017-10-13 22:00:00+00,epiteloidcellenævus,
4110,M87720,NORPAT,2001-12-31 23:00:00+00,2017-10-13 22:00:00+00,spolcellenævus,
4111,M87721,NORPAT,2001-12-31 23:00:00+00,2017-10-13 22:00:00+00,"irregulær spolcellenævus, usikker benign/malign",
4112,M87722,NORPAT,2001-12-31 23:00:00+00,2017-10-13 22:00:00+00,spolcellenævus med atypi (invasivt spolcellet malignt melanom UNS mulig),
4113,M87723,NORPAT,2001-12-31 23:00:00+00,,spolcellet malignt melanom,
4114,M87724,NORPAT,2017-10-14 22:00:00+00,,spolcellet malignt melanom (direkte spredning),
4115,M87726,NORPAT,2001-12-31 23:00:00+00,,spolcellet malignt melanom (metastase),
4116,M87729,NORPAT,2001-12-31 23:00:00+00,,spolcellet malignt melanom (usikker primærtumor/metastase),
4117,M87750,NORPAT,2001-12-31 23:00:00+00,,dyp penetrerende nevus,
4118,M877A0,NORPAT,2017-10-14 22:00:00+00,,pigmentert spolcellet nevus,
4119,M87800,NORPAT,2001-12-31 23:00:00+00,,blå nevus,
4120,M87803,NORPAT,2001-12-31 23:00:00+00,,malign blå nevus,
4121,M87804,NORPAT,2017-10-14 22:00:00+00,,malign blå nevus (direkte spredning),
4122,M87806,NORPAT,2001-12-31 23:00:00+00,,malign blå nævus (metastase),
4123,M87809,NORPAT,2001-12-31 23:00:00+00,,malign blå nævus (usikker primærtumor/metastase),
4124,M87900,NORPAT,2001-12-31 23:00:00+00,,cellerik blå nevus,
4125,M87901,NORPAT,2001-12-31 23:00:00+00,,cellerik blå nevus med atypi,
4126,M87950,NORPAT,2001-12-31 23:00:00+00,,kombinert nevus,
4127,M88000,NORPAT,2001-12-31 23:00:00+00,,benign bløtdelstumor,
4128,M88001,NORPAT,2001-12-31 23:00:00+00,,"bløtdelstumor, usikker benign/malign",
4129,M88002,NORPAT,2001-12-31 23:00:00+00,,"bløtdelstumor, sannsynlig malign",
4130,M88003,NORPAT,2001-12-31 23:00:00+00,,sarkom,
4131,M88004,NORPAT,2017-10-14 22:00:00+00,,sarkom (direkte spredning),
4132,M88006,NORPAT,2001-12-31 23:00:00+00,,sarkom (metastase),
4133,M88009,NORPAT,2001-12-31 23:00:00+00,,sarkom (usikker primærtumor/metastase),
4134,M88011,NORPAT,2001-12-31 23:00:00+00,2017-10-13 22:00:00+00,spolcellet bløtvevstumor (usikker benign/malign),
4135,M88013,NORPAT,2001-12-31 23:00:00+00,2021-01-27 23:00:00+00,udifferensiert spolcellet sarkom,
4136,M88016,NORPAT,2001-12-31 23:00:00+00,2021-12-30 23:00:00+00,udifferensiert spolcellet sarkom (metastase),
4137,M88019,NORPAT,2001-12-31 23:00:00+00,2021-12-30 23:00:00+00,udifferensiert spolcellet sarkom (usikker primærtumor/metastase),
4138,M88021,NORPAT,2017-10-14 22:00:00+00,,pleomorf hyaliniserende angiektatisk tumor,
4139,M88023,NORPAT,2001-12-31 23:00:00+00,2021-01-27 23:00:00+00,udifferensiert pleomorft sarkom,
4140,M88026,NORPAT,2001-12-31 23:00:00+00,2021-12-30 23:00:00+00,udifferensiert pleomorft sarkom (metastase),
4141,M88029,NORPAT,2001-12-31 23:00:00+00,2021-12-30 23:00:00+00,udifferensiert pleomorft sarkom (usikker primærtumor/metastase),
4142,M88033,NORPAT,2001-12-31 23:00:00+00,2021-01-27 23:00:00+00,udifferensiert rundcellet/småcellet sarkom,
4143,M88036,NORPAT,2001-12-31 23:00:00+00,2021-12-30 23:00:00+00,udifferensiert rundcellet/småcellet sarkom (metastase),
4144,M88039,NORPAT,2001-12-31 23:00:00+00,2021-12-30 23:00:00+00,udifferensiert rundcellet/småcellet sarkom (usikker primærtumor/metastase),
4145,M88043,NORPAT,2001-12-31 23:00:00+00,,epiteloid sarkom,
4146,M88046,NORPAT,2001-12-31 23:00:00+00,,epiteloid sarkom (metastase),
4147,M88049,NORPAT,2001-12-31 23:00:00+00,,epiteloid sarkom (usikker primærtumor/metastase),
4148,M88053,NORPAT,2017-10-14 22:00:00+00,,udifferensiert sarkom,
4149,M88056,NORPAT,2017-10-14 22:00:00+00,,udifferensiert sarkom (metastase),
4150,M88059,NORPAT,2017-10-14 22:00:00+00,,udifferensiert sarkom (usikker primærtumor/metastase),
4151,M88063,NORPAT,2017-10-14 22:00:00+00,2021-01-27 23:00:00+00,udifferensiert epiteloid sarkom,
4152,M88066,NORPAT,2017-10-14 22:00:00+00,2021-12-30 23:00:00+00,udifferensiert epiteloid sarkom (metastase),
4153,M88069,NORPAT,2017-10-14 22:00:00+00,2021-12-30 23:00:00+00,udifferensiert epiteloid sarkom (usikker primærtumor/metastase),
4154,M880A3,NORPAT,2017-10-14 22:00:00+00,,desmoplastisk småcellet rundcellet tumor,
4155,M880A6,NORPAT,2017-10-14 22:00:00+00,,desmoplastisk småcellet rundcellet tumor (metastase),
4156,M880A9,NORPAT,2017-10-14 22:00:00+00,,desmoplastisk småcellet rundcellet tumor (usikker primærtumor/metastase),
4157,M88100,NORPAT,2001-12-31 23:00:00+00,,fibrom,
4158,M88101,NORPAT,2017-10-14 22:00:00+00,,cellulært fibrom,
4159,M88103,NORPAT,2001-12-31 23:00:00+00,,fibrosarkom,
4160,M88106,NORPAT,2001-12-31 23:00:00+00,,fibrosarkom (metastase),
4161,M88109,NORPAT,2001-12-31 23:00:00+00,,fibrosarkom (usikker primærtumor/metastase),
4162,M88110,NORPAT,2001-12-31 23:00:00+00,,myksoid fibrom,
4163,M88113,NORPAT,2001-12-31 23:00:00+00,,myksofibrosarkom,
4164,M88116,NORPAT,2001-12-31 23:00:00+00,,myksofibrosarkom (metastase),
4165,M88119,NORPAT,2001-12-31 23:00:00+00,,myksofibrosarkom (usikker primærtumor/metastase),
4166,M88130,NORPAT,2017-10-14 22:00:00+00,,fibrom i seneskjede,
4167,M88131,NORPAT,2017-10-14 22:00:00+00,,palmar/plantar fibromatose,
4168,M88143,NORPAT,2001-12-31 23:00:00+00,,infantilt fibrosarkom,
4169,M88144,NORPAT,2017-10-14 22:00:00+00,,infantilt fibrosarkom (direkte spredning),
4170,M88146,NORPAT,2001-12-31 23:00:00+00,,infantilt fibrosarkom (metastase),
4171,M88149,NORPAT,2001-12-31 23:00:00+00,,infantilt fibrosarkom (usikker primærtumor/metastase),
4172,M88151,NORPAT,2017-10-14 22:00:00+00,,solitær fibrøs tumor,
4173,M88153,NORPAT,2017-10-14 22:00:00+00,,malign solitær fibrøs tumor,
4174,M88154,NORPAT,2017-10-14 22:00:00+00,,malign solitær fibrøs tumor (direkte spredning),
4175,M88156,NORPAT,2017-10-14 22:00:00+00,,malign solitær fibrøs tumor (metastase),
4176,M88159,NORPAT,2017-10-14 22:00:00+00,,malign solitær fibrøs tumor (usikker primærtumor/metastase),
4177,M88160,NORPAT,2017-10-14 22:00:00+00,,kalsifiserende aponevrotisk fibrom,
4178,M88170,NORPAT,2017-10-14 22:00:00+00,,kalsifiserende fibrøs tumor,
4179,M881A1,NORPAT,2017-10-14 22:00:00+00,,hemosiderotisk fibrolipomatøs tumor,
4180,M881B1,NORPAT,2017-10-14 22:00:00+00,,myksoinflammatorisk fibroblastisk sarkom,
4181,M881C0,NORPAT,2017-10-14 22:00:00+00,,akralt fibromyksom,
4182,M88200,NORPAT,2001-12-31 23:00:00+00,,elastofibrom,
4183,M88211,NORPAT,2001-12-31 23:00:00+00,,ekstra-abdominal desmoid,
4184,M88221,NORPAT,2001-12-31 23:00:00+00,,abdominal fibromatose,
4185,M88231,NORPAT,2001-12-31 23:00:00+00,,desmoplastisk fibrom,
4186,M88240,NORPAT,2017-10-14 22:00:00+00,,myofibrom,
4187,M88241,NORPAT,2017-10-14 22:00:00+00,,myofibromatose,
4188,M88250,NORPAT,2017-10-14 22:00:00+00,,"myofibroblastom, mammær type",
4189,M88251,NORPAT,2017-10-14 22:00:00+00,,inflammatorisk myofibroblastisk tumor,
4190,M88253,NORPAT,2017-10-14 22:00:00+00,,lavgradig myofibroblastisk sarkom,
4191,M88256,NORPAT,2017-10-14 22:00:00+00,,lavgradig myofibroblastisk sarkom (metastase),
4192,M88259,NORPAT,2017-10-14 22:00:00+00,,lavgradig myofibroblastisk sarkom (usikker primærtumor/metastase),
4193,M88260,NORPAT,2017-10-14 22:00:00+00,,angiomyofibroblastom,
4194,M88270,NORPAT,2017-10-14 22:00:00+00,,iskemisk fasciitt,
4195,M88271,NORPAT,2017-10-14 22:00:00+00,,kongenital peribronkial myofibroblastisk tumor,
4196,M88280,NORPAT,2017-10-14 22:00:00+00,,proliferativ fasciitt,
4197,M88290,NORPAT,2017-10-14 22:00:00+00,,proliferativ myositt,
4198,M882A1,NORPAT,2017-10-14 22:00:00+00,,desmoplastisk fibroblastom,
4199,M88300,NORPAT,2001-12-31 23:00:00+00,,fibrøst histiocytom,
4200,M88301,NORPAT,2001-12-31 23:00:00+00,,"fibrøst histiocytom, usikkert benignt/malignt",
4201,M88303,NORPAT,2001-12-31 23:00:00+00,2017-10-13 22:00:00+00,malignt fibrøst histiocytom,
4202,M88306,NORPAT,2001-12-31 23:00:00+00,2017-10-13 22:00:00+00,malignt fibrost histiocytom (metastase),
4203,M88309,NORPAT,2001-12-31 23:00:00+00,2017-10-13 22:00:00+00,malignt fibrost histiocytom (usikker primærtumor/metastase),
4204,M88310,NORPAT,2001-12-31 23:00:00+00,,xantofibrom,
4205,M88311,NORPAT,2001-12-31 23:00:00+00,,atypisk fibroxantom,
4206,M88320,NORPAT,2001-12-31 23:00:00+00,,dermatofibrom,
4207,M88321,NORPAT,2001-12-31 23:00:00+00,,irregulært dermatofibrom,
4208,M88323,NORPAT,2001-12-31 23:00:00+00,,dermatofibrosarkom,
4209,M88324,NORPAT,2017-10-14 22:00:00+00,,dermatofibrosarkom (direkte spredning),
4210,M88326,NORPAT,2001-12-31 23:00:00+00,,dermatofibrosarkom (metastase),
4211,M88329,NORPAT,2001-12-31 23:00:00+00,,dermatofibrosarkom (usikker primærtumor/metastase),
4212,M88333,NORPAT,2001-12-31 23:00:00+00,,pigmentert dermatofibrosarkom,
4213,M88336,NORPAT,2001-12-31 23:00:00+00,,pigmentert dermatofibrosarkom (metastase),
4214,M88339,NORPAT,2001-12-31 23:00:00+00,,pigmentert dermatofibrosarkom (usikker primærtumor/metastase),
4215,M88341,NORPAT,2017-10-14 22:00:00+00,,kjempecellefibroblastom,
4216,M88351,NORPAT,2017-10-14 22:00:00+00,,pleksiform fibrohistiocytær tumor,
4217,M88361,NORPAT,2017-10-14 22:00:00+00,,angiomatoid fibrøst histiocytom,
4218,M88400,NORPAT,2001-12-31 23:00:00+00,,myksom,
4219,M88403,NORPAT,2001-12-31 23:00:00+00,,myksosarkom,
4220,M88406,NORPAT,2001-12-31 23:00:00+00,,myksosarkom (metastase),
4221,M88409,NORPAT,2001-12-31 23:00:00+00,,myksosarkom (usikker primærtumor/metastase),
4222,M88410,NORPAT,2017-10-14 22:00:00+00,,overfladisk angiomyksom,
4223,M88411,NORPAT,2017-10-14 22:00:00+00,,aggressivt angiomyksom,
4224,M88420,NORPAT,2017-10-14 22:00:00+00,,ossifiserende fibromyksoid tumor,
4225,M88421,NORPAT,2017-10-14 22:00:00+00,,"ossifiserende fibromyksoid tumor, usikker benign/malign",
4226,M88423,NORPAT,2017-10-14 22:00:00+00,,ossifiserende fibromyksoid sarkom,
4227,M88426,NORPAT,2017-10-14 22:00:00+00,,ossifiserende fibromyksoid sarkom (metastase),
4228,M88429,NORPAT,2017-10-14 22:00:00+00,,ossifiserende fibromyksoid sarkom (usikker primærtumor/metastase),
4229,M88433,NORPAT,2017-10-14 22:00:00+00,,lavgradig fibromyksoid sarkom,
4230,M88434,NORPAT,2017-10-14 22:00:00+00,,lavgradig fibromyksoid sarkom (residiv),
4231,M88436,NORPAT,2017-10-14 22:00:00+00,,lavgradig fibromyksoid sarkom (metastase),
4232,M88439,NORPAT,2017-10-14 22:00:00+00,,lavgradig fibromyksoid sarkom (usikker primærtumor/metastase),
4233,M88451,NORPAT,2001-12-31 23:00:00+00,,atriemyksom,
4234,M884A3,NORPAT,2017-10-14 22:00:00+00,,skleroserende epiteloid fibrosarkom,
4235,M884A6,NORPAT,2017-10-14 22:00:00+00,,skleroserende epiteloid fibrosarkom (metastase),
4236,M884A9,NORPAT,2017-10-14 22:00:00+00,,skleroserende epiteloid fibrosarkom (usikker primærtumor/metastase),
4237,M88500,NORPAT,2001-12-31 23:00:00+00,,lipom,
4238,M88501,NORPAT,2001-12-31 23:00:00+00,,atypisk lipomatøs tumor,
4239,M88502,NORPAT,2001-12-31 23:00:00+00,2021-01-27 23:00:00+00,atypisk lipomatøs tumor,
4240,M88503,NORPAT,2001-12-31 23:00:00+00,,liposarkom,
4241,M88506,NORPAT,2001-12-31 23:00:00+00,,liposarkom (metastase),
4242,M88509,NORPAT,2001-12-31 23:00:00+00,,liposarkom (usikker primærtumor/metastase),
4243,M88510,NORPAT,2001-12-31 23:00:00+00,,fibrolipom,
4244,M88513,NORPAT,2001-12-31 23:00:00+00,,høyt differensiert liposarkom,
4245,M88516,NORPAT,2001-12-31 23:00:00+00,,høyt differensiert liposarkom (metastase),
4246,M88519,NORPAT,2001-12-31 23:00:00+00,,høyt differensiert liposarkom (usikker primærtumor/metastase),
4247,M88520,NORPAT,2001-12-31 23:00:00+00,2017-10-13 22:00:00+00,fibromyksolipom,
4248,M88523,NORPAT,2001-12-31 23:00:00+00,,myksoid liposarkom,
4249,M88526,NORPAT,2001-12-31 23:00:00+00,,myksoid liposarkom (metastase),
4250,M88529,NORPAT,2001-12-31 23:00:00+00,,myksoid liposarkom (usikker primærtumor/metastase),
4251,M88533,NORPAT,2001-12-31 23:00:00+00,2017-10-13 22:00:00+00,rundcelleliposarkom,
4252,M88536,NORPAT,2001-12-31 23:00:00+00,2017-10-13 22:00:00+00,rundcelleliposarkom (metastase),
4253,M88539,NORPAT,2001-12-31 23:00:00+00,2017-10-13 22:00:00+00,rundcelleliposarkom (usikker primærtumor/metastase),
4254,M88540,NORPAT,2001-12-31 23:00:00+00,,pleomorft lipom,
4255,M88543,NORPAT,2001-12-31 23:00:00+00,,pleomorft liposarkom,
4256,M88546,NORPAT,2001-12-31 23:00:00+00,,pleomorft liposarkom (metastase),
4257,M88549,NORPAT,2001-12-31 23:00:00+00,,pleomorft liposarkom (usikker primærtumor/metastase),
4258,M88553,NORPAT,2001-12-31 23:00:00+00,2017-10-13 22:00:00+00,"liposarkom, blandet type",
4259,M88556,NORPAT,2001-12-31 23:00:00+00,2017-10-13 22:00:00+00,"liposarkom, blandet type (metastase)",
4260,M88559,NORPAT,2001-12-31 23:00:00+00,2017-10-13 22:00:00+00,"liposarkom, blandet type (usikker primærtumor/metastase)",
4261,M88560,NORPAT,2001-12-31 23:00:00+00,,intramuskulært lipom,
4262,M88570,NORPAT,2001-12-31 23:00:00+00,,spolcellelipom,
4263,M88583,NORPAT,2017-10-14 22:00:00+00,,dedifferensiert liposarkom,
4264,M88586,NORPAT,2017-10-14 22:00:00+00,,dedifferensiert liposarkom (metastase),
4265,M88589,NORPAT,2017-10-14 22:00:00+00,,dedifferensiert liposarkom (usikker primærtumor/metastase),
4266,M88593,NORPAT,2021-01-28 23:00:00+00,,myksoid pleomorft liposarkom,
4267,M88600,NORPAT,2001-12-31 23:00:00+00,,angiomyolipom,
4268,M88610,NORPAT,2001-12-31 23:00:00+00,,angiolipom,
4269,M88620,NORPAT,2017-10-14 22:00:00+00,,kondroid lipom,
4270,M88700,NORPAT,2001-12-31 23:00:00+00,,myelolipom,
4271,M88800,NORPAT,2001-12-31 23:00:00+00,,hibernom,
4272,M88810,NORPAT,2001-12-31 23:00:00+00,,lipoblastomatose,
4273,M88900,NORPAT,2001-12-31 23:00:00+00,,leiomyom,
4274,M88901,NORPAT,2001-12-31 23:00:00+00,,intravaskulær leiomyomatose,
4275,M88902,NORPAT,2001-12-31 23:00:00+00,,mitoserikt leiomyom,
4276,M88903,NORPAT,2001-12-31 23:00:00+00,,leiomyosarkom,
4277,M88904,NORPAT,2017-10-14 22:00:00+00,,leiomyosarkom (direkte spredning),
4278,M88906,NORPAT,2001-12-31 23:00:00+00,,leiomyosarkom (metastase),
4279,M88909,NORPAT,2001-12-31 23:00:00+00,,leiomyosarkom (usikker primærtumor/metastase),
4280,M88910,NORPAT,2001-12-31 23:00:00+00,,epiteloid leiomyom,
4281,M88911,NORPAT,2017-10-14 22:00:00+00,,"epiteloid leiomyom, usikker benign/malign",
4282,M88913,NORPAT,2001-12-31 23:00:00+00,,epiteloid leiomyosarkom,
4283,M88914,NORPAT,2017-10-14 22:00:00+00,,epiteloid leiomyosarkom (direkte spredning),
4284,M88916,NORPAT,2001-12-31 23:00:00+00,,epiteloid leiomyosarkom (metastase),
4285,M88919,NORPAT,2001-12-31 23:00:00+00,,epiteloid leiomyosarkom (usikker primærtumor/metastase),
4286,M88920,NORPAT,2001-12-31 23:00:00+00,,cellerikt leiomyom,
4287,M88921,NORPAT,2001-12-31 23:00:00+00,,"leiomyomatøs tumor, usikker benign/malign",
4288,M88930,NORPAT,2001-12-31 23:00:00+00,,leiomyom med bisarre kjerner,
4289,M88940,NORPAT,2001-12-31 23:00:00+00,,angioleiomyom,
4290,M88943,NORPAT,2001-12-31 23:00:00+00,2017-10-13 22:00:00+00,vaskulært leiomyosarkom,
4291,M88946,NORPAT,2001-12-31 23:00:00+00,2017-10-13 22:00:00+00,vaskulært leiomyosarkom (metastase),
4292,M88949,NORPAT,2001-12-31 23:00:00+00,2017-10-13 22:00:00+00,vaskulært leiomyosarkom (usikker primærtumor/metastase),
4293,M88950,NORPAT,2001-12-31 23:00:00+00,2017-10-13 22:00:00+00,myom,
4294,M88953,NORPAT,2001-12-31 23:00:00+00,2017-10-13 22:00:00+00,myosarkom,
4295,M88956,NORPAT,2001-12-31 23:00:00+00,2017-10-13 22:00:00+00,myosarkom (metastase),
4296,M88959,NORPAT,2001-12-31 23:00:00+00,2017-10-13 22:00:00+00,myosarkom (usikker primærtumor/metastase),
4297,M88960,NORPAT,2017-10-14 22:00:00+00,,myksoid leiomyom,
4298,M88963,NORPAT,2001-12-31 23:00:00+00,,myksoid leiomyosarkom,
4299,M88964,NORPAT,2017-10-14 22:00:00+00,,myksoid leiomyosarkom (direkte spredning),
4300,M88966,NORPAT,2001-12-31 23:00:00+00,,myksoid leiomyosarkom (metastase),
4301,M88969,NORPAT,2001-12-31 23:00:00+00,,myksoid leiomyosarkom (usikker primærtumor/metastase),
4302,M88970,NORPAT,2001-12-31 23:00:00+00,,diffus leiomyomatose,
4303,M89000,NORPAT,2001-12-31 23:00:00+00,,rabdomyom,
4304,M89003,NORPAT,2001-12-31 23:00:00+00,,rabdomyosarkom,
4305,M89004,NORPAT,2017-10-14 22:00:00+00,,rabdomyosarkom (direkte spredning),
4306,M89006,NORPAT,2001-12-31 23:00:00+00,,rabdomyosarkom (metastase),
4307,M89009,NORPAT,2001-12-31 23:00:00+00,,rabdomyosarkom (usikker primærtumor/metastase),
4308,M89013,NORPAT,2001-12-31 23:00:00+00,,pleomorft rabdomyosarkom,
4309,M89016,NORPAT,2001-12-31 23:00:00+00,,pleomorft rabdomyosarkom (metastase),
4310,M89019,NORPAT,2001-12-31 23:00:00+00,,pleomorft rabdomyosarkom (usikker primærtumor/metastase),
4311,M89023,NORPAT,2001-12-31 23:00:00+00,2017-10-13 22:00:00+00,blandet rabdomyosarkom,
4312,M89026,NORPAT,2001-12-31 23:00:00+00,2017-10-13 22:00:00+00,blandet rabdomyosarkom (metastase),
4313,M89029,NORPAT,2001-12-31 23:00:00+00,2017-10-13 22:00:00+00,blandet rabdomyosarkom (usikker primærtumor/metastase),
4314,M89030,NORPAT,2001-12-31 23:00:00+00,,føtalt rabdomyom,
4315,M89040,NORPAT,2001-12-31 23:00:00+00,,adult rabdomyom,
4316,M89050,NORPAT,2017-10-14 22:00:00+00,,genitalt rabdomyom,
4317,M89103,NORPAT,2001-12-31 23:00:00+00,,embryonalt rabdomyosarkom,
4318,M89106,NORPAT,2001-12-31 23:00:00+00,,embryonalt rabdomyosarkom (metastase),
4319,M89109,NORPAT,2001-12-31 23:00:00+00,,embryonalt rabdomyosarkom (usikker primærtumor/metastase),
4320,M89123,NORPAT,2017-10-14 22:00:00+00,,spolcellet rabdomyosarkom,
4321,M89126,NORPAT,2017-10-14 22:00:00+00,,spolcellet rabdomyosarkom (metastase),
4322,M89129,NORPAT,2017-10-14 22:00:00+00,,spolcellet rabdomyosarkom (usikker primærtumor/metastase),
4323,M89203,NORPAT,2001-12-31 23:00:00+00,,alveolært rabdomyosarkom,
4324,M89206,NORPAT,2001-12-31 23:00:00+00,,alveolært rabdomyosarkom (metastase),
4325,M89209,NORPAT,2001-12-31 23:00:00+00,,alveolært rabdomyosarkom (usikker primærtumor/metastase),
4326,M89213,NORPAT,2017-10-14 22:00:00+00,,ektomesenkymom,
4327,M89216,NORPAT,2017-10-14 22:00:00+00,,ektomesenkymom (metastase),
4328,M89219,NORPAT,2017-10-14 22:00:00+00,,ektomesenkymom (usikker primærtumor/metastase),
4329,M89300,NORPAT,2001-12-31 23:00:00+00,,endometriestromaknute,
4330,M89303,NORPAT,2001-12-31 23:00:00+00,,endometriestromasarkom,
4331,M89304,NORPAT,2017-10-14 22:00:00+00,,endometriestromasarkom (direkte spredning),
4332,M89306,NORPAT,2001-12-31 23:00:00+00,,endometriestromasarkom (metastase),
4333,M89309,NORPAT,2001-12-31 23:00:00+00,,endometriestromasarkom (usikker primærtumor/metastase),
4334,M89311,NORPAT,2001-12-31 23:00:00+00,2017-10-13 22:00:00+00,"endometriestromasarkom, lavgradig malignt",
4335,M89313,NORPAT,2017-10-14 22:00:00+00,,"endometriestromasarkom, lavgradig malignt",
4336,M89314,NORPAT,2017-10-14 22:00:00+00,,"endometriestromasarkom, lavgradig malignt  (direkte spredning)",
4337,M89316,NORPAT,2017-10-14 22:00:00+00,,"endometriestromasarkom, lavgradig malignt (metastase)",
4338,M89319,NORPAT,2017-10-14 22:00:00+00,,"endometriestromasarkom, lavgradig malignt (usikker primærtumor/metastase)",
4339,M89320,NORPAT,2001-12-31 23:00:00+00,,adenomyom,
4340,M89323,NORPAT,2017-10-14 22:00:00+00,,"endometriestromasarkom, høygradig malignt",
4341,M89324,NORPAT,2017-10-14 22:00:00+00,,"endometriestromasarkom, høygradig malignt (direkte spredning)",
4342,M89326,NORPAT,2017-10-14 22:00:00+00,,"endometriestromasarkom, høygradig malignt (metastase)",
4343,M89329,NORPAT,2017-10-14 22:00:00+00,,"endometriestromasarkom, høygradig malignt (usikker primærtumor/metastase)",
4344,M89330,NORPAT,2001-12-31 23:00:00+00,,atypisk polypoid adenomyom,
4345,M89333,NORPAT,2001-12-31 23:00:00+00,,adenosarkom,
4346,M89334,NORPAT,2017-10-14 22:00:00+00,,adenosarkom (direkte spredning),
4347,M89336,NORPAT,2001-12-31 23:00:00+00,,adenosarkom (metastase),
4348,M89339,NORPAT,2001-12-31 23:00:00+00,,adenosarkom (usikker primærtumor/metastase),
4349,M89341,NORPAT,2001-12-31 23:00:00+00,,"""uterine sex cord like tumor""",
4350,M89360,NORPAT,2017-10-14 22:00:00+00,2021-01-27 23:00:00+00,benign gastrointestinal stromal tumor,
4351,M89361,NORPAT,2017-10-14 22:00:00+00,2021-01-27 23:00:00+00,gastrointestinal stromal tumor med usikkert malignitetspotensiale,
4352,M89363,NORPAT,2017-10-14 22:00:00+00,,gastrointestinal stromal tumor,
4353,M89364,NORPAT,2017-10-14 22:00:00+00,,gastrointestinal stromal tumor (direkte spredning),
4354,M89366,NORPAT,2017-10-14 22:00:00+00,,gastrointestinal stromal tumor (metastase),
4355,M89369,NORPAT,2017-10-14 22:00:00+00,,gastrointestinal stromal tumor (usikker primærtumor/metastase),
4356,M89400,NORPAT,2001-12-31 23:00:00+00,,pleomorft adenom/kondroid syringom/benign blandingstumor,
4357,M89401,NORPAT,2017-10-14 22:00:00+00,,pleomorft adenom med atypi,
4358,M89403,NORPAT,2001-12-31 23:00:00+00,,karsinom i pleomorft adenom/malign blandingstumor,
4359,M89404,NORPAT,2017-10-14 22:00:00+00,,karsinom i pleomorft adenom/malign blandingstumor (direkte spredning),
4360,M89406,NORPAT,2001-12-31 23:00:00+00,,karsinom i pleomorft adenom/malign blandingstumor (metastase),
4361,M89409,NORPAT,2001-12-31 23:00:00+00,,karsinom i pleomorft adenom/malign blandingstumor (usikker primærtumor/metastase),
4362,M89500,NORPAT,2001-12-31 23:00:00+00,,adenofibrom,
4363,M89501,NORPAT,2017-10-14 22:00:00+00,,lavgradig malign Müllersk blandingstumor,
4364,M89503,NORPAT,2001-12-31 23:00:00+00,,"malign Müllersk blandingstumor, heterolog type",
4365,M89504,NORPAT,2017-10-14 22:00:00+00,,"malign Müllersk blandingstumor, heterolog type (direkte spredning)",
4366,M89506,NORPAT,2001-12-31 23:00:00+00,,"malign Müllersk blandingstumor, heterolog type (metastase)",
4367,M89509,NORPAT,2001-12-31 23:00:00+00,,"malign Müllersk blandingstumor, heterolog type (usikker primærtumor/metastase)",
4368,M89520,NORPAT,2017-10-14 22:00:00+00,,seromucinøst adenofibrom,
4369,M89600,NORPAT,2017-10-14 22:00:00+00,,"nefrom, multilokulært cystisk",
4370,M89601,NORPAT,2001-12-31 23:00:00+00,,mesoblastisk nefrom,
4371,M89603,NORPAT,2001-12-31 23:00:00+00,,nefroblastom,
4372,M89604,NORPAT,2017-10-14 22:00:00+00,,nefroblastom (Wilms tumor) (direkte spredning),
4373,M89606,NORPAT,2001-12-31 23:00:00+00,,nefroblastom (metastase),
4374,M89609,NORPAT,2001-12-31 23:00:00+00,2017-10-13 22:00:00+00,nefroblastom UNS (usikker primærtumor/metastase),
4375,M89613,NORPAT,2001-12-31 23:00:00+00,2017-10-13 22:00:00+00,epitelialt nefroblastom,
4376,M89616,NORPAT,2001-12-31 23:00:00+00,2017-10-13 22:00:00+00,epitelialt nefroblastom (metastase),
4377,M89619,NORPAT,2001-12-31 23:00:00+00,2017-10-13 22:00:00+00,epitelialt nefroblastom (usikker primærtumor/metastase),
4378,M89623,NORPAT,2001-12-31 23:00:00+00,2017-10-13 22:00:00+00,mesenkymalt nefroblastom,
4379,M89626,NORPAT,2001-12-31 23:00:00+00,2017-10-13 22:00:00+00,mesenkymalt nefroblastom (metastase),
4380,M89629,NORPAT,2001-12-31 23:00:00+00,2017-10-13 22:00:00+00,mesenkymalt nefroblastom (usikker primærtumor/metastase),
4381,M89633,NORPAT,2001-12-31 23:00:00+00,,malign rabdoid tumor,
4382,M89636,NORPAT,2001-12-31 23:00:00+00,,malign rabdoid tumor (metastase),
4383,M89639,NORPAT,2001-12-31 23:00:00+00,,malign rabdoid tumor (usikker primærtumor/metastase),
4384,M89643,NORPAT,2001-12-31 23:00:00+00,,klarcellet sarkom i nyre,
4385,M89646,NORPAT,2001-12-31 23:00:00+00,,klarcellet sarkom i nyre (metastase),
4386,M89649,NORPAT,2001-12-31 23:00:00+00,,klarcellet sarkom i nyre (usikker primærtumor/metastase),
4387,M89703,NORPAT,2001-12-31 23:00:00+00,,hepatoblastom,
4388,M89706,NORPAT,2001-12-31 23:00:00+00,,hepatoblastom (metastase),
4389,M89709,NORPAT,2001-12-31 23:00:00+00,,hepatoblastom (usikker primærtumor/metastase),
4390,M89713,NORPAT,2017-10-14 22:00:00+00,,pankreatikoblastom,
4391,M89723,NORPAT,2017-10-14 22:00:00+00,,pulmonalt blastom,
4392,M89724,NORPAT,2017-10-14 22:00:00+00,,pulmonalt blastom (direkte spredning),
4393,M89726,NORPAT,2017-10-14 22:00:00+00,,pulmonalt blastom (metastase),
4394,M89729,NORPAT,2017-10-14 22:00:00+00,,pulmonalt blastom (usikker primærtumor/metastase),
4395,M89733,NORPAT,2017-10-14 22:00:00+00,,pleuropulmonalt blastom,
4396,M89734,NORPAT,2017-10-14 22:00:00+00,,pleuropulmonalt blastom (direkte spredning),
4397,M89736,NORPAT,2017-10-14 22:00:00+00,,pleuropulmonalt blastom (metastase),
4398,M89739,NORPAT,2017-10-14 22:00:00+00,,pleuropulmonalt blastom (usikker primærtumor/metastase),
4399,M89741,NORPAT,2017-10-14 22:00:00+00,,sialoblastom,
4400,M89803,NORPAT,2001-12-31 23:00:00+00,,karsinosarkom,
4401,M89804,NORPAT,2017-10-14 22:00:00+00,,karsinosarkom (direkte spredning),
4402,M89806,NORPAT,2001-12-31 23:00:00+00,,karsinosarkom (metastase),
4403,M89809,NORPAT,2001-12-31 23:00:00+00,,karsinosarkom (usikker primærtumor/metastase),
4404,M89813,NORPAT,2001-12-31 23:00:00+00,2017-10-13 22:00:00+00,pulmonalt blastom,
4405,M89816,NORPAT,2001-12-31 23:00:00+00,2017-10-13 22:00:00+00,pulmonalt blastom (metastase),
4406,M89819,NORPAT,2001-12-31 23:00:00+00,2017-10-13 22:00:00+00,pulmonalt blastom (usikker primærtumor/metastase),
4407,M89820,NORPAT,2001-12-31 23:00:00+00,,myoepiteliom,
4408,M89821,NORPAT,2001-12-31 23:00:00+00,,"myoepitelial tumor, usikker benign/malign",
4409,M89823,NORPAT,2001-12-31 23:00:00+00,,infiltrerende myoepitelialt karsinom,
4410,M89824,NORPAT,2017-10-14 22:00:00+00,,infiltrerende myoepitelialt karsinom (direkte spredning),
4411,M89826,NORPAT,2001-12-31 23:00:00+00,,infiltrerende myoepitelialt karsinom (metastase),
4412,M89829,NORPAT,2001-12-31 23:00:00+00,,infiltrerende myoepitelialt karsinom  (usikker primærtumor/metastase),
4413,M89900,NORPAT,2001-12-31 23:00:00+00,2017-10-13 22:00:00+00,benignt mesenkymom,
4414,M89901,NORPAT,2001-12-31 23:00:00+00,2017-10-13 22:00:00+00,mesenkymom UNS,
4415,M89903,NORPAT,2001-12-31 23:00:00+00,2017-10-13 22:00:00+00,malignt mesenkymom,
4416,M89906,NORPAT,2001-12-31 23:00:00+00,2017-10-13 22:00:00+00,malignt mesenkymom (metastase),
4417,M89909,NORPAT,2001-12-31 23:00:00+00,2017-10-13 22:00:00+00,malignt mesenkymom (usikker primærtumor/metastase),
4418,M89913,NORPAT,2001-12-31 23:00:00+00,,embryonalt sarkom,
4419,M89916,NORPAT,2001-12-31 23:00:00+00,,embryonalt sarkom (metastase),
4420,M89919,NORPAT,2001-12-31 23:00:00+00,,embryonalt sarkom (usikker primærtumor/metastase),
4421,M89920,NORPAT,2017-10-14 22:00:00+00,,pulmonalt hamartom,
4422,M899A0,NORPAT,2017-10-14 22:00:00+00,,fostaturisk mesenkymal tumor,
4423,M899A1,NORPAT,2017-10-14 22:00:00+00,,"fosfaturisk mesenkymal tumor, usikker benign/malign",
4424,M899A3,NORPAT,2017-10-14 22:00:00+00,,malign fostaturisk mesenkymal tumor,
4425,M899A4,NORPAT,2017-10-14 22:00:00+00,,malign fostaturisk mesenkymal tumor (direkte spredning),
4426,M899A6,NORPAT,2017-10-14 22:00:00+00,,malign fostaturisk mesenkymal tumor (metastase),
4427,M899A9,NORPAT,2017-10-14 22:00:00+00,,malign fostaturisk mesenkymal tumor (usikker primærtumor/metastase),
4428,M90000,NORPAT,2001-12-31 23:00:00+00,,brennertumor,
4429,M90001,NORPAT,2001-12-31 23:00:00+00,,"brennertumor, borderline",
4430,M90003,NORPAT,2001-12-31 23:00:00+00,,malign brennertumor,
4431,M90004,NORPAT,2017-10-14 22:00:00+00,,malign brennertumor (direkte spredning),
4432,M90006,NORPAT,2001-12-31 23:00:00+00,,malign brennertumor (metastase),
4433,M90009,NORPAT,2001-12-31 23:00:00+00,2017-10-13 22:00:00+00,malign Brenner tumor (usikker primærtumor/metastase),
4434,M90100,NORPAT,2001-12-31 23:00:00+00,,fibroadenom,
4435,M90130,NORPAT,2001-12-31 23:00:00+00,2017-10-13 22:00:00+00,cystadenofibrom UNS,
4436,M90131,NORPAT,2001-12-31 23:00:00+00,2017-10-13 22:00:00+00,"cystadenofibrom, borderline",
4437,M90133,NORPAT,2001-12-31 23:00:00+00,2017-10-13 22:00:00+00,malignt cystadenofibrom,
4438,M90136,NORPAT,2001-12-31 23:00:00+00,2017-10-13 22:00:00+00,malignt cystadenofibrom (metastase),
4439,M90139,NORPAT,2001-12-31 23:00:00+00,2017-10-13 22:00:00+00,malignt cystadenofibrom (usikker primærtumor/metastase),
4440,M90140,NORPAT,2001-12-31 23:00:00+00,,serøst cystadenofibrom,
4441,M90141,NORPAT,2001-12-31 23:00:00+00,,"serøst cystadenofibrom, borderline",
4442,M90143,NORPAT,2001-12-31 23:00:00+00,2017-10-13 22:00:00+00,malignt serøst cystadenofibrom,
4443,M90146,NORPAT,2001-12-31 23:00:00+00,2017-10-13 22:00:00+00,malignt serost cystadenofibrom (metastase),
4444,M90149,NORPAT,2001-12-31 23:00:00+00,2017-10-13 22:00:00+00,malignt serost cystadenofibrom (usikker primærtumor/metastase),
4445,M90150,NORPAT,2001-12-31 23:00:00+00,,mucinøst cystadenofibrom,
4446,M90151,NORPAT,2001-12-31 23:00:00+00,,"mucinøst cystadenofibrom, borderline",
4447,M90153,NORPAT,2001-12-31 23:00:00+00,2017-10-13 22:00:00+00,malignt mucinøst cystadenofibrom,
4448,M90156,NORPAT,2001-12-31 23:00:00+00,2017-10-13 22:00:00+00,malignt mucinost cystadenofibrom (metastase),
4449,M90159,NORPAT,2001-12-31 23:00:00+00,2017-10-13 22:00:00+00,malignt mucinost cystadenofibrom (usikker primærtumor/metastase),
4450,M90200,NORPAT,2001-12-31 23:00:00+00,,benign phyllodestumor,
4451,M90201,NORPAT,2001-12-31 23:00:00+00,,"phyllodestumor, borderline",
4452,M90203,NORPAT,2001-12-31 23:00:00+00,,malign phyllodestumor,
4453,M90204,NORPAT,2017-10-14 22:00:00+00,,malign phyllodestumor (direkte spredning),
4454,M90206,NORPAT,2001-12-31 23:00:00+00,,malign phyllodestumor (metastase),
4455,M90209,NORPAT,2001-12-31 23:00:00+00,,malign phyllodestumor (usikker primærtumor/metastase),
4456,M90300,NORPAT,2017-10-14 22:00:00+00,,juvenilt fibroadenom,
4457,M90400,NORPAT,2001-12-31 23:00:00+00,2017-10-13 22:00:00+00,benignt synoviom,
4458,M90403,NORPAT,2001-12-31 23:00:00+00,,synovialt sarkom,
4459,M90404,NORPAT,2017-10-14 22:00:00+00,,synovialt sarkom (direkte spredning),
4460,M90406,NORPAT,2001-12-31 23:00:00+00,,synovialt sarkom (metastase),
4461,M90409,NORPAT,2001-12-31 23:00:00+00,,synovialt sarkom (usikker primærtumor/metastase),
4462,M90413,NORPAT,2001-12-31 23:00:00+00,,"synovialt sarkom, spolcellet",
4463,M90416,NORPAT,2001-12-31 23:00:00+00,,"synovialt sarkom, spolcellet (metastase)",
4464,M90419,NORPAT,2001-12-31 23:00:00+00,,"synovialt sarkom, spolcellet, (usikker primærtumor/metastase)",
4465,M90423,NORPAT,2001-12-31 23:00:00+00,2017-10-13 22:00:00+00,epiteloidcellet synovialt sarkom,
4466,M90426,NORPAT,2001-12-31 23:00:00+00,2017-10-13 22:00:00+00,epiteloidcellet synovialt sarkom (metastase),
4467,M90429,NORPAT,2001-12-31 23:00:00+00,2017-10-13 22:00:00+00,epiteloidcellet synovialt sarkom (usikker primærtumor/metastase),
4468,M90433,NORPAT,2001-12-31 23:00:00+00,,bifasisk synovialt sarkom,
4469,M90436,NORPAT,2001-12-31 23:00:00+00,,bifasisk synovialt sarkom (metastase),
4470,M90439,NORPAT,2001-12-31 23:00:00+00,,bifasisk synovialt sarkom (usikker primærtumor/metastase),
4471,M90443,NORPAT,2001-12-31 23:00:00+00,,klarcellet sarkom i sener og aponevroser,
4472,M90446,NORPAT,2001-12-31 23:00:00+00,,klarcellet sarkom i sener og aponevroser (metastase),
4473,M90449,NORPAT,2001-12-31 23:00:00+00,,klarcellet sarkom i sener og aponevroser (usikker primærtumor/metastase),
4474,M90453,NORPAT,2022-12-31 23:00:00+00,,bifenotypisk sinonasalt sarkom,
4475,M90456,NORPAT,2022-12-31 23:00:00+00,,bifenotypisk sinonasalt sarkom (metastase),
4476,M90459,NORPAT,2022-12-31 23:00:00+00,,bifenotypisk sinonasalt sarkom (usikker primærtumor/metastase),
4477,M904A3,NORPAT,2017-10-14 22:00:00+00,,klarcellet sarkom i bløtvev,
4478,M904A4,NORPAT,2017-10-14 22:00:00+00,,klarcellet sarkom i bløtvev (direkte spredning),
4479,M904A6,NORPAT,2017-10-14 22:00:00+00,,klarcellet sarkom i bløtvev (metastase),
4480,M904A9,NORPAT,2017-10-14 22:00:00+00,,klarcellet sarkom i bløtvev (usikker primærtumor/metastase),
4481,M90500,NORPAT,2001-12-31 23:00:00+00,,benignt mesoteliom,
4482,M90501,NORPAT,2001-12-31 23:00:00+00,,"mesoteliom, usikker benignt/malignt",
4483,M90503,NORPAT,2001-12-31 23:00:00+00,,malignt mesoteliom,
4484,M90504,NORPAT,2017-10-14 22:00:00+00,,malignt mesoteliom (direkte spredning),
4485,M90506,NORPAT,2001-12-31 23:00:00+00,,malignt mesoteliom (metastase),
4486,M90509,NORPAT,2001-12-31 23:00:00+00,,malignt mesoteliom (usikker primærtumor/metastase),
4487,M90510,NORPAT,2001-12-31 23:00:00+00,2017-10-13 22:00:00+00,"benignt mesoteliom, fibrøs type",
4488,M90511,NORPAT,2001-12-31 23:00:00+00,2017-10-13 22:00:00+00,"mesoteliom, usikker benignt/malignt",
4489,M90513,NORPAT,2001-12-31 23:00:00+00,,"malignt mesoteliom, fibrøs type",
4490,M90514,NORPAT,2017-10-14 22:00:00+00,,"malignt mesoteliom, fibrøs type (direkte spredning)",
4491,M90516,NORPAT,2001-12-31 23:00:00+00,,"malignt mesoteliom, fibrøs type (metastase)",
4492,M90519,NORPAT,2001-12-31 23:00:00+00,,"malignt mesoteliom, fibrøs type (usikker primærtumor/metastase)",
4493,M90520,NORPAT,2001-12-31 23:00:00+00,2017-10-13 22:00:00+00,"benignt mesoteliom, epitelioid type",
4494,M90521,NORPAT,2017-10-14 22:00:00+00,,høyt differensiert papillært mesoteliom,
4495,M90523,NORPAT,2001-12-31 23:00:00+00,,"malignt mesoteliom, epiteloid type",
4496,M90524,NORPAT,2017-10-14 22:00:00+00,,"malignt mesoteliom, epiteloid type (direkte spredning)",
4497,M90526,NORPAT,2001-12-31 23:00:00+00,,"malignt mesoteliom, epiteloid type (metastase)",
4498,M90529,NORPAT,2001-12-31 23:00:00+00,,"malignt mesoteliom, epiteloid type (usikker primærtumor/metastase)",
4499,M90530,NORPAT,2001-12-31 23:00:00+00,2017-10-13 22:00:00+00,"benignt mesoteliom, bifasisk type",
4500,M90533,NORPAT,2001-12-31 23:00:00+00,,bifasisk malignt mesoteliom,
4501,M90534,NORPAT,2017-10-14 22:00:00+00,,bifasisk malignt mesoteliom (direkte spredning),
4502,M90536,NORPAT,2001-12-31 23:00:00+00,,bifasisk malignt mesoteliom (metastase),
4503,M90539,NORPAT,2001-12-31 23:00:00+00,,bifasisk malignt mesoteliom (usikker primærtumor/metastase),
4504,M90540,NORPAT,2001-12-31 23:00:00+00,,adenomatoid tumor,
4505,M90551,NORPAT,2017-10-14 22:00:00+00,,multicystisk mesoteliom,
4506,M90603,NORPAT,2001-12-31 23:00:00+00,,dysgerminom,
4507,M90604,NORPAT,2017-10-14 22:00:00+00,,dysgerminom (direkte spredning),
4508,M90606,NORPAT,2001-12-31 23:00:00+00,,dysgerminom (metastase),
4509,M90609,NORPAT,2001-12-31 23:00:00+00,,dysgerminom (usikker primærtumor/metastase),
4510,M90612,NORPAT,2001-12-31 23:00:00+00,,seminom in situ,
4511,M90613,NORPAT,2001-12-31 23:00:00+00,,seminom,
4512,M90614,NORPAT,2017-10-14 22:00:00+00,,seminom (direkte spredning),
4513,M90616,NORPAT,2001-12-31 23:00:00+00,,seminom (metastase),
4514,M90619,NORPAT,2001-12-31 23:00:00+00,,seminom (usikker primærtumor/metastase),
4515,M90633,NORPAT,2001-12-31 23:00:00+00,,spermatocytisk tumor,
4516,M90634,NORPAT,2017-10-14 22:00:00+00,,spermatocytisk seminom (direkte spredning),
4517,M90636,NORPAT,2001-12-31 23:00:00+00,,spermatocytisk seminom (metastase),
4518,M90639,NORPAT,2001-12-31 23:00:00+00,,spermatocytisk seminom (usikker primærtumor/metastase),
4519,M90642,NORPAT,2001-12-31 23:00:00+00,,germinalcelletumor in situ,
4520,M90643,NORPAT,2001-12-31 23:00:00+00,,germinalcelletumor,
4521,M90644,NORPAT,2017-10-14 22:00:00+00,,germinalcelletumor (direkte spredning),
4522,M90646,NORPAT,2001-12-31 23:00:00+00,,germinalcelletumor (metastase),
4523,M90649,NORPAT,2001-12-31 23:00:00+00,,germinalcelletumor (usikker primærtumor/metastase),
4524,M90702,NORPAT,2001-12-31 23:00:00+00,,embryonalt karsinom in situ,
4525,M90703,NORPAT,2001-12-31 23:00:00+00,,embryonalt karsinom,
4526,M90704,NORPAT,2017-10-14 22:00:00+00,,embryonalt karsinom (direkte spredning),
4527,M90706,NORPAT,2001-12-31 23:00:00+00,,embryonalt karsinom (metastase),
4528,M90709,NORPAT,2001-12-31 23:00:00+00,,embryonalt karsinom (usikker primærtumor/metastase),
4529,M90713,NORPAT,2001-12-31 23:00:00+00,,plommesekktumor,
4530,M90714,NORPAT,2017-10-14 22:00:00+00,,plommesekktumor (direkte spredning),
4531,M90716,NORPAT,2001-12-31 23:00:00+00,,plommesekktumor (metastase),
4532,M90719,NORPAT,2001-12-31 23:00:00+00,,plommesekktumor (usikker primærtumor/metastase),
4533,M90723,NORPAT,2001-12-31 23:00:00+00,,polyembryom,
4534,M90724,NORPAT,2017-10-14 22:00:00+00,,polyembryom (direkte spredning),
4535,M90726,NORPAT,2001-12-31 23:00:00+00,,polyembryom (metastase),
4536,M90729,NORPAT,2001-12-31 23:00:00+00,,polyembryom (usikker primærtumor/metastase),
4537,M90731,NORPAT,2001-12-31 23:00:00+00,,gonadoblastom,
4538,M90741,NORPAT,2001-12-31 23:00:00+00,,"blandet germinal/stromacelletumor, ikke-gonadoblastom-type",
4539,M90743,NORPAT,2017-10-14 22:00:00+00,,"malign blandet germinal/stromacelletumor, ikke-gonadoblastom-type",
4540,M90744,NORPAT,2017-10-14 22:00:00+00,,"malign blandet germinal/stromacelletumor, ikke-gonadoblastom-type (direkte spredning)",
4541,M90746,NORPAT,2017-10-14 22:00:00+00,,"malign blandet germinal/stromacelletumor, ikke-gonadoblastom-type (metastase)",
4542,M90749,NORPAT,2017-10-14 22:00:00+00,,"malign blandet germinal/stromacelletumor, ikke-gonadoblastom-type (usikker primærtumor/metastase)",
4543,M90800,NORPAT,2001-12-31 23:00:00+00,,modent teratom,
4544,M90801,NORPAT,2001-12-31 23:00:00+00,,teratom,
4545,M90803,NORPAT,2001-12-31 23:00:00+00,,malignt teratom,
4546,M90804,NORPAT,2017-10-14 22:00:00+00,,malignt teratom (direkte spredning),
4547,M90806,NORPAT,2001-12-31 23:00:00+00,,malignt teratom (metastase),
4548,M90809,NORPAT,2001-12-31 23:00:00+00,,malignt teratom (usikker primærtumor/metastase),
4549,M90813,NORPAT,2001-12-31 23:00:00+00,2017-10-13 22:00:00+00,blandet embryonalt karsinom og teratom,
4550,M90816,NORPAT,2001-12-31 23:00:00+00,2017-10-13 22:00:00+00,blandet embryonalt karsinom og teratom (metastase),
4551,M90819,NORPAT,2001-12-31 23:00:00+00,2017-10-13 22:00:00+00,blandet embryonalt karsinom og teratom (usikker primærtumor/metastase),
4552,M90840,NORPAT,2001-12-31 23:00:00+00,,dermoid cyste,
4553,M90843,NORPAT,2001-12-31 23:00:00+00,,teratom med malign transformasjon,
4554,M90846,NORPAT,2001-12-31 23:00:00+00,,teratom med malign transformasjon (metastase),
4555,M90849,NORPAT,2001-12-31 23:00:00+00,2017-10-13 22:00:00+00,teratom med malign transformasjon (usikker primærtumor/metastase),
4556,M90853,NORPAT,2001-12-31 23:00:00+00,,blandet germinalcelletumor,
4557,M90854,NORPAT,2017-10-14 22:00:00+00,,blandet germinalcelletumor (direkte spredning),
4558,M90856,NORPAT,2001-12-31 23:00:00+00,,blandet germinalcelletumor (metastase),
4559,M90859,NORPAT,2001-12-31 23:00:00+00,,blandet germinalcelletumor (usikker primærtumor/metastase),
4560,M90900,NORPAT,2001-12-31 23:00:00+00,,struma ovarii,
4561,M90903,NORPAT,2001-12-31 23:00:00+00,,malignt struma ovarii,
4562,M90906,NORPAT,2001-12-31 23:00:00+00,,malignt struma ovarii (metastase),
4563,M90909,NORPAT,2001-12-31 23:00:00+00,2017-10-13 22:00:00+00,malignt struma ovarii (usikker primærtumor/metastase),
4564,M90911,NORPAT,2001-12-31 23:00:00+00,,strumalt karsinoid,
4565,M90913,NORPAT,2017-10-14 22:00:00+00,,malignt strumalt karsinoid,
4566,M90914,NORPAT,2017-10-14 22:00:00+00,,malignt strumalt karsinoid (direkte spredning),
4567,M90916,NORPAT,2017-10-14 22:00:00+00,,malignt strumalt karsinoid (metastase),
4568,M90919,NORPAT,2017-10-14 22:00:00+00,,malignt strumalt karsinoid (usikker primærtumor/metastase),
4569,M91000,NORPAT,2001-12-31 23:00:00+00,,mola hydatidosa,
4570,M91001,NORPAT,2001-12-31 23:00:00+00,,invasiv mola,
4571,M91003,NORPAT,2001-12-31 23:00:00+00,,koriokarsinom,
4572,M91004,NORPAT,2017-10-14 22:00:00+00,,koriokarsinom (direkte spredning),
4573,M91006,NORPAT,2001-12-31 23:00:00+00,,koriokarsinom (metastase),
4574,M91009,NORPAT,2001-12-31 23:00:00+00,,koriokarsinom (usikker primærtumor/metastase),
4575,M91010,NORPAT,2001-12-31 23:00:00+00,,komplett mola hydatidosa,
4576,M91013,NORPAT,2001-12-31 23:00:00+00,2017-10-13 22:00:00+00,choriokarsinom blandet med andre germinalcelletumor-elementer,
4577,M91016,NORPAT,2001-12-31 23:00:00+00,2017-10-13 22:00:00+00,choriokarsinom blandet med andre germinalcelletumor-elementer (metastase),
4578,M91019,NORPAT,2001-12-31 23:00:00+00,2017-10-13 22:00:00+00,choriokarsinom blandet med andre germinalcelletumor-elementer (usikker primærtumor/metastase),
4579,M91030,NORPAT,2001-12-31 23:00:00+00,,partiell mola hydatidosa,
4580,M91033,NORPAT,2001-12-31 23:00:00+00,2017-10-13 22:00:00+00,blandet seminom/non-seminom,
4581,M91036,NORPAT,2001-12-31 23:00:00+00,2017-10-13 22:00:00+00,blandet seminom/non-seminom (metastase),
4582,M91039,NORPAT,2001-12-31 23:00:00+00,2017-10-13 22:00:00+00,blandet seminom/non-seminom (usikker primærtumor/metastase),
4583,M91041,NORPAT,2001-12-31 23:00:00+00,,tumor utgått fra placentas implantasjonssted,
4584,M91050,NORPAT,2001-12-31 23:00:00+00,,knute eller plakk på placentas implantasjonssted,
4585,M91053,NORPAT,2017-10-14 22:00:00+00,,epiteloid trofoblasttumor,
4586,M91054,NORPAT,2017-10-14 22:00:00+00,,epiteloid trofoblasttumor (direkte spredning),
4587,M91056,NORPAT,2017-10-14 22:00:00+00,,epiteloid trofoblasttumor (metastase),
4588,M91100,NORPAT,2001-12-31 23:00:00+00,2017-10-13 22:00:00+00,benignt mesonefrom,
4589,M91103,NORPAT,2001-12-31 23:00:00+00,,mesonefrisk karsinom,
4590,M91106,NORPAT,2001-12-31 23:00:00+00,,mesonefrisk karsinom (metastase),
4591,M91109,NORPAT,2001-12-31 23:00:00+00,,mesonefrisk karsinom (usikker primærtumor/metastase),
4592,M91200,NORPAT,2001-12-31 23:00:00+00,,hemangiom,
4593,M91201,NORPAT,2001-12-31 23:00:00+00,,"hemangiomatøs tumor, usikker benign/malign",
4594,M91203,NORPAT,2001-12-31 23:00:00+00,,hemangiosarkom,
4595,M91204,NORPAT,2017-10-14 22:00:00+00,,hemangiosarkom (direkte spredning),
4596,M91206,NORPAT,2001-12-31 23:00:00+00,,hemangiosarkom (metastase),
4597,M91209,NORPAT,2001-12-31 23:00:00+00,,hemangiosarkom (usikker primærtumor/metastase),
4598,M91210,NORPAT,2001-12-31 23:00:00+00,,kavernøst hemangiom,
4599,M91220,NORPAT,2001-12-31 23:00:00+00,,venøst hemangiom,
4600,M91230,NORPAT,2001-12-31 23:00:00+00,,arteriovenøst hemangiom,
4601,M91250,NORPAT,2017-10-14 22:00:00+00,,epiteloid hemangiom,
4602,M912A0,NORPAT,2017-10-14 22:00:00+00,,chorangiom,
4603,M91300,NORPAT,2001-12-31 23:00:00+00,2017-10-13 22:00:00+00,benignt hemangioendoteliom UNS,
4604,M91301,NORPAT,2001-12-31 23:00:00+00,,"hemangioendoteliom, usikkert benignt/malignt",
4605,M91303,NORPAT,2001-12-31 23:00:00+00,,hemangioendoteliosarkom,
4606,M91306,NORPAT,2001-12-31 23:00:00+00,,hemangioendoteliosarkom (metastase),
4607,M91309,NORPAT,2001-12-31 23:00:00+00,,hemangioendoteliosarkom (usikker primærtumor/metastase),
4608,M91310,NORPAT,2001-12-31 23:00:00+00,,kapillært hemangiom,
4609,M91320,NORPAT,2001-12-31 23:00:00+00,,intramuskulært hemangiom,
4610,M91331,NORPAT,2001-12-31 23:00:00+00,,epiteloid hemangioendoteliom,
4611,M91333,NORPAT,2001-12-31 23:00:00+00,,malignt hemangioendoteliom,
4612,M91336,NORPAT,2001-12-31 23:00:00+00,,malignt hemangioendoteliom (metastase),
4613,M91339,NORPAT,2001-12-31 23:00:00+00,,malignt hemangioendoteliom (usikker primærtumor/metastase),
4614,M91351,NORPAT,2017-10-14 22:00:00+00,,papillært intralymfatisk angioendoteliom,
4615,M91371,NORPAT,2017-10-14 22:00:00+00,,retiformt hemangioendoteliom,
4616,M91373,NORPAT,2017-10-14 22:00:00+00,,intimasarkom,
4617,M91374,NORPAT,2017-10-14 22:00:00+00,,intimasarkom (direkte spredning),
4618,M91376,NORPAT,2017-10-14 22:00:00+00,,intimasarkom (metastase),
4619,M91379,NORPAT,2017-10-14 22:00:00+00,,intimasarkom (usikker primærtumor/metastase),
4620,M91381,NORPAT,2017-10-14 22:00:00+00,,pseudomyogent hemangioendoteliom,
4621,M913A1,NORPAT,2017-10-14 22:00:00+00,,kaposiformt/sammensatt hemangioendoteliom,
4622,M91401,NORPAT,2001-12-31 23:00:00+00,,malignitetssuspekt karproliferasjon (Kaposis sarkom mulig),
4623,M91402,NORPAT,2001-12-31 23:00:00+00,,karproliferasjon med atypi (Kaposis sarkom mulig),
4624,M91403,NORPAT,2001-12-31 23:00:00+00,,Kaposis sarkom,
4625,M91404,NORPAT,2017-10-14 22:00:00+00,,Kaposis sarkom (direkte spredning),
4626,M91406,NORPAT,2001-12-31 23:00:00+00,,Kaposis sarkom (metastase),
4627,M91409,NORPAT,2001-12-31 23:00:00+00,,Kaposis sarkom (usikker primærtumor/metastase),
4628,M91410,NORPAT,2001-12-31 23:00:00+00,,angiokeratom,
4629,M91500,NORPAT,2001-12-31 23:00:00+00,2017-10-13 22:00:00+00,benignt hemangiopericytom UNS,
4630,M91501,NORPAT,2001-12-31 23:00:00+00,2017-10-13 22:00:00+00,hemangiopericytom UNS,
4631,M91503,NORPAT,2001-12-31 23:00:00+00,2017-10-13 22:00:00+00,malignt hemangiopericytom,
4632,M91506,NORPAT,2001-12-31 23:00:00+00,2017-10-13 22:00:00+00,malignt hemangiopericytom (metastase),
4633,M91509,NORPAT,2001-12-31 23:00:00+00,2017-10-13 22:00:00+00,malignt hemangiopericytom (usikker primærtumor/metastase),
4634,M91600,NORPAT,2001-12-31 23:00:00+00,,angiofibrom,
4635,M91611,NORPAT,2001-12-31 23:00:00+00,,hemangioblastom,
4636,M91700,NORPAT,2001-12-31 23:00:00+00,,lymfangiom,
4637,M91701,NORPAT,2001-12-31 23:00:00+00,2017-10-13 22:00:00+00,"lymfangiomatøs tumor, usikker benign/malign",
4638,M91703,NORPAT,2001-12-31 23:00:00+00,2017-10-13 22:00:00+00,lymfangiosarkom,
4639,M91706,NORPAT,2001-12-31 23:00:00+00,2017-10-13 22:00:00+00,lymfangiosarkom (metastase),
4640,M91709,NORPAT,2001-12-31 23:00:00+00,2017-10-13 22:00:00+00,lymfangiosarkom (usikker primærtumor/metastase),
4641,M91720,NORPAT,2001-12-31 23:00:00+00,2017-10-13 22:00:00+00,kavernøst lymfangiom,
4642,M91730,NORPAT,2001-12-31 23:00:00+00,2017-10-13 22:00:00+00,cystisk lymfangiom,
4643,M91740,NORPAT,2001-12-31 23:00:00+00,2017-10-13 22:00:00+00,lymfangiomyom,
4644,M91741,NORPAT,2001-12-31 23:00:00+00,2022-12-30 23:00:00+00,lymfangioleiomyomatose,
4645,M91743,NORPAT,2022-12-31 23:00:00+00,,lymfangioleiomyomatose,
4646,M91750,NORPAT,2001-12-31 23:00:00+00,2017-10-13 22:00:00+00,hemolymfangiom,
4647,M91800,NORPAT,2001-12-31 23:00:00+00,,osteom,
4648,M91803,NORPAT,2001-12-31 23:00:00+00,,osteoblastisk osteosarkom,
4649,M91806,NORPAT,2001-12-31 23:00:00+00,,osteoblastisk osteosarkom (metastase),
4650,M91809,NORPAT,2001-12-31 23:00:00+00,,osteoblastisk osteosarkom (usikker primærtumor/metastase),
4651,M91813,NORPAT,2001-12-31 23:00:00+00,,kondroblastisk osteosarkom,
4652,M91816,NORPAT,2001-12-31 23:00:00+00,,kondroblastisk osteosarkom (metastase),
4653,M91819,NORPAT,2001-12-31 23:00:00+00,,kondroblastisk osteosarkom (usikker primærtumor/metastase),
4654,M91823,NORPAT,2001-12-31 23:00:00+00,,fibroblastisk osteosarkom,
4655,M91824,NORPAT,2017-10-14 22:00:00+00,,fibroblastisk osteosarkom (direkte spredning),
4656,M91826,NORPAT,2001-12-31 23:00:00+00,,fibroblastisk osteosarkom (metastase),
4657,M91829,NORPAT,2001-12-31 23:00:00+00,,fibroblastisk osteosarkom (usikker primærtumor/metastase),
4658,M91833,NORPAT,2001-12-31 23:00:00+00,,teleangiektatisk osteosarkom,
4659,M91836,NORPAT,2001-12-31 23:00:00+00,,teleangiektatisk osteosarkom (metastase),
4660,M91839,NORPAT,2001-12-31 23:00:00+00,,teleangiektatisk osteosarkom (usikker primærtumor/metastase),
4661,M91843,NORPAT,2001-12-31 23:00:00+00,,osteosarkom utviklet i Pagets sykdom,
4662,M91846,NORPAT,2001-12-31 23:00:00+00,,osteosarkom utviklet i Pagets sykdom (metastase),
4663,M91849,NORPAT,2001-12-31 23:00:00+00,,osteosarkom utviklet i Pagets sykdom (usikker primærtumor/metastase),
4664,M91853,NORPAT,2017-10-14 22:00:00+00,,småcellet osteosarkom,
4665,M91856,NORPAT,2017-10-14 22:00:00+00,,småcellet osteosarkom (metastase),
4666,M91859,NORPAT,2017-10-14 22:00:00+00,,småcellet osteosarkom (usikker primærtumor/metastase),
4667,M91873,NORPAT,2017-10-14 22:00:00+00,,lavgradig sentralt osteosarkom,
4668,M91876,NORPAT,2017-10-14 22:00:00+00,,lavgradig sentralt osteosarkom (metastase),
4669,M91879,NORPAT,2017-10-14 22:00:00+00,,lavgradig sentralt osteosarkom (usikker primærtumor/metastase),
4670,M91903,NORPAT,2001-12-31 23:00:00+00,,parostealt osteosarkom,
4671,M91906,NORPAT,2001-12-31 23:00:00+00,,parostealt osteosarkom (metastase),
4672,M91909,NORPAT,2001-12-31 23:00:00+00,,parostealt osteosarkom (usikker primærtumor/metastase),
4673,M91910,NORPAT,2001-12-31 23:00:00+00,,osteoid osteom,
4674,M91933,NORPAT,2017-10-14 22:00:00+00,,periostealt osteosarkom,
4675,M91936,NORPAT,2017-10-14 22:00:00+00,,periostealt osteosarkom (metastase),
4676,M91939,NORPAT,2017-10-14 22:00:00+00,,periostealt osteosarkom (usikker primærtumor/metastase),
4677,M91943,NORPAT,2017-10-14 22:00:00+00,,høygradig overflateostesarkom,
4678,M91946,NORPAT,2017-10-14 22:00:00+00,,høygradig overflateostesarkom (metastase),
4679,M91949,NORPAT,2017-10-14 22:00:00+00,,høygradig overflateostesarkom (usikker primærtumor/metastase),
4680,M92000,NORPAT,2001-12-31 23:00:00+00,,osteoblastom,
4681,M92100,NORPAT,2001-12-31 23:00:00+00,,osteokondrom,
4682,M92101,NORPAT,2017-10-14 22:00:00+00,,multiple osteokondromer,
4683,M92110,NORPAT,2017-10-14 22:00:00+00,,osteokondromyksom,
4684,M92120,NORPAT,2017-10-14 22:00:00+00,,bisarr parosteal osteokondromatøs proliferasjon,
4685,M92130,NORPAT,2017-10-14 22:00:00+00,,subungual eksostose,
4686,M92200,NORPAT,2001-12-31 23:00:00+00,,kondrom,
4687,M92201,NORPAT,2001-12-31 23:00:00+00,,multiple kondromer,
4688,M92202,NORPAT,2001-12-31 23:00:00+00,,"kondromatøs tumor, mulig malign",
4689,M92203,NORPAT,2001-12-31 23:00:00+00,,kondrosarkom,
4690,M92206,NORPAT,2001-12-31 23:00:00+00,,kondrosarkom (metastase),
4691,M92209,NORPAT,2001-12-31 23:00:00+00,,kondrosarkom (usikker primærtumor/metastase),
4692,M92210,NORPAT,2017-10-14 22:00:00+00,,periostalt kondrom,
4693,M92213,NORPAT,2001-12-31 23:00:00+00,,periostalt kondrosarkom,
4694,M92216,NORPAT,2001-12-31 23:00:00+00,,periostalt kondrosarkom (metastase),
4695,M92219,NORPAT,2001-12-31 23:00:00+00,,periostalt kondrosarkom (usikker primærtumor/metastase),
4696,M92221,NORPAT,2017-10-14 22:00:00+00,,atypisk kartilaginøs tumor,
4697,M92223,NORPAT,2017-10-14 22:00:00+00,,dedifferensiert kondrosarkom,
4698,M92226,NORPAT,2017-10-14 22:00:00+00,,dedifferensiert kondrosarkom (metastase),
4699,M92229,NORPAT,2022-12-31 23:00:00+00,,dedifferensiert kondrosarkom (usikker primærtumor/metastase),
4700,M92246,NORPAT,2017-10-14 22:00:00+00,2022-12-30 23:00:00+00,dedifferensiert kondrosarkom (metastase),
4701,M92300,NORPAT,2001-12-31 23:00:00+00,,kondroblastom,
4702,M92303,NORPAT,2017-10-14 22:00:00+00,,malignt kondroblastom,
4703,M92306,NORPAT,2017-10-14 22:00:00+00,,malignt kondroblastom (metastase),
4704,M92309,NORPAT,2017-10-14 22:00:00+00,,malignt kondroblastom (usikker primærtumor/metastase),
4705,M92313,NORPAT,2017-10-14 22:00:00+00,,ekstraskeletalt myksoid kondrosarkom,
4706,M92316,NORPAT,2017-10-14 22:00:00+00,,ekstraskeletalt myksoid kondrosarkom (metastase),
4707,M92319,NORPAT,2017-10-14 22:00:00+00,,myksoid kondrosarkom (usikker primærtumor/metastase),
4708,M92403,NORPAT,2001-12-31 23:00:00+00,,mesenkymalt kondrosarkom,
4709,M92406,NORPAT,2001-12-31 23:00:00+00,,mesenkymalt kondrosarkom (metastase),
4710,M92409,NORPAT,2001-12-31 23:00:00+00,,mesenkymalt kondrosarkom (usikker primærtumor/metastase),
4711,M92410,NORPAT,2001-12-31 23:00:00+00,,kondromyksoid fibrom,
4712,M92423,NORPAT,2001-12-31 23:00:00+00,,klarcellet kondrosarkom,
4713,M92426,NORPAT,2001-12-31 23:00:00+00,,klarcellet kondrosarkom (metastase),
4714,M92429,NORPAT,2001-12-31 23:00:00+00,,klarcellet kondrosarkom (usikker primærtumor/metastase),
4715,M92501,NORPAT,2001-12-31 23:00:00+00,,kjempecelletumor i ben,
4716,M92503,NORPAT,2001-12-31 23:00:00+00,,malign kjempecelletumor i ben,
4717,M92506,NORPAT,2001-12-31 23:00:00+00,,malign kjempecelletumor i ben (metastase),
4718,M92509,NORPAT,2001-12-31 23:00:00+00,,malign kjempecelletumor i ben (usikker primærtumor/metastase),
4719,M92511,NORPAT,2017-10-14 22:00:00+00,,kjempecelletumor i bløtvev,
4720,M92513,NORPAT,2017-10-14 22:00:00+00,,malign kjempecelletumor i bløtvev,
4721,M92516,NORPAT,2017-10-14 22:00:00+00,,malign kjempecelletumor i bløtvev (metastase),
4722,M92519,NORPAT,2017-10-14 22:00:00+00,,malign kjempecelletumor i bløtvev (usikker primærtumor/metastase),
4723,M92520,NORPAT,2017-10-14 22:00:00+00,,"nodulær tenosynovitt, lokalisert type",
4724,M92521,NORPAT,2017-10-14 22:00:00+00,,"nodulær tenosynovitt, diffus type",
4725,M92523,NORPAT,2017-10-14 22:00:00+00,,malign nodulær tenosynovitt,
4726,M92526,NORPAT,2017-10-14 22:00:00+00,,malign nodulær tenosynovitt (metastase),
4727,M92529,NORPAT,2017-10-14 22:00:00+00,,malign nodulær tenosynovitt (usikker primærtumor/metastase),
4728,M92603,NORPAT,2001-12-31 23:00:00+00,,Ewings sarkom,
4729,M92606,NORPAT,2001-12-31 23:00:00+00,,Ewings sarkom (metastase),
4730,M92609,NORPAT,2001-12-31 23:00:00+00,,Ewings sarkom (usikker primærtumor/metastase),
4731,M92613,NORPAT,2001-12-31 23:00:00+00,,adamantinom i lange rørknokler,
4732,M92616,NORPAT,2001-12-31 23:00:00+00,,adamantinom i lange rørknokler (metastase),
4733,M92619,NORPAT,2001-12-31 23:00:00+00,,adamantinom i lange rørknokler (usikker primærtumor/metastase),
4734,M92620,NORPAT,2001-12-31 23:00:00+00,,ossifiserende fibrom,
4735,M926A0,NORPAT,2017-10-14 22:00:00+00,,osteofibrøs dysplasi,
4736,M92700,NORPAT,2001-12-31 23:00:00+00,,benign odontogen tumor,
4737,M92703,NORPAT,2001-12-31 23:00:00+00,,malign odontogen tumor,
4738,M92704,NORPAT,2017-10-14 22:00:00+00,,malign odontogen tumor (direkte spredning),
4739,M92706,NORPAT,2001-12-31 23:00:00+00,,malign odontogen tumor (metastase),
4740,M92709,NORPAT,2001-12-31 23:00:00+00,,malign odontogen tumor (usikker primærtumor/metastase),
4741,M92710,NORPAT,2001-12-31 23:00:00+00,,dentinom,
4742,M9271A,NORPAT,2017-10-14 22:00:00+00,,ameloblastisk fibrodentinom,
4743,M92720,NORPAT,2001-12-31 23:00:00+00,,sementom,
4744,M92730,NORPAT,2001-12-31 23:00:00+00,,sementoblastom,
4745,M92740,NORPAT,2001-12-31 23:00:00+00,,sementdannende fibrom,
4746,M92760,NORPAT,2001-12-31 23:00:00+00,2017-10-13 22:00:00+00,gigantiformt cementom,
4747,M92770,NORPAT,2017-10-14 22:00:00+00,,keratocystisk odontogen tumor,
4748,M927A0,NORPAT,2017-10-14 22:00:00+00,2022-12-30 23:00:00+00,keratocystisk odontogen tumor,
4749,M92800,NORPAT,2001-12-31 23:00:00+00,,odontom,
4750,M92810,NORPAT,2001-12-31 23:00:00+00,,sammensatt odontom,
4751,M92820,NORPAT,2001-12-31 23:00:00+00,,komplekst odontom,
4752,M92900,NORPAT,2001-12-31 23:00:00+00,,ameloblastisk fibroodontom,
4753,M92903,NORPAT,2001-12-31 23:00:00+00,,ameloblastisk odontosarkom,
4754,M92904,NORPAT,2017-10-14 22:00:00+00,,ameloblastisk odontosarkom (direkte spredning),
4755,M92906,NORPAT,2001-12-31 23:00:00+00,,ameloblastisk odontosarkom (metastase),
4756,M92909,NORPAT,2001-12-31 23:00:00+00,,ameloblastisk odontosarkom (usikker primærtumor/metastase),
4757,M93000,NORPAT,2001-12-31 23:00:00+00,,adenomatoid odontogen tumor,
4758,M93010,NORPAT,2001-12-31 23:00:00+00,,forkalkende cystisk odontogen tumor (Gorlin),
4759,M93020,NORPAT,2017-10-14 22:00:00+00,,odontogen skyggecelletumor,
4760,M93023,NORPAT,2001-12-31 23:00:00+00,,odontogent skyggecellekarsinom,
4761,M93026,NORPAT,2001-12-31 23:00:00+00,,odontogent skyggecellekarsinom (metastase),
4762,M93029,NORPAT,2001-12-31 23:00:00+00,,odontogent skyggecellekarsinom (usikker primærtumor/metastase),
4763,M93033,NORPAT,2001-12-31 23:00:00+00,,primært intraossøst karsinom,
4764,M93036,NORPAT,2001-12-31 23:00:00+00,2017-10-13 22:00:00+00,primært intraossost karsinom (metastase),
4765,M93039,NORPAT,2001-12-31 23:00:00+00,2017-10-13 22:00:00+00,primært intraossost karsinom (usikker primærtumor/metastase),
4766,M93100,NORPAT,2001-12-31 23:00:00+00,,ameloblastom,
4767,M93101,NORPAT,2001-12-31 23:00:00+00,,"ameloblastisk tumor, usikker benign/malign",
4768,M93103,NORPAT,2001-12-31 23:00:00+00,,malignt ameloblastom,
4769,M93104,NORPAT,2017-10-14 22:00:00+00,,malignt ameloblastom (direkte spredning),
4770,M93106,NORPAT,2001-12-31 23:00:00+00,,malignt ameloblastom (metastase),
4771,M93109,NORPAT,2001-12-31 23:00:00+00,,malignt ameloblastom (usikker primærtumor/metastase),
4772,M93110,NORPAT,2001-12-31 23:00:00+00,,odontoameloblastom,
4773,M93120,NORPAT,2001-12-31 23:00:00+00,,skvamøs odontogen tumor,
4774,M93200,NORPAT,2001-12-31 23:00:00+00,,odontogent myksom,
4775,M93210,NORPAT,2001-12-31 23:00:00+00,,sentralt odontogent fibrom,
4776,M93220,NORPAT,2001-12-31 23:00:00+00,,perifert odontogent fibrom,
4777,M93300,NORPAT,2001-12-31 23:00:00+00,,ameloblastisk fibrom,
4778,M93303,NORPAT,2001-12-31 23:00:00+00,,ameloblastisk fibrosarkom,
4779,M93304,NORPAT,2017-10-14 22:00:00+00,,ameloblastisk fibrosarkom (direkte spredning),
4780,M93306,NORPAT,2001-12-31 23:00:00+00,,ameloblastisk fibrosarkom (metastase),
4781,M93309,NORPAT,2001-12-31 23:00:00+00,,ameloblastisk fibrosarkom (usikker primærtumor/metastase),
4782,M93400,NORPAT,2001-12-31 23:00:00+00,,"forkalkende epitelial odontogen tumor, Pindborg",
4783,M93413,NORPAT,2017-10-14 22:00:00+00,,klarcellet odontogent karsinom,
4784,M93414,NORPAT,2017-10-14 22:00:00+00,,klarcellet odontogent karsinom (direkte spredning),
4785,M93415,NORPAT,2017-10-14 22:00:00+00,,klarcellet odontogent karsinom med mikroinvasjon,
4786,M93416,NORPAT,2017-10-14 22:00:00+00,,klarcellet odontogent karsinom (metastase),
4787,M93419,NORPAT,2017-10-14 22:00:00+00,,klarcellet odontogent karsinom (usikker primærtumor/metastase),
4788,M93501,NORPAT,2001-12-31 23:00:00+00,,kraniofaryngeom,
4789,M93603,NORPAT,2017-10-14 22:00:00+00,,"pineal parenkymal tumor, intermediær differensiering",
4790,M93604,NORPAT,2017-10-14 22:00:00+00,,"pineal parenkymal tumor, intermediær differensiering (direkte spredning)",
4791,M93606,NORPAT,2017-10-14 22:00:00+00,,"pineal parenkymal tumor, intermediær differensiering (metastase)",
4792,M93609,NORPAT,2017-10-14 22:00:00+00,,"pineal parenkymal tumor, intermediær differensiering (usikker primærtumor/metastase)",
4793,M93611,NORPAT,2001-12-31 23:00:00+00,,pineocytom,
4794,M93623,NORPAT,2001-12-31 23:00:00+00,,pineoblastom,
4795,M93624,NORPAT,2017-10-14 22:00:00+00,,pineoblastom (direkte spredning),
4796,M93626,NORPAT,2001-12-31 23:00:00+00,,pineoblastom (metastase),
4797,M93629,NORPAT,2001-12-31 23:00:00+00,,pineoblastom (usikker primærtumor/metastase),
4798,M93630,NORPAT,2001-12-31 23:00:00+00,,melanotisk nevroektodermal tumor,
4799,M93643,NORPAT,2001-12-31 23:00:00+00,,perifer nevroektodermal tumor,
4800,M93644,NORPAT,2017-10-14 22:00:00+00,,perifer nevroektodermal tumor (direkte spredning),
4801,M93646,NORPAT,2001-12-31 23:00:00+00,,perifer nevroektodermal tumor (metastase),
4802,M93649,NORPAT,2001-12-31 23:00:00+00,,perifer nevroektodermal tumor (usikker primærtumor/metastase),
4803,M93663,NORPAT,2021-01-28 23:00:00+00,,rundcellet sarkom med EWSR1-non-ETS fusjoner,
4804,M93673,NORPAT,2021-01-28 23:00:00+00,,CIC-rearrangert sarkom,
4805,M93683,NORPAT,2021-01-28 23:00:00+00,,sarkom med BCOR genetiske forandringer,
4806,M93700,NORPAT,2017-10-14 22:00:00+00,,benign notokordalcelletumor,
4807,M93703,NORPAT,2001-12-31 23:00:00+00,,kordom,
4808,M93704,NORPAT,2017-10-14 22:00:00+00,,kordom (direkte spredning),
4809,M93706,NORPAT,2001-12-31 23:00:00+00,,kordom (metastase),
4810,M93709,NORPAT,2001-12-31 23:00:00+00,,kordom (usikker primærtumor/metastase),
4811,M93803,NORPAT,2001-12-31 23:00:00+00,,gliom,
4812,M93804,NORPAT,2017-10-14 22:00:00+00,,gliom (direkte spredning),
4813,M93806,NORPAT,2001-12-31 23:00:00+00,,gliom (metastase),
4814,M93809,NORPAT,2001-12-31 23:00:00+00,,gliom (usikker primærtumor/metastase),
4815,M93813,NORPAT,2001-12-31 23:00:00+00,,gliomatosis cerebri,
4816,M93816,NORPAT,2001-12-31 23:00:00+00,,gliomatosis cerebri (metastase),
4817,M93819,NORPAT,2001-12-31 23:00:00+00,,gliomatosis cerebri (usikker primærtumor/metastase),
4818,M93823,NORPAT,2001-12-31 23:00:00+00,,oligoastrocytom,
4819,M93824,NORPAT,2017-10-14 22:00:00+00,,oligoastrocytom (direkte spredning),
4820,M93826,NORPAT,2001-12-31 23:00:00+00,,oligoastrocytom (metastase),
4821,M93829,NORPAT,2001-12-31 23:00:00+00,,oligoastrocytom (usikker primærtumor/metastase),
4822,M93831,NORPAT,2001-12-31 23:00:00+00,,subependymalt gliom,
4823,M93841,NORPAT,2001-12-31 23:00:00+00,,subependymalt kjempecelleastrocytom,
4824,M93900,NORPAT,2001-12-31 23:00:00+00,,plexus chorioideus papillom,
4825,M93901,NORPAT,2017-10-14 22:00:00+00,,atypisk plexus choroideus papillom,
4826,M93903,NORPAT,2001-12-31 23:00:00+00,,plexus chorioideuskarsinom,
4827,M93904,NORPAT,2017-10-14 22:00:00+00,,plexus chorioideuskarsinom (direkte spredning),
4828,M93906,NORPAT,2001-12-31 23:00:00+00,,plexus chorioideuskarsinom (metastase),
4829,M93909,NORPAT,2001-12-31 23:00:00+00,,plexus chorioideuskarsinom (usikker primærtumor/metastase),
4830,M93913,NORPAT,2001-12-31 23:00:00+00,,ependymom,
4831,M93914,NORPAT,2017-10-14 22:00:00+00,,ependymom (direkte spredning),
4832,M93916,NORPAT,2001-12-31 23:00:00+00,,ependymom (metastase),
4833,M93919,NORPAT,2001-12-31 23:00:00+00,,ependymom (usikker primærtumor/metastase),
4834,M93923,NORPAT,2001-12-31 23:00:00+00,,anaplastisk ependymom,
4835,M93924,NORPAT,2017-10-14 22:00:00+00,,anaplastisk ependymom (direkte spredning),
4836,M93926,NORPAT,2001-12-31 23:00:00+00,,anaplastisk ependymom (metastase),
4837,M93929,NORPAT,2001-12-31 23:00:00+00,,anaplastisk ependymom (usikker primærtumor/metastase),
4838,M93931,NORPAT,2001-12-31 23:00:00+00,2017-10-13 22:00:00+00,variant av ependymom,
4839,M93941,NORPAT,2001-12-31 23:00:00+00,,myksopapillært ependymom,
4840,M93953,NORPAT,2001-12-31 23:00:00+00,,ependymoblastom,
4841,M93954,NORPAT,2017-10-14 22:00:00+00,,ependymoblastom (direkte spredning),
4842,M93956,NORPAT,2001-12-31 23:00:00+00,,ependymoblastom (metastase),
4843,M93959,NORPAT,2001-12-31 23:00:00+00,,ependymoblastom (usikker primærtumor/metastase),
4844,M939A3,NORPAT,2017-10-14 22:00:00+00,,papillær tumor i pinealregion,
4845,M939A4,NORPAT,2017-10-14 22:00:00+00,,papillær tumor i pinealregion (direkte spredning),
4846,M939A6,NORPAT,2017-10-14 22:00:00+00,,papillær tumor i pinealregion (metastase),
4847,M939A9,NORPAT,2017-10-14 22:00:00+00,,papillær tumor i pinealregionen (usikker primærtumor/metastase),
4848,M94003,NORPAT,2001-12-31 23:00:00+00,,astrocytom,
4849,M94004,NORPAT,2017-10-14 22:00:00+00,,astrocytom(direkte spredning),
4850,M94006,NORPAT,2001-12-31 23:00:00+00,,astrocytom (metastase),
4851,M94009,NORPAT,2001-12-31 23:00:00+00,,astrocytom (usikker primærtumor/metastase),
4852,M94013,NORPAT,2001-12-31 23:00:00+00,,anaplastisk astrocytom,
4853,M94014,NORPAT,2017-10-14 22:00:00+00,,anaplastisk astrocytom (direkte spredning),
4854,M94016,NORPAT,2001-12-31 23:00:00+00,,anaplastisk astrocytom (metastase),
4855,M94019,NORPAT,2001-12-31 23:00:00+00,,anaplastisk astrocytom (usikker primærtumor/metastase),
4856,M94103,NORPAT,2001-12-31 23:00:00+00,,protoplasmisk astrocytom,
4857,M94104,NORPAT,2017-10-14 22:00:00+00,,protoplasmatisk astrocytom (direkte spredning),
4858,M94106,NORPAT,2001-12-31 23:00:00+00,,protoplasmisk astrocytom (metastase),
4859,M94109,NORPAT,2001-12-31 23:00:00+00,,protoplasmisk astrocytom (usikker primærtumor/metastase),
4860,M94113,NORPAT,2001-12-31 23:00:00+00,,gemistocytisk astrocytom,
4861,M94114,NORPAT,2017-10-14 22:00:00+00,,gemistocytisk astrocytom (direkte spredning),
4862,M94116,NORPAT,2001-12-31 23:00:00+00,,gemistocytisk astrocytom (metastase),
4863,M94119,NORPAT,2001-12-31 23:00:00+00,,gemistocytisk astrocytom (usikker primærtumor/metastase),
4864,M94203,NORPAT,2001-12-31 23:00:00+00,,fibrillært astrocytom,
4865,M94204,NORPAT,2017-10-14 22:00:00+00,,fibrillært astrocytom (direkte spredning),
4866,M94206,NORPAT,2001-12-31 23:00:00+00,,fibrillært astrocytom (metastase),
4867,M94209,NORPAT,2001-12-31 23:00:00+00,,fibrillært astrocytom (usikker primærtumor/metastase),
4868,M94213,NORPAT,2001-12-31 23:00:00+00,,pilocytisk astrocytom,
4869,M94214,NORPAT,2017-10-14 22:00:00+00,,pilocytisk astrocytom (direkte spredning),
4870,M94216,NORPAT,2001-12-31 23:00:00+00,,pilocytisk astrocytom (metastase),
4871,M94219,NORPAT,2001-12-31 23:00:00+00,,pilocytisk astrocytom (usikker primærtumor/metastase),
4872,M94223,NORPAT,2001-12-31 23:00:00+00,2017-10-13 22:00:00+00,spongioblastom,
4873,M94226,NORPAT,2001-12-31 23:00:00+00,2017-10-13 22:00:00+00,spongioblastom (metastase),
4874,M94229,NORPAT,2001-12-31 23:00:00+00,2017-10-13 22:00:00+00,spongioblastom (usikker primærtumor/metastase),
4875,M94233,NORPAT,2001-12-31 23:00:00+00,2017-10-13 22:00:00+00,polart spongioblastom,
4876,M94236,NORPAT,2001-12-31 23:00:00+00,2017-10-13 22:00:00+00,polart spongioblastom (metastase),
4877,M94239,NORPAT,2001-12-31 23:00:00+00,2017-10-13 22:00:00+00,polart spongioblastom (usikker primærtumor/metastase),
4878,M94243,NORPAT,2001-12-31 23:00:00+00,,pleomorft xantoastrocytom,
4879,M94244,NORPAT,2017-10-14 22:00:00+00,,pleomorft xantoastrocytom (direkte spredning),
4880,M94246,NORPAT,2001-12-31 23:00:00+00,,pleomorft xantoastrocytom (metastase),
4881,M94249,NORPAT,2001-12-31 23:00:00+00,,pleomorft xantoastrocytom (usikker primærtumor/metastase),
4882,M94253,NORPAT,2017-10-14 22:00:00+00,,pilomyksoid astrocytom,
4883,M94254,NORPAT,2017-10-14 22:00:00+00,,pilomyksoid astrocytom (direkte spredning),
4884,M94256,NORPAT,2017-10-14 22:00:00+00,,pilomyksoid astrocytom (metastase),
4885,M94259,NORPAT,2017-10-14 22:00:00+00,,pilomyksoid astrocytom (usikker primærtumor/metastase),
4886,M94303,NORPAT,2001-12-31 23:00:00+00,,astroblastom,
4887,M94304,NORPAT,2017-10-14 22:00:00+00,,astroblastom (direkte spredning),
4888,M94306,NORPAT,2001-12-31 23:00:00+00,,astroblastom (metastase),
4889,M94309,NORPAT,2001-12-31 23:00:00+00,,astroblastom (usikker primærtumor/metastase),
4890,M94311,NORPAT,2017-10-14 22:00:00+00,,angiocentrisk gliom,
4891,M94403,NORPAT,2001-12-31 23:00:00+00,,glioblastom,
4892,M94404,NORPAT,2017-10-14 22:00:00+00,,glioblastom (direkte spredning),
4893,M94406,NORPAT,2001-12-31 23:00:00+00,,glioblastom (metastase),
4894,M94409,NORPAT,2001-12-31 23:00:00+00,,glioblastom (usikker primærtumor/metastase),
4895,M94413,NORPAT,2001-12-31 23:00:00+00,2017-10-13 22:00:00+00,kjempecelleglioblastom,
4896,M94416,NORPAT,2001-12-31 23:00:00+00,2017-10-13 22:00:00+00,kjempecelleglioblastom (metastase),
4897,M94419,NORPAT,2001-12-31 23:00:00+00,2017-10-13 22:00:00+00,kjempecelleglioblastom (usikker primærtumor/metastase),
4898,M94423,NORPAT,2001-12-31 23:00:00+00,,glioblastom med sarkomatøs komponent,
4899,M94424,NORPAT,2017-10-14 22:00:00+00,,glioblastom med sarkomatøs komponent (direkte spredning),
4900,M94426,NORPAT,2001-12-31 23:00:00+00,,glioblastom med sarkomatøs komponent (metastase),
4901,M94429,NORPAT,2001-12-31 23:00:00+00,,glioblastom med sarkomatøs komponent (usikker primærtumor/metastase),
4902,M94433,NORPAT,2001-12-31 23:00:00+00,,polart spongioblastom,
4903,M94434,NORPAT,2017-10-14 22:00:00+00,,polart spongioblastom (direkte spredning),
4904,M94436,NORPAT,2001-12-31 23:00:00+00,,polart spongioblastom (metastase),
4905,M94439,NORPAT,2001-12-31 23:00:00+00,,primitivt polart spongioblastom (usikker primærtumor/metastase),
4906,M94441,NORPAT,2017-10-14 22:00:00+00,,kordoid gliom i 3. ventrikel,
4907,M94503,NORPAT,2001-12-31 23:00:00+00,,oligodendrogliom,
4908,M94504,NORPAT,2017-10-14 22:00:00+00,,oligodendrogliom (direkte spredning),
4909,M94506,NORPAT,2001-12-31 23:00:00+00,,oligodendrogliom (metastase),
4910,M94509,NORPAT,2001-12-31 23:00:00+00,,oligodendrogliom (usikker primærtumor/metastase),
4911,M94513,NORPAT,2001-12-31 23:00:00+00,,anaplastisk oligodendrogliom,
4912,M94514,NORPAT,2017-10-14 22:00:00+00,,anaplastisk oligodendrogliom (direkte spredning),
4913,M94516,NORPAT,2001-12-31 23:00:00+00,,anaplastisk oligodendrogliom (metastase),
4914,M94519,NORPAT,2001-12-31 23:00:00+00,,anaplastisk oligodendrogliom (usikker primærtumor/metastase),
4915,M94603,NORPAT,2001-12-31 23:00:00+00,,oligodendroblastom,
4916,M94604,NORPAT,2017-10-14 22:00:00+00,,oligodendroblastom (direkte spredning),
4917,M94606,NORPAT,2001-12-31 23:00:00+00,,oligodendroblastom (metastase),
4918,M94609,NORPAT,2001-12-31 23:00:00+00,,oligodendroblastom (usikker primærtumor/metastase),
4919,M94703,NORPAT,2001-12-31 23:00:00+00,,medulloblastom,
4920,M94704,NORPAT,2017-10-14 22:00:00+00,,medulloblastom (direkte spredning),
4921,M94706,NORPAT,2001-12-31 23:00:00+00,,medulloblastom (metastase),
4922,M94709,NORPAT,2001-12-31 23:00:00+00,,medulloblastom (usikker primærtumor/metastase),
4923,M94713,NORPAT,2001-12-31 23:00:00+00,,desmoplastisk medulloblastom,
4924,M94714,NORPAT,2017-10-14 22:00:00+00,,desmoplastisk medulloblastom (direkte spredning),
4925,M94716,NORPAT,2001-12-31 23:00:00+00,,desmoplastisk medulloblastom (metastase),
4926,M94719,NORPAT,2001-12-31 23:00:00+00,,desmoplastisk medulloblastom (usikker primærtumor/metastase),
4927,M94723,NORPAT,2001-12-31 23:00:00+00,,medullomyoblastom,
4928,M94724,NORPAT,2017-10-14 22:00:00+00,,medullomyoblastom (direkte spredning),
4929,M94726,NORPAT,2001-12-31 23:00:00+00,,medullomyoblastom (metastase),
4930,M94729,NORPAT,2001-12-31 23:00:00+00,,medullomyoblastom (usikker primærtumor/metastase),
4931,M94733,NORPAT,2022-12-31 23:00:00+00,,CNS embryonal tumor,
4932,M94736,NORPAT,2001-12-31 23:00:00+00,2017-10-13 22:00:00+00,primitiv neuroektodermal tumor (metastase),
4933,M94739,NORPAT,2001-12-31 23:00:00+00,2017-10-13 22:00:00+00,primitiv neuroektodermal tumor (usikker primærtumor/metastase),
4934,M94743,NORPAT,2017-10-14 22:00:00+00,,anaplastisk medulloblastom,
4935,M94744,NORPAT,2017-10-14 22:00:00+00,,anaplastisk medulloblastom (direkte spredning),
4936,M94746,NORPAT,2017-10-14 22:00:00+00,,anaplastisk medulloblastom (metastase),
4937,M94749,NORPAT,2017-10-14 22:00:00+00,,anaplastisk medulloblastom (usikker primærtumor/metastase),
4938,M94803,NORPAT,2001-12-31 23:00:00+00,2017-10-13 22:00:00+00,cerebellart sarkom,
4939,M94806,NORPAT,2001-12-31 23:00:00+00,2017-10-13 22:00:00+00,cerebellart sarkom (metastase),
4940,M94809,NORPAT,2001-12-31 23:00:00+00,2017-10-13 22:00:00+00,cerebellart sarkom (usikker primærtumor/metastase),
4941,M94900,NORPAT,2001-12-31 23:00:00+00,,ganglionevrom,
4942,M94903,NORPAT,2001-12-31 23:00:00+00,,ganglionevroblastom,
4943,M94904,NORPAT,2017-10-14 22:00:00+00,,ganglionevroblastom (direkte spredning),
4944,M94906,NORPAT,2001-12-31 23:00:00+00,,ganglionevroblastom (metastase),
4945,M94909,NORPAT,2001-12-31 23:00:00+00,,ganglionevroblastom (usikker primærtumor/metastase),
4946,M94910,NORPAT,2001-12-31 23:00:00+00,,ganglionevromatose,
4947,M94920,NORPAT,2017-10-14 22:00:00+00,,dysplastisk gangliocytom,
4948,M94933,NORPAT,2017-10-14 22:00:00+00,2022-12-30 23:00:00+00,ganglionevrom,
4949,M94934,NORPAT,2017-10-14 22:00:00+00,2022-12-30 23:00:00+00,ganglionevrom (direkte spredning),
4950,M94936,NORPAT,2017-10-14 22:00:00+00,2022-12-30 23:00:00+00,ganglionevrom (metastase),
4951,M94939,NORPAT,2017-10-14 22:00:00+00,2022-12-30 23:00:00+00,ganglionevrom (usikker primærtumor/metastase),
4952,M95003,NORPAT,2001-12-31 23:00:00+00,,nevroblastom,
4953,M95004,NORPAT,2017-10-14 22:00:00+00,,nevroblastom (direkte spredning),
4954,M95006,NORPAT,2001-12-31 23:00:00+00,,nevroblastom (metastase),
4955,M95009,NORPAT,2001-12-31 23:00:00+00,,nevroblastom (usikker primærtumor/metastase),
4956,M95010,NORPAT,2017-10-14 22:00:00+00,,benignt medulloepiteliom,
4957,M95011,NORPAT,2017-10-14 22:00:00+00,2022-12-30 23:00:00+00,medulloepiteliom,
4958,M95013,NORPAT,2001-12-31 23:00:00+00,,medulloepiteliom,
4959,M95014,NORPAT,2017-10-14 22:00:00+00,,medulloepiteliom (direkte spredning),
4960,M95016,NORPAT,2001-12-31 23:00:00+00,,medulloepiteliom (metastase),
4961,M95019,NORPAT,2001-12-31 23:00:00+00,,medulloepiteliom (usikker primærtumor/metastase),
4962,M95020,NORPAT,2017-10-14 22:00:00+00,,benignt teratoid medulloepiteliom,
4963,M95021,NORPAT,2017-10-14 22:00:00+00,,"teratoid medulloepiteliom, usikker benign/malign",
4964,M95023,NORPAT,2001-12-31 23:00:00+00,,malign teratoid medulloepteliom,
4965,M95024,NORPAT,2017-10-14 22:00:00+00,,malignt teratoid medulloepiteliom (direkte spredning),
4966,M95026,NORPAT,2001-12-31 23:00:00+00,,malign teratoid medulloepteliom (metastase),
4967,M95029,NORPAT,2001-12-31 23:00:00+00,,malign teratoid medulloepteliom (usikker primærtumor/metastase),
4968,M95033,NORPAT,2001-12-31 23:00:00+00,2017-10-13 22:00:00+00,neuroepitelom UNS,
4969,M95036,NORPAT,2001-12-31 23:00:00+00,2017-10-13 22:00:00+00,neuroepitelom UNS (metastase),
4970,M95039,NORPAT,2001-12-31 23:00:00+00,2017-10-13 22:00:00+00,neuroepitelom UNS (usikker primærtumor/metastase),
4971,M95043,NORPAT,2001-12-31 23:00:00+00,2017-10-13 22:00:00+00,spongioneuroblastom,
4972,M95046,NORPAT,2001-12-31 23:00:00+00,2017-10-13 22:00:00+00,spongioneuroblastom (metastase),
4973,M95049,NORPAT,2001-12-31 23:00:00+00,2017-10-13 22:00:00+00,spongioneuroblastom (usikker primærtumor/metastase),
4974,M95050,NORPAT,2001-12-31 23:00:00+00,,desmoplastisk infantilt gangliogliom,
4975,M95051,NORPAT,2001-12-31 23:00:00+00,,gangliogliom,
4976,M95053,NORPAT,2001-12-31 23:00:00+00,,anaplastisk gangliogliom,
4977,M95054,NORPAT,2001-12-31 23:00:00+00,,anaplastisk gangliogliom (direkte spredning),
4978,M95056,NORPAT,2001-12-31 23:00:00+00,,anaplastisk gangliogliom (metastase),
4979,M95059,NORPAT,2001-12-31 23:00:00+00,,anaplastisk gangliogliom (usikker primærtumor/metastase),
4980,M95060,NORPAT,2019-01-15 23:00:00+00,,sentralt neurocytom,
4981,M95070,NORPAT,2001-12-31 23:00:00+00,2017-10-13 22:00:00+00,Pacini tumor,
4982,M95080,NORPAT,2017-10-14 22:00:00+00,,dysembryoplastisk nevroepitelial tumor,
4983,M95083,NORPAT,2017-10-14 22:00:00+00,,atypisk teratoid/rabdoid tumor,
4984,M95084,NORPAT,2017-10-14 22:00:00+00,,atypisk teratoid/rabdoid tumor (direkte spredning),
4985,M95086,NORPAT,2017-10-14 22:00:00+00,,atypisk teratoid/rabdoid tumor (metastase),
4986,M95089,NORPAT,2017-10-14 22:00:00+00,,atypisk teratoid/rabdoid tumor (usikker primærtumor/metastase),
4987,M95091,NORPAT,2017-10-14 22:00:00+00,,rosettdannende glionevronal tumor i fjerde hjerneventrikkel,
4988,M95103,NORPAT,2001-12-31 23:00:00+00,,retinoblastom,
4989,M95104,NORPAT,2017-10-14 22:00:00+00,,retinoblastom (direkte spredning),
4990,M95106,NORPAT,2001-12-31 23:00:00+00,,retinoblastom (metastase),
4991,M95109,NORPAT,2001-12-31 23:00:00+00,,retinoblastom (usikker primærtumor/metastase),
4992,M95113,NORPAT,2001-12-31 23:00:00+00,,differensiert retinoblastom,
4993,M95114,NORPAT,2017-10-14 22:00:00+00,,differensiert retinoblastom (direkte spredning),
4994,M95116,NORPAT,2001-12-31 23:00:00+00,,differensiert retinoblastom (metastase),
4995,M95119,NORPAT,2001-12-31 23:00:00+00,,differensiert retinoblastom (usikker primærtumor/metastase),
4996,M95123,NORPAT,2001-12-31 23:00:00+00,,udifferensiert retinoblastom,
4997,M95124,NORPAT,2017-10-14 22:00:00+00,,udifferensiert retinoblastom (direkte spredning),
4998,M95126,NORPAT,2001-12-31 23:00:00+00,,udifferensiert retinoblastom (metastase),
4999,M95129,NORPAT,2001-12-31 23:00:00+00,,udifferensiert retinoblastom (usikker primærtumor/metastase),
5000,M95203,NORPAT,2001-12-31 23:00:00+00,2017-10-13 22:00:00+00,neurogen olfactorius tumor,
5001,M95206,NORPAT,2001-12-31 23:00:00+00,2017-10-13 22:00:00+00,neurogen olfactorius tumor (metastase),
5002,M95209,NORPAT,2001-12-31 23:00:00+00,2017-10-13 22:00:00+00,neurogen olfactorius tumor (usikker primærtumor/metastase),
5003,M95213,NORPAT,2001-12-31 23:00:00+00,2017-10-13 22:00:00+00,esthesioneurcytom,
5004,M95216,NORPAT,2001-12-31 23:00:00+00,2017-10-13 22:00:00+00,esthesioneurcytom (metastase),
5005,M95219,NORPAT,2001-12-31 23:00:00+00,2017-10-13 22:00:00+00,esthesioneurcytom (usikker primærtumor/metastase),
5006,M95223,NORPAT,2001-12-31 23:00:00+00,,olfaktorisk nevroblastom/esthesionevroblastom,
5007,M95224,NORPAT,2017-10-14 22:00:00+00,,olfaktorisk nevroblastom/esthesionevroblastom (direkte spredning),
5008,M95226,NORPAT,2001-12-31 23:00:00+00,,olfaktorisk nevroblastom/esthesionevroblastom (metastase),
5009,M95229,NORPAT,2001-12-31 23:00:00+00,,olfaktorisk nevroblastom /esthesionevroblastom (usikker primærtumor/metastase),
5010,M95233,NORPAT,2017-10-14 22:00:00+00,,esthesionevroepiteliom,
5011,M95234,NORPAT,2017-10-14 22:00:00+00,,esthesionevroepiteliom (direkte spredning),
5012,M95236,NORPAT,2017-10-14 22:00:00+00,,esthesionevroepiteliom (metastase),
5013,M95239,NORPAT,2017-10-14 22:00:00+00,,esthesionevroepiteliom (usikker primærtumor/metastase),
5014,M95300,NORPAT,2001-12-31 23:00:00+00,,meningeom,
5015,M95301,NORPAT,2001-12-31 23:00:00+00,2017-10-13 22:00:00+00,meningeomatose UNS,
5016,M95302,NORPAT,2017-10-14 22:00:00+00,,atypisk meningeom,
5017,M95303,NORPAT,2001-12-31 23:00:00+00,,malignt meningeom,
5018,M95304,NORPAT,2017-10-14 22:00:00+00,,malignt meningeom (direkte spredning),
5019,M95306,NORPAT,2001-12-31 23:00:00+00,,malignt meningeom (metastase),
5020,M95309,NORPAT,2001-12-31 23:00:00+00,,malignt meningeom (usikker primærtumor/metastase),
5021,M95310,NORPAT,2001-12-31 23:00:00+00,,meningoteliomatøst meningeom,
5022,M95314,NORPAT,2001-12-31 23:00:00+00,2017-10-13 22:00:00+00,lipoblastisk meningeom,
5023,M95320,NORPAT,2001-12-31 23:00:00+00,,fibrøst meningeom,
5024,M95324,NORPAT,2001-12-31 23:00:00+00,2017-10-13 22:00:00+00,ossøst meningeom,
5025,M95330,NORPAT,2001-12-31 23:00:00+00,,psammomatøst meningeom,
5026,M95334,NORPAT,2001-12-31 23:00:00+00,2017-10-13 22:00:00+00,microcystisk meningeom,
5027,M95340,NORPAT,2001-12-31 23:00:00+00,,angiomatøst meningeom,
5028,M95344,NORPAT,2001-12-31 23:00:00+00,2017-10-13 22:00:00+00,klarcellet meningeom,
5029,M95350,NORPAT,2001-12-31 23:00:00+00,2017-10-13 22:00:00+00,hemangioblastisk meningeom,
5030,M95354,NORPAT,2001-12-31 23:00:00+00,2017-10-13 22:00:00+00,chordoid meningeom,
5031,M95360,NORPAT,2001-12-31 23:00:00+00,2017-10-13 22:00:00+00,hemangiopericytisk meningeom,
5032,M95364,NORPAT,2001-12-31 23:00:00+00,2017-10-13 22:00:00+00,lymfoplasmocytt-rikt meningeom,
5033,M95370,NORPAT,2001-12-31 23:00:00+00,2017-10-13 22:00:00+00,sammensatt meningeom,
5034,M95374,NORPAT,2001-12-31 23:00:00+00,2017-10-13 22:00:00+00,metaplastisk meningeom,
5035,M95381,NORPAT,2001-12-31 23:00:00+00,,papillært meningeom,
5036,M95384,NORPAT,2001-12-31 23:00:00+00,2017-10-13 22:00:00+00,sekretorisk meningeom,
5037,M95393,NORPAT,2001-12-31 23:00:00+00,,meningeal sarkomatose,
5038,M95394,NORPAT,2017-10-14 22:00:00+00,,meningeal sarkomatose (direkte spredning),
5039,M95396,NORPAT,2001-12-31 23:00:00+00,,meningeal sarkomatose (metastase),
5040,M95399,NORPAT,2001-12-31 23:00:00+00,,meningeal sarkomatose (usikker primærtumor/metastase),
5041,M95400,NORPAT,2001-12-31 23:00:00+00,,nevrofibrom,
5042,M95401,NORPAT,2001-12-31 23:00:00+00,,nevrofibromatose,
5043,M95403,NORPAT,2001-12-31 23:00:00+00,,nevrofibrosarkom,
5044,M95404,NORPAT,2017-10-14 22:00:00+00,,nevrofibrosarkom (direkte spredning),
5045,M95406,NORPAT,2001-12-31 23:00:00+00,,nevrofibrosarkom (metastase),
5046,M95409,NORPAT,2001-12-31 23:00:00+00,,nevrofibrosarkom (usikker primærtumor/metastase),
5047,M95410,NORPAT,2001-12-31 23:00:00+00,2017-10-13 22:00:00+00,melanotisk neurofibrom,
5048,M95421,NORPAT,2001-12-31 23:00:00+00,,"perifer nerveskjedetumor, usikker benign/malign",
5049,M95423,NORPAT,2017-10-14 22:00:00+00,,epiteloid malign perifer nerveskjedetumor,
5050,M95424,NORPAT,2017-10-14 22:00:00+00,,epiteloid malign perifer nerveskjedetumor (direkte spredning),
5051,M95426,NORPAT,2017-10-14 22:00:00+00,,epiteloid malign perifer nerveskjedetumor (metastase),
5052,M95429,NORPAT,2017-10-14 22:00:00+00,,epiteloid malign perifer nerveskjedetumor (usikker primærtumor/metastase),
5053,M95500,NORPAT,2001-12-31 23:00:00+00,,pleksiformt nevrofibrom,
5054,M95600,NORPAT,2001-12-31 23:00:00+00,,schwannom,
5055,M95601,NORPAT,2001-12-31 23:00:00+00,,nevrinomatose,
5056,M95603,NORPAT,2001-12-31 23:00:00+00,,malignt nevrilemmom,
5057,M95604,NORPAT,2017-10-14 22:00:00+00,,malignt nevrilemmom (direkte spredning),
5058,M95606,NORPAT,2001-12-31 23:00:00+00,,malignt nevrilemmom (metastase),
5059,M95609,NORPAT,2001-12-31 23:00:00+00,,malignt nevrilemmom (usikker primærtumor/metastase),
5060,M95610,NORPAT,2017-10-14 22:00:00+00,,benign tritontumor,
5061,M95613,NORPAT,2001-12-31 23:00:00+00,,malign tritontumor,
5062,M95614,NORPAT,2017-10-14 22:00:00+00,,malign tritontumor (direkte spredning),
5063,M95616,NORPAT,2001-12-31 23:00:00+00,,malign tritontumor (metastase),
5064,M95619,NORPAT,2001-12-31 23:00:00+00,,malign tritontumor (usikker primærtumor/metastase),
5065,M95620,NORPAT,2001-12-31 23:00:00+00,,nevrotekeom,
5066,M95630,NORPAT,2017-10-14 22:00:00+00,,hybrid nerveskjedetumor,
5067,M95700,NORPAT,2001-12-31 23:00:00+00,,nevrom,
5068,M95710,NORPAT,2017-10-14 22:00:00+00,,perinevrom,
5069,M95713,NORPAT,2017-10-14 22:00:00+00,,malignt perinevrom,
5070,M95714,NORPAT,2017-10-14 22:00:00+00,,malignt perinevrom (direkte spredning),
5071,M95716,NORPAT,2017-10-14 22:00:00+00,,malignt perinevrom (metastase),
5072,M95719,NORPAT,2017-10-14 22:00:00+00,,malignt perinevrom (usikker primærtumor/metastase),
5073,M95800,NORPAT,2001-12-31 23:00:00+00,,granulærcelletumor,
5074,M95801,NORPAT,2001-12-31 23:00:00+00,,"granulærcelletumor, usikker benign/malign",
5075,M95803,NORPAT,2001-12-31 23:00:00+00,,malign granulærcelletumor,
5076,M95804,NORPAT,2017-10-14 22:00:00+00,,malign granulærcelletumor (direkte spredning),
5077,M95806,NORPAT,2001-12-31 23:00:00+00,,malign granulærcelletumor (metastase),
5078,M95809,NORPAT,2001-12-31 23:00:00+00,,malign granulærcelletumor (usikker primærtumor/metastase),
5079,M95813,NORPAT,2001-12-31 23:00:00+00,,alveolært bløtdelssarkom,
5080,M95814,NORPAT,2017-10-14 22:00:00+00,,alveolært bløtdelssarkom (direkte spredning),
5081,M95816,NORPAT,2001-12-31 23:00:00+00,,alveolært bløtdelssarkom (metastase),
5082,M95819,NORPAT,2001-12-31 23:00:00+00,,alveolært bløtdelssarkom (usikker primærtumor/metastase),
5083,M95903,NORPAT,2001-12-31 23:00:00+00,,malignt lymfom,
5084,M95904,NORPAT,2017-10-14 22:00:00+00,,malignt lymfom (direkte spredning),
5085,M95906,NORPAT,2001-12-31 23:00:00+00,2017-10-13 22:00:00+00,malignt lymfom UNS (metastase),
5086,M95909,NORPAT,2001-12-31 23:00:00+00,2017-10-13 22:00:00+00,malignt lymfom UNS (usikker primærtumor/metastase),
5087,M95913,NORPAT,2001-12-31 23:00:00+00,,non-Hodgkins lymfom UNS,
5088,M95916,NORPAT,2001-12-31 23:00:00+00,2017-10-13 22:00:00+00,malignt non-Hodgkins lymfom UNS (metastase),
5089,M95919,NORPAT,2001-12-31 23:00:00+00,2017-10-13 22:00:00+00,malignt non-Hodgkins lymfom UNS (usikker primærtumor/metastase),
5090,M95963,NORPAT,2001-12-31 23:00:00+00,,"non-Hodgkins lymfom, B-cellelymfom",
5091,M95966,NORPAT,2001-12-31 23:00:00+00,2017-10-13 22:00:00+00,"malignt non-Hodgkins lymfom, B-cellelymfom UNS (metastase)",
5092,M95969,NORPAT,2001-12-31 23:00:00+00,2017-10-13 22:00:00+00,"malignt non-Hodgkins lymfom, B-cellelymfom UNS (usikker primærtumor/metastase)",
5093,M95973,NORPAT,2001-12-31 23:00:00+00,,"non-Hodgkins lymfom, T-cellelymfom",
5094,M95976,NORPAT,2001-12-31 23:00:00+00,2017-10-13 22:00:00+00,"malignt non-Hodgkins lymfom, T-cellelymfom UNS (metastase)",
5095,M95979,NORPAT,2001-12-31 23:00:00+00,2017-10-13 22:00:00+00,"malignt non-Hodgkins lymfom, T-cellelymfom UNS (usikker primærtumor/metastase)",
5096,M95983,NORPAT,2017-10-14 22:00:00+00,,småcellet B-cellelymfom UNS,
5097,M95993,NORPAT,2017-10-14 22:00:00+00,,storcellet B-cellelymfom UNS,
5098,M96121,NORPAT,2017-10-14 22:00:00+00,,monoklonal B-cellelymfocytose,
5099,M96153,NORPAT,2001-12-31 23:00:00+00,2017-10-13 22:00:00+00,malignt non-Hodgkins lymfom av follikkelsenter celletype UNS,
5100,M96156,NORPAT,2001-12-31 23:00:00+00,2017-10-13 22:00:00+00,malignt non-Hodgkins lymfom av follikkelsenter celletype UNS (metastase),
5101,M96159,NORPAT,2001-12-31 23:00:00+00,2017-10-13 22:00:00+00,malignt non-Hodgkins lymfom av follikkelsenter celletype UNS (usikker primærtumor/metastase),
5102,M96503,NORPAT,2001-12-31 23:00:00+00,,klassisk Hodgkins lymfom UNS,
5103,M96506,NORPAT,2001-12-31 23:00:00+00,2017-10-13 22:00:00+00,klassisk Hodgkins lymfom UNS (metastase),
5104,M96509,NORPAT,2001-12-31 23:00:00+00,2017-10-13 22:00:00+00,klassisk Hodgkins lymfom UNS (usikker primærtumor/metastase),
5105,M96513,NORPAT,2001-12-31 23:00:00+00,,"klassisk Hodgkins lymfom, lymfocyttrikt",
5106,M96516,NORPAT,2001-12-31 23:00:00+00,2017-10-13 22:00:00+00,"klassisk Hodgkins lymfom, lymfocyttrikt (metastase)",
5107,M96519,NORPAT,2001-12-31 23:00:00+00,2017-10-13 22:00:00+00,"klassisk Hodgkins lymfom, lymfocyttrikt (usikker primærtumor/metastase)",
5108,M96523,NORPAT,2001-12-31 23:00:00+00,,"klassisk Hodgkins lymfom, blandet cellularitet",
5109,M96526,NORPAT,2001-12-31 23:00:00+00,2017-10-13 22:00:00+00,"klassisk Hodgkins lymfom, blandet cellularitet (metastase)",
5110,M96529,NORPAT,2001-12-31 23:00:00+00,2017-10-13 22:00:00+00,"klassisk Hodgkins lymfom, blandet cellularitet (usikker primærtumor/metastase)",
5111,M96533,NORPAT,2001-12-31 23:00:00+00,,"klassisk Hodgkins lymfom, lymfocyttfattig",
5112,M96536,NORPAT,2001-12-31 23:00:00+00,2017-10-13 22:00:00+00,"klassisk Hodgkins lymfom, lymfocyttfattig (metastase)",
5113,M96539,NORPAT,2001-12-31 23:00:00+00,2017-10-13 22:00:00+00,"klassisk Hodgkins lymfom, lymfocyttfattig (usikker primærtumor/metastase)",
5114,M96593,NORPAT,2001-12-31 23:00:00+00,,nodulært lymfocyttrikt Hodgkins lymfom,
5115,M96596,NORPAT,2001-12-31 23:00:00+00,2017-10-13 22:00:00+00,nodulært lymfocyttrikt Hodgkins lymfom (metastase),
5116,M96599,NORPAT,2001-12-31 23:00:00+00,2017-10-13 22:00:00+00,nodulært lymfocyttrikt Hodgkins lymfom (usikker primærtumor/metastase),
5117,M96633,NORPAT,2001-12-31 23:00:00+00,,"klassisk Hodgkins lymfom, nodulær sklerose",
5118,M96636,NORPAT,2001-12-31 23:00:00+00,2017-10-13 22:00:00+00,"klassisk Hodgkins lymfom, nodulær sklerose (metastase)",
5119,M96639,NORPAT,2001-12-31 23:00:00+00,2017-10-13 22:00:00+00,"klassisk Hodgkins lymfom, nodulær sklerose (usikker primærtumor/metastase)",
5120,M96703,NORPAT,2001-12-31 23:00:00+00,2017-10-13 22:00:00+00,småcellet lymfocytært lymfom,
5121,M96706,NORPAT,2001-12-31 23:00:00+00,2017-10-13 22:00:00+00,småcellet lymfocytært lymfom (metastase),
5122,M96709,NORPAT,2001-12-31 23:00:00+00,2017-10-13 22:00:00+00,småcellet lymfocytært lymfom (usikker primærtumor/metastase),
5123,M96713,NORPAT,2001-12-31 23:00:00+00,,lymfoplasmacyttisk lymfom,
5124,M96716,NORPAT,2001-12-31 23:00:00+00,2017-10-13 22:00:00+00,lymfoplasmacyttisk lymfom (metastase),
5125,M96719,NORPAT,2001-12-31 23:00:00+00,2017-10-13 22:00:00+00,lymfoplasmacyttisk lymfom (usikker primærtumor/metastase),
5126,M96733,NORPAT,2001-12-31 23:00:00+00,,mantelcellelymfom,
5127,M96736,NORPAT,2001-12-31 23:00:00+00,2017-10-13 22:00:00+00,mantelcellelymfom (metastase),
5128,M96739,NORPAT,2001-12-31 23:00:00+00,2017-10-13 22:00:00+00,mantelcellelymfom (usikker primærtumor/metastase),
5129,M96783,NORPAT,2001-12-31 23:00:00+00,,primært effusjonslymfom,
5130,M96786,NORPAT,2001-12-31 23:00:00+00,2017-10-13 22:00:00+00,primært effusjonslymfom (metastase),
5131,M96789,NORPAT,2001-12-31 23:00:00+00,2017-10-13 22:00:00+00,primært effusjonslymfom (usikker primærtumor/metastase),
5132,M96793,NORPAT,2001-12-31 23:00:00+00,,primært mediastinalt storcellet B-cellelymfom,
5133,M96796,NORPAT,2001-12-31 23:00:00+00,2017-10-13 22:00:00+00,mediastinalt (thymisk) storcellet B-celle lymfom (metastase),
5134,M96799,NORPAT,2001-12-31 23:00:00+00,2017-10-13 22:00:00+00,mediastinalt (thymisk) storcellet B-celle lymfom (usikker primærtumor/metastase),
5135,M96803,NORPAT,2001-12-31 23:00:00+00,,diffust storcellet B-cellelymfom,
5136,M96806,NORPAT,2001-12-31 23:00:00+00,2017-10-13 22:00:00+00,diffust storcellet B-celle lymfom (metastase),
5137,M96809,NORPAT,2001-12-31 23:00:00+00,2017-10-13 22:00:00+00,diffust storcellet B-celle lymfom (usikker primærtumor/metastase),
5138,M96833,NORPAT,2017-10-14 22:00:00+00,2022-12-30 23:00:00+00,T-celle/histiocyttrikt storcellet B-cellelymfom,
5139,M96853,NORPAT,2017-10-14 22:00:00+00,,intravaskulært storcellet B-cellelymfom,
5140,M96873,NORPAT,2001-12-31 23:00:00+00,,Burkitts lymfom,
5141,M96876,NORPAT,2001-12-31 23:00:00+00,2017-10-13 22:00:00+00,Burkitts lymfom UNS (metastase),
5142,M96879,NORPAT,2001-12-31 23:00:00+00,2017-10-13 22:00:00+00,Burkitts lymfom UNS (usikker primærtumor/metastase),
5143,M96883,NORPAT,2019-01-15 23:00:00+00,,T-celle/histiocyttrikt storcellet B-cellelymfom,
5144,M96893,NORPAT,2001-12-31 23:00:00+00,,splenisk marginalsonelymfom,
5145,M96896,NORPAT,2001-12-31 23:00:00+00,2017-10-13 22:00:00+00,splenisk marginalsonelymfom (metastase),
5146,M96899,NORPAT,2001-12-31 23:00:00+00,2017-10-13 22:00:00+00,splenisk marginalsonelymfom (usikker primærtumor/metastase),
5147,M96903,NORPAT,2001-12-31 23:00:00+00,,follikulært lymfom,
5148,M96906,NORPAT,2001-12-31 23:00:00+00,2017-10-13 22:00:00+00,follikulært lymfom UNS (metastase),
5149,M96909,NORPAT,2001-12-31 23:00:00+00,2017-10-13 22:00:00+00,follikulært lymfom UNS (usikker primærtumor/metastase),
5150,M96913,NORPAT,2001-12-31 23:00:00+00,,follikulært lymfom grad 1-2,
5151,M96916,NORPAT,2001-12-31 23:00:00+00,2017-10-13 22:00:00+00,"follikulært lymfom, grad 1 (metastase)",
5152,M96919,NORPAT,2001-12-31 23:00:00+00,2017-10-13 22:00:00+00,"follikulært lymfom, grad 1 (usikker primærtumor/metastase)",
5153,M96953,NORPAT,2001-12-31 23:00:00+00,,follikulært lymfom grad 3A,
5154,M96956,NORPAT,2001-12-31 23:00:00+00,2017-10-13 22:00:00+00,"follikulært lymfom, grad 2 (metastase)",
5155,M96959,NORPAT,2001-12-31 23:00:00+00,2017-10-13 22:00:00+00,"follikulært lymfom, grad 2 (usikker primærtumor/metastase)",
5156,M96983,NORPAT,2001-12-31 23:00:00+00,,follikulært lymfom grad 3B,
5157,M96986,NORPAT,2001-12-31 23:00:00+00,2017-10-13 22:00:00+00,"follikulært lymfom, grad 3 (metastase)",
5158,M96989,NORPAT,2001-12-31 23:00:00+00,2017-10-13 22:00:00+00,"follikulært lymfom, grad 3 (usikker primærtumor/metastase)",
5159,M96993,NORPAT,2001-12-31 23:00:00+00,,marginalsone B-celle lymfom,
5160,M96996,NORPAT,2001-12-31 23:00:00+00,2017-10-13 22:00:00+00,marginalsone B-celle lymfom (metastase),
5161,M96999,NORPAT,2001-12-31 23:00:00+00,2017-10-13 22:00:00+00,marginalsone B-celle lymfom (usikker primærtumor/metastase),
5162,M97003,NORPAT,2001-12-31 23:00:00+00,,mycosis fungoides,
5163,M97006,NORPAT,2001-12-31 23:00:00+00,2017-10-13 22:00:00+00,mycosis fungoides (metastase),
5164,M97009,NORPAT,2001-12-31 23:00:00+00,2017-10-13 22:00:00+00,mycosis fungoides (usikker primærtumor/metastase),
5165,M97013,NORPAT,2001-12-31 23:00:00+00,,Sezarys syndrom,
5166,M97016,NORPAT,2001-12-31 23:00:00+00,2017-10-13 22:00:00+00,Sezarys syndrom (metastase),
5167,M97019,NORPAT,2001-12-31 23:00:00+00,2017-10-13 22:00:00+00,Sezarys syndrom (usikker primærtumor/metastase),
5168,M97023,NORPAT,2001-12-31 23:00:00+00,,perifer T-cellelymfom UNS,
5169,M97026,NORPAT,2001-12-31 23:00:00+00,2017-10-13 22:00:00+00,perifer T-celle lymfom UNS (metastase),
5170,M97029,NORPAT,2001-12-31 23:00:00+00,2017-10-13 22:00:00+00,perifer T-celle lymfom UNS (usikker primærtumor/metastase),
5171,M97053,NORPAT,2001-12-31 23:00:00+00,,angioimmunoblastisk T-cellelymfom,
5172,M97056,NORPAT,2001-12-31 23:00:00+00,2017-10-13 22:00:00+00,angioimmunoblastisk T-celle lymfom (metastase),
5173,M97059,NORPAT,2001-12-31 23:00:00+00,2017-10-13 22:00:00+00,angioimmunoblastisk T-celle lymfom (usikker primærtumor/metastase),
5174,M97063,NORPAT,2017-10-14 22:00:00+00,,primær kutan CD4-positiv små/medium T-celle lymfoproliferativ sykdom,
5175,M97083,NORPAT,2001-12-31 23:00:00+00,,subkutant pannikulitt-liknende T-cellelymfom,
5176,M97086,NORPAT,2001-12-31 23:00:00+00,2017-10-13 22:00:00+00,subkutant pannikulitt-liknende T-celle lymfom (metastase),
5177,M97089,NORPAT,2001-12-31 23:00:00+00,2017-10-13 22:00:00+00,subkutant pannikulitt-liknende T-celle lymfom (usikker primærtumor/metastase),
5178,M97093,NORPAT,2017-10-14 22:00:00+00,,kutant T-cellelymfom UNS,
5179,M97143,NORPAT,2001-12-31 23:00:00+00,,anaplastisk storcellet lymfom,
5180,M97146,NORPAT,2001-12-31 23:00:00+00,2017-10-13 22:00:00+00,anaplastisk storcellet lymfom (metastase),
5181,M97149,NORPAT,2001-12-31 23:00:00+00,2017-10-13 22:00:00+00,anaplastisk storcellet lymfom (usikker primærtumor/metastase),
5182,M97163,NORPAT,2001-12-31 23:00:00+00,,hepatosplenisk T-cellelymfom,
5183,M97166,NORPAT,2001-12-31 23:00:00+00,2017-10-13 22:00:00+00,hepatosplenisk T-celle lymfom (metastase),
5184,M97169,NORPAT,2001-12-31 23:00:00+00,2017-10-13 22:00:00+00,hepatosplenisk T-celle lymfom (usikker primærtumor/metastase),
5185,M97173,NORPAT,2001-12-31 23:00:00+00,,enteropati-type T-cellelymfom,
5186,M97176,NORPAT,2001-12-31 23:00:00+00,2017-10-13 22:00:00+00,enteropati-type T-celle lymfom (metastase),
5187,M97179,NORPAT,2001-12-31 23:00:00+00,2017-10-13 22:00:00+00,enteropati-type T-celle lymfom (usikker primærtumor/metastase),
5188,M97181,NORPAT,2001-12-31 23:00:00+00,,lymfomatoid papulose,
5189,M97182,NORPAT,2017-10-14 22:00:00+00,,"primært kutant anaplastisk storcellet lymfom, inkomplett remisjon",
5190,M97183,NORPAT,2001-12-31 23:00:00+00,,primært kutant anaplastisk storcellet lymfom,
5191,M97186,NORPAT,2001-12-31 23:00:00+00,2017-10-13 22:00:00+00,primært kutant anaplastisk storcellet lymfom (metastase),
5192,M97189,NORPAT,2001-12-31 23:00:00+00,2017-10-13 22:00:00+00,primært kutant anaplastisk storcellet lymfom (usikker primærtumor/metastase),
5193,M97193,NORPAT,2001-12-31 23:00:00+00,,"ekstranodalt NK/T-cellelymfom, nasal type",
5194,M97196,NORPAT,2001-12-31 23:00:00+00,2017-10-13 22:00:00+00,"ekstranodalt NK/T-cellelymfom, nasal type (metastase)",
5195,M97199,NORPAT,2001-12-31 23:00:00+00,2017-10-13 22:00:00+00,"ekstranodalt NK/T-cellelymfom, nasal type (usikker primærtumor/metastase)",
5196,M971A3,NORPAT,2017-10-14 22:00:00+00,,"anaplastisk storcellet lymfom, ALK negativt",
5197,M971B3,NORPAT,2017-10-14 22:00:00+00,,"anaplastisk storcellet lymfom, ALK positivt",
5198,M97243,NORPAT,2017-10-14 22:00:00+00,,systemisk EBV+ T-cellelymfom hos barn,
5199,M97253,NORPAT,2017-10-14 22:00:00+00,,hydroa vacciniforme-liknende lymfom,
5200,M97263,NORPAT,2017-10-14 22:00:00+00,,primært kutant gamma-delta T-cellelymfom,
5201,M97273,NORPAT,2001-12-31 23:00:00+00,,blastisk plasmacytoid dendrittisk celleneoplasi,
5202,M97276,NORPAT,2001-12-31 23:00:00+00,2017-10-13 22:00:00+00,blastisk NK-celle lymfom (metastase),
5203,M97279,NORPAT,2001-12-31 23:00:00+00,2017-10-13 22:00:00+00,blastisk NK-celle lymfom (usikker primærtumor/metastase),
5204,M97283,NORPAT,2001-12-31 23:00:00+00,2017-10-13 22:00:00+00,B-lymfoblastisk lymfom,
5205,M97286,NORPAT,2001-12-31 23:00:00+00,2017-10-13 22:00:00+00,B-lymfoblastisk lymfom (metastase),
5206,M97289,NORPAT,2001-12-31 23:00:00+00,2017-10-13 22:00:00+00,B-lymfoblastisk lymfom (usikker primærtumor/metastase),
5207,M97293,NORPAT,2001-12-31 23:00:00+00,2017-10-13 22:00:00+00,T-lymfoblastisk lymfom,
5208,M97296,NORPAT,2001-12-31 23:00:00+00,2017-10-13 22:00:00+00,T-lymfoblastisk lymfom (metastase),
5209,M97299,NORPAT,2001-12-31 23:00:00+00,2017-10-13 22:00:00+00,T-lymfoblastisk lymfom (usikker primærtumor/metastase),
5210,M97313,NORPAT,2001-12-31 23:00:00+00,,plasmacytom,
5211,M97316,NORPAT,2001-12-31 23:00:00+00,2017-10-13 22:00:00+00,solitært plasmacytom i ben (metastase),
5212,M97319,NORPAT,2001-12-31 23:00:00+00,2017-10-13 22:00:00+00,solitært plasmacytom i ben (usikker primærtumor/metastase),
5213,M97321,NORPAT,2017-10-14 22:00:00+00,,monoklonal plasmacelleproliferasjon,
5214,M97323,NORPAT,2001-12-31 23:00:00+00,,plasmacellemyelom (myelomatose),
5215,M97326,NORPAT,2001-12-31 23:00:00+00,2017-10-13 22:00:00+00,plasmacellemyelom (myelomatose) (metastase),
5216,M97329,NORPAT,2001-12-31 23:00:00+00,2017-10-13 22:00:00+00,plasmacellemyelom (myelomatose) (usikker primærtumor/metastase),
5217,M97343,NORPAT,2001-12-31 23:00:00+00,,ekstraossøst plasmacytom,
5218,M97346,NORPAT,2001-12-31 23:00:00+00,2017-10-13 22:00:00+00,ekstraossøst plasmacytom (metastase),
5219,M97349,NORPAT,2001-12-31 23:00:00+00,2017-10-13 22:00:00+00,ekstraossøst plasmacytom (usikker primærtumor/metastase),
5220,M97353,NORPAT,2017-10-14 22:00:00+00,,plasmablastisk lymfom,
5221,M97373,NORPAT,2017-10-14 22:00:00+00,,"storcellet B-celle lymfom, ALK-positivt",
5222,M97383,NORPAT,2017-10-14 22:00:00+00,,"storcellet B-lymfom, HHV8-ass multisentrisk Castleman sykdom",
5223,M97401,NORPAT,2001-12-31 23:00:00+00,,mastocytom,
5224,M97403,NORPAT,2001-12-31 23:00:00+00,,mastcellesarkom,
5225,M97406,NORPAT,2001-12-31 23:00:00+00,,mastcellesarkom (metastase),
5226,M97409,NORPAT,2001-12-31 23:00:00+00,,mastcellesarkom (usikker primærtumor/metastase),
5227,M97410,NORPAT,2017-10-14 22:00:00+00,,mastocytose,
5228,M97411,NORPAT,2001-12-31 23:00:00+00,,indolent systemisk mastocytose,
5229,M97413,NORPAT,2001-12-31 23:00:00+00,,systemisk mastocytose,
5230,M97416,NORPAT,2001-12-31 23:00:00+00,2017-10-13 22:00:00+00,systemisk mastocytose med assosiert annen klonal hematologisk sykdom (metastase),
5231,M97419,NORPAT,2001-12-31 23:00:00+00,2017-10-13 22:00:00+00,systemisk mastocytose med assosiert annen klonal hematologisk sykdom (usikker primærtumor/metastase),
5232,M9741A,NORPAT,2017-10-14 22:00:00+00,,telangiectasia macularis eruptiva perstans,
5233,M97423,NORPAT,2001-12-31 23:00:00+00,,mastcelleleukemi,
5234,M97426,NORPAT,2001-12-31 23:00:00+00,2017-10-13 22:00:00+00,mastcelleleukemi (metastase),
5235,M97429,NORPAT,2001-12-31 23:00:00+00,2017-10-13 22:00:00+00,mastcelleleukemi (usikker primærtumor/metastase),
5236,M97433,NORPAT,2017-10-14 22:00:00+00,,systemisk mastocytose med assosiert annen klonal hematologisk sykdom,
5237,M97511,NORPAT,2001-12-31 23:00:00+00,,langerhanscellehistocytose,
5238,M97553,NORPAT,2001-12-31 23:00:00+00,,histiocytært sarkom,
5239,M97556,NORPAT,2001-12-31 23:00:00+00,2017-10-13 22:00:00+00,histiocytært sarkom (metastase),
5240,M97559,NORPAT,2001-12-31 23:00:00+00,2017-10-13 22:00:00+00,histiocytært sarkom (usikker primærtumor/metastase),
5241,M97563,NORPAT,2001-12-31 23:00:00+00,,langerhanscellesarkom,
5242,M97566,NORPAT,2001-12-31 23:00:00+00,2017-10-13 22:00:00+00,langerhanscellesarkom (metastase),
5243,M97569,NORPAT,2001-12-31 23:00:00+00,2017-10-13 22:00:00+00,langerhanscellesarkom (usikker primærtumor/metastase),
5244,M97571,NORPAT,2001-12-31 23:00:00+00,2017-10-13 22:00:00+00,interdigiterende dendrittisk celle tumor,
5245,M97573,NORPAT,2001-12-31 23:00:00+00,,interdigiterende dendrittcellesarkom,
5246,M97576,NORPAT,2001-12-31 23:00:00+00,2017-10-13 22:00:00+00,interdigiterende dendrittisk celle sarkom (metastase),
5247,M97579,NORPAT,2001-12-31 23:00:00+00,2017-10-13 22:00:00+00,interdigiterende dendrittisk celle sarkom (usikker primærtumor/metastase),
5248,M97581,NORPAT,2001-12-31 23:00:00+00,2017-10-13 22:00:00+00,follikulær dendrittisk celle tumor,
5249,M97583,NORPAT,2001-12-31 23:00:00+00,,follikulær dendrittcellesarkom,
5250,M97586,NORPAT,2001-12-31 23:00:00+00,2017-10-13 22:00:00+00,follikulær dendrittisk celle sarkom (metastase),
5251,M97589,NORPAT,2001-12-31 23:00:00+00,2017-10-13 22:00:00+00,follikulær dendrittisk celle sarkom (usikker primærtumor/metastase),
5252,M97593,NORPAT,2017-10-14 22:00:00+00,,fibroblastisk retikulærcelletumor,
5253,M975B1,NORPAT,2017-10-14 22:00:00+00,,disseminert juvenilt xantogranulom,
5254,M97603,NORPAT,2001-12-31 23:00:00+00,2017-10-13 22:00:00+00,immunoproliferativ sykdom UNS,
5255,M97606,NORPAT,2001-12-31 23:00:00+00,2017-10-13 22:00:00+00,immunoproliferativ sykdom UNS (metastase),
5256,M97609,NORPAT,2001-12-31 23:00:00+00,2017-10-13 22:00:00+00,immunoproliferativ sykdom UNS (usikker primærtumor/metastase),
5257,M97623,NORPAT,2001-12-31 23:00:00+00,2017-10-13 22:00:00+00,Tung-kjede sykdom,
5258,M97626,NORPAT,2001-12-31 23:00:00+00,2017-10-13 22:00:00+00,Tung-kjede sykdom (metastase),
5259,M97629,NORPAT,2001-12-31 23:00:00+00,2017-10-13 22:00:00+00,Tung-kjede sykdom (usikker primærtumor/metastase),
5260,M97643,NORPAT,2001-12-31 23:00:00+00,2017-10-13 22:00:00+00,immunoproliferativ tynntarmsykdom,
5261,M97646,NORPAT,2001-12-31 23:00:00+00,2017-10-13 22:00:00+00,immunoproliferativ tynntarmsykdom (metastase),
5262,M97649,NORPAT,2001-12-31 23:00:00+00,2017-10-13 22:00:00+00,immunoproliferativ tynntarmsykdom (usikker primærtumor/metastase),
5263,M97651,NORPAT,2001-12-31 23:00:00+00,2017-10-13 22:00:00+00,monoklonal gammopati av usikker betydning,
5264,M97661,NORPAT,2001-12-31 23:00:00+00,,lymfomatoid granulomatose,
5265,M97671,NORPAT,2001-12-31 23:00:00+00,2017-10-13 22:00:00+00,angioimmunoblastisk lymfadenopati,
5266,M97691,NORPAT,2001-12-31 23:00:00+00,2017-10-13 22:00:00+00,primær amyloidose,
5267,M98003,NORPAT,2001-12-31 23:00:00+00,,leukemi,
5268,M98006,NORPAT,2001-12-31 23:00:00+00,2017-10-13 22:00:00+00,leukemisk infiltrat UNS,
5269,M98009,NORPAT,2001-12-31 23:00:00+00,2017-10-13 22:00:00+00,leukemi UNS (usikker primærtumor/metastase),
5270,M98013,NORPAT,2001-12-31 23:00:00+00,,akutt udifferensiert leukemi,
5271,M98016,NORPAT,2001-12-31 23:00:00+00,2017-10-13 22:00:00+00,akutt leukemi UNS (metastase),
5272,M98019,NORPAT,2001-12-31 23:00:00+00,2017-10-13 22:00:00+00,akutt leukemi UNS (usikker primærtumor/metastase),
5273,M98023,NORPAT,2001-12-31 23:00:00+00,2017-10-13 22:00:00+00,subakutt leukemi UNS,
5274,M98026,NORPAT,2001-12-31 23:00:00+00,2017-10-13 22:00:00+00,subakutt leukemi UNS (metastase),
5275,M98029,NORPAT,2001-12-31 23:00:00+00,2017-10-13 22:00:00+00,subakutt leukemi UNS (usikker primærtumor/metastase),
5276,M98033,NORPAT,2001-12-31 23:00:00+00,2017-10-13 22:00:00+00,kronisk leukemi UNS,
5277,M98036,NORPAT,2001-12-31 23:00:00+00,2017-10-13 22:00:00+00,kronisk leukemi UNS (metastase),
5278,M98039,NORPAT,2001-12-31 23:00:00+00,2017-10-13 22:00:00+00,kronisk leukemi UNS (usikker primærtumor/metastase),
5279,M98043,NORPAT,2001-12-31 23:00:00+00,2017-10-13 22:00:00+00,aleukemisk leukemi UNS,
5280,M98046,NORPAT,2001-12-31 23:00:00+00,2017-10-13 22:00:00+00,aleukemisk leukemi UNS (metastase),
5281,M98049,NORPAT,2001-12-31 23:00:00+00,2017-10-13 22:00:00+00,aleukemisk leukemi UNS (usikker primærtumor/metastase),
5282,M98063,NORPAT,2017-10-14 22:00:00+00,,blandet fenotype akutt leukemi m t(9;22)(q34;q11.2);BCR-ABL1,
5283,M98073,NORPAT,2017-10-14 22:00:00+00,,blandet fenotype akutt leukemi m t(v;11q23); MLL rearrangement,
5284,M98083,NORPAT,2017-10-14 22:00:00+00,,akutt leukemi med blandet B/myeloid fenotype,
5285,M98093,NORPAT,2017-10-14 22:00:00+00,,akutt leukemi med blandet T/myeloid fenotype,
5286,M98103,NORPAT,2001-12-31 23:00:00+00,2017-10-13 22:00:00+00,leukemi av blandet type,
5287,M98106,NORPAT,2001-12-31 23:00:00+00,2017-10-13 22:00:00+00,leukemi av blandet type (metastase),
5288,M98109,NORPAT,2001-12-31 23:00:00+00,2017-10-13 22:00:00+00,leukemi av blandet type (usikker primærtumor/metastase),
5289,M98113,NORPAT,2017-10-14 22:00:00+00,,B-lymfoblastisk leukemi/lymfom UNS,
5290,M98123,NORPAT,2017-10-14 22:00:00+00,,B lymfoblastisk leukemi/lymfom m t(9;22)(q34;q11.2); BCR-ABL1,
5291,M98133,NORPAT,2017-10-14 22:00:00+00,,B lymfoblastisk leukemi/lymfom m t(v;11q23); MLL rearrangert,
5292,M98143,NORPAT,2017-10-14 22:00:00+00,,B lymfoblastisk leukemi/lymfom m t(12;21)(p13;q22); ETV6-RUNX1,
5293,M98153,NORPAT,2019-01-15 23:00:00+00,,B lymfoblastisk leukemi/lymfom med hyperdiploidi,
5294,M98163,NORPAT,2017-10-14 22:00:00+00,,B lymfoblastisk leukemi/lymfom med hypodiploidi,
5295,M98173,NORPAT,2017-10-14 22:00:00+00,,B lymfoblastisk leukemi/lymfom m t(5;14)(q31;q32); IL3-IGH,
5296,M98183,NORPAT,2017-10-14 22:00:00+00,,B lymfoblastisk leukemi/lymfom m t(1;19)(q23;p13.3); TCF3-PBX1,
5297,M98203,NORPAT,2001-12-31 23:00:00+00,2017-10-13 22:00:00+00,lymfatisk leukemi UNS,
5298,M98206,NORPAT,2001-12-31 23:00:00+00,2017-10-13 22:00:00+00,lymfatisk leukemi UNS (metastase),
5299,M98209,NORPAT,2001-12-31 23:00:00+00,2017-10-13 22:00:00+00,lymfatisk leukemi UNS (usikker primærtumor/metastase),
5300,M98213,NORPAT,2001-12-31 23:00:00+00,,akutt lymfatisk leukemi,
5301,M98216,NORPAT,2001-12-31 23:00:00+00,2017-10-13 22:00:00+00,akutt lymfatisk leukemi UNS (metastase),
5302,M98219,NORPAT,2001-12-31 23:00:00+00,2017-10-13 22:00:00+00,akutt lymfatisk leukemi UNS (usikker primærtumor/metastase),
5303,M98233,NORPAT,2001-12-31 23:00:00+00,,kronisk lymfatisk leukemi/småcellet lymfocytært lymfom,
5304,M98236,NORPAT,2001-12-31 23:00:00+00,2017-10-13 22:00:00+00,kronisk lymfatisk leukemi (metastase),
5305,M98239,NORPAT,2001-12-31 23:00:00+00,2017-10-13 22:00:00+00,kronisk lymfatisk leukemi (usikker primærtumor/metastase),
5306,M98256,NORPAT,2001-12-31 23:00:00+00,2017-10-13 22:00:00+00,prolymfocytt leukemi UNS (metastase),
5307,M98259,NORPAT,2001-12-31 23:00:00+00,2017-10-13 22:00:00+00,prolymfocytt leukemi UNS (usikker primærtumor/metastase),
5308,M98263,NORPAT,2001-12-31 23:00:00+00,2017-10-13 22:00:00+00,burkitt leukemi,
5309,M98266,NORPAT,2001-12-31 23:00:00+00,2017-10-13 22:00:00+00,burkitt leukemi (metastase),
5310,M98269,NORPAT,2001-12-31 23:00:00+00,2017-10-13 22:00:00+00,burkitt leukemi (usikker primærtumor/metastase),
5311,M98273,NORPAT,2001-12-31 23:00:00+00,,adult T-celle leukemi/lymfom,
5312,M98276,NORPAT,2001-12-31 23:00:00+00,2017-10-13 22:00:00+00,adult T-celle leukemi/lymfom (metastase),
5313,M98279,NORPAT,2001-12-31 23:00:00+00,2017-10-13 22:00:00+00,adult T-celle leukemi/lymfom (usikker primærtumor/metastase),
5314,M98303,NORPAT,2001-12-31 23:00:00+00,2017-10-13 22:00:00+00,plasmacelle leukemi,
5315,M98306,NORPAT,2001-12-31 23:00:00+00,2017-10-13 22:00:00+00,plasmacelle leukemi (metastase),
5316,M98309,NORPAT,2001-12-31 23:00:00+00,2017-10-13 22:00:00+00,plasmacelle leukemi (usikker primærtumor/metastase),
5317,M98311,NORPAT,2017-10-14 22:00:00+00,,storgranulær T-lymfocyttproliferasjon av usikker betydning,
5318,M98313,NORPAT,2001-12-31 23:00:00+00,,storgranulær T-lymfocytt leukemi,
5319,M98316,NORPAT,2001-12-31 23:00:00+00,2017-10-13 22:00:00+00,storgranulær T-lymfocytt leukemi (metastase),
5320,M98319,NORPAT,2001-12-31 23:00:00+00,2017-10-13 22:00:00+00,storgranulær T-lymfocytt leukemi (usikker primærtumor/metastase),
5321,M98333,NORPAT,2001-12-31 23:00:00+00,,B-prolymfocyttleukemi,
5322,M98336,NORPAT,2001-12-31 23:00:00+00,2017-10-13 22:00:00+00,B-prolymfocyttleukemi (metastase),
5323,M98339,NORPAT,2001-12-31 23:00:00+00,2017-10-13 22:00:00+00,B-prolymfocyttleukemi (usikker primærtumor/metastase),
5324,M98343,NORPAT,2001-12-31 23:00:00+00,,T-prolymfocyttleukemi,
5325,M98346,NORPAT,2001-12-31 23:00:00+00,2017-10-13 22:00:00+00,T-prolymfocyttleukemi (metastase),
5326,M98349,NORPAT,2001-12-31 23:00:00+00,2017-10-13 22:00:00+00,T-prolymfocyttleukemi (usikker primærtumor/metastase),
5327,M98353,NORPAT,2001-12-31 23:00:00+00,2017-10-13 22:00:00+00,akutt B-lymfoblastisk leukemi,
5328,M98356,NORPAT,2001-12-31 23:00:00+00,2017-10-13 22:00:00+00,akutt B-lymfoblastisk leukemi (metastase),
5329,M98359,NORPAT,2001-12-31 23:00:00+00,2017-10-13 22:00:00+00,akutt B-lymfoblastisk leukemi (usikker primærtumor/metastase),
5330,M98373,NORPAT,2001-12-31 23:00:00+00,,T-lymfoblastisk leukemi/lymfom,
5331,M98376,NORPAT,2001-12-31 23:00:00+00,2017-10-13 22:00:00+00,akutt T-lymfoblastisk leukemi (metastase),
5332,M98379,NORPAT,2001-12-31 23:00:00+00,2017-10-13 22:00:00+00,akutt T-lymfoblastisk leukemi (usikker primærtumor/metastase),
5333,M98381,NORPAT,2017-10-14 22:00:00+00,,kronisk NK-celle lymfoproliferativ sykdom,
5334,M98403,NORPAT,2001-12-31 23:00:00+00,,akutt erytroleukemi,
5335,M98406,NORPAT,2001-12-31 23:00:00+00,2017-10-13 22:00:00+00,"erytroleukemi UNS, FAB M6 (metastase)",
5336,M98409,NORPAT,2001-12-31 23:00:00+00,2017-10-13 22:00:00+00,"erytroleukemi UNS, FAB M6 (usikker primærtumor/metastase)",
5337,M98413,NORPAT,2001-12-31 23:00:00+00,2017-10-13 22:00:00+00,akutt erytremi,
5338,M98416,NORPAT,2001-12-31 23:00:00+00,2017-10-13 22:00:00+00,akutt erytremi (metastase),
5339,M98419,NORPAT,2001-12-31 23:00:00+00,2017-10-13 22:00:00+00,akutt erytremi (usikker primærtumor/metastase),
5340,M98423,NORPAT,2001-12-31 23:00:00+00,2017-10-13 22:00:00+00,kronisk erytremi,
5341,M98426,NORPAT,2001-12-31 23:00:00+00,2017-10-13 22:00:00+00,kronisk erytremi (metastase),
5342,M98429,NORPAT,2001-12-31 23:00:00+00,2017-10-13 22:00:00+00,kronisk erytremi (usikker primærtumor/metastase),
5343,M98506,NORPAT,2001-12-31 23:00:00+00,2017-10-13 22:00:00+00,lymfosarkomcelleleukemi (metastase),
5344,M98509,NORPAT,2001-12-31 23:00:00+00,2017-10-13 22:00:00+00,lymfosarkomcelleleukemi (usikker primærtumor/metastase),
5345,M98603,NORPAT,2001-12-31 23:00:00+00,2017-10-13 22:00:00+00,myelogen leukemi UNS,
5346,M98606,NORPAT,2001-12-31 23:00:00+00,2017-10-13 22:00:00+00,myelogen leukemi UNS (metastase),
5347,M98609,NORPAT,2001-12-31 23:00:00+00,2017-10-13 22:00:00+00,myelogen leukemi UNS (usikker primærtumor/metastase),
5348,M98613,NORPAT,2001-12-31 23:00:00+00,,akutt myelogen leukemi UNS,
5349,M98616,NORPAT,2001-12-31 23:00:00+00,2017-10-13 22:00:00+00,"akutt myelogen leukemi, FAB M1 og M2 (metastase)",
7579,T56140,NORPAT,2019-01-15 23:00:00+00,,periportal gallegang,7568
5350,M98619,NORPAT,2001-12-31 23:00:00+00,2017-10-13 22:00:00+00,"akutt myelogen leukemi, FAB M1 og M2 (usikker primærtumor/metastase)",
5351,M98623,NORPAT,2001-12-31 23:00:00+00,2017-10-13 22:00:00+00,subakutt myelogen leukemi,
5352,M98626,NORPAT,2001-12-31 23:00:00+00,2017-10-13 22:00:00+00,subakutt myelogen leukemi (metastase),
5353,M98629,NORPAT,2001-12-31 23:00:00+00,2017-10-13 22:00:00+00,subakutt myelogen leukemi (usikker primærtumor/metastase),
5354,M98633,NORPAT,2001-12-31 23:00:00+00,2017-10-13 22:00:00+00,kronisk myelogen leukemi,
5355,M98636,NORPAT,2001-12-31 23:00:00+00,2017-10-13 22:00:00+00,kronisk myelogen leukemi (metastase),
5356,M98639,NORPAT,2001-12-31 23:00:00+00,2017-10-13 22:00:00+00,kronisk myelogen leukemi (usikker primærtumor/metastase),
5357,M98653,NORPAT,2017-10-14 22:00:00+00,,akutt myelogen leukemi m t(6;9)(p23;q34);DEK-NUP214,
5358,M98663,NORPAT,2001-12-31 23:00:00+00,,"akutt promyelocyttleukemi med t(15;17)(q22;q12), (PML/RAR-alfa)",
5359,M98666,NORPAT,2001-12-31 23:00:00+00,2017-10-13 22:00:00+00,"akutt promyelocytt leukemi, FAB M3 (metastase)",
5360,M98669,NORPAT,2001-12-31 23:00:00+00,2017-10-13 22:00:00+00,"akutt promyelocytt leukemi, FAB M3 (usikker primærtumor/metastase)",
5361,M98673,NORPAT,2001-12-31 23:00:00+00,,akutt myelomonocyttleukemi,
5362,M98676,NORPAT,2001-12-31 23:00:00+00,2017-10-13 22:00:00+00,"akutt myelomonocyttleukemi, FAB M4 (metastase)",
5363,M98679,NORPAT,2001-12-31 23:00:00+00,2017-10-13 22:00:00+00,"akutt myelomonocyttleukemi, FAB M4 (usikker primærtumor/metastase)",
5364,M98693,NORPAT,2017-10-14 22:00:00+00,,AML m inv(3)(q21q26.2)el t(3;3)(q21;q26.2);RPN1-EVI1,
5365,M98703,NORPAT,2017-10-14 22:00:00+00,,akutt basofil leukemi,
5366,M98713,NORPAT,2017-10-14 22:00:00+00,,"AML m. inv(16) (p13;q22) el. t(16;16)(p13;q22),(CBFß/MYH11)",
5367,M98723,NORPAT,2017-10-14 22:00:00+00,,akutt myelogen leukemi med minimal differensiering,
5368,M98733,NORPAT,2017-10-14 22:00:00+00,,akutt myelogen leukemi uten modning,
5369,M98743,NORPAT,2017-10-14 22:00:00+00,,akutt myelogen leukemi med modning,
5370,M98753,NORPAT,2017-10-14 22:00:00+00,,"kronisk myelogen leukemi, BCR-ABL1 positiv",
5371,M98763,NORPAT,2017-10-14 22:00:00+00,,"atypisk kronisk myelogen leukemi, BCR-ABL1 negativ",
5372,M98803,NORPAT,2001-12-31 23:00:00+00,2017-10-13 22:00:00+00,eosinofil leukemi,
5373,M98806,NORPAT,2001-12-31 23:00:00+00,2017-10-13 22:00:00+00,eosinofil leukemi (metastase),
5374,M98809,NORPAT,2001-12-31 23:00:00+00,2017-10-13 22:00:00+00,eosinofil leukemi (usikker primærtumor/metastase),
5375,M98903,NORPAT,2001-12-31 23:00:00+00,2017-10-13 22:00:00+00,monocyttleukemi UNS,
5376,M98906,NORPAT,2001-12-31 23:00:00+00,2017-10-13 22:00:00+00,monocyttleukemi UNS (metastase),
5377,M98909,NORPAT,2001-12-31 23:00:00+00,2017-10-13 22:00:00+00,monocyttleukemi UNS (usikker primærtumor/metastase),
5378,M98913,NORPAT,2001-12-31 23:00:00+00,,akutt monocyttleukemi,
5379,M98916,NORPAT,2001-12-31 23:00:00+00,2017-10-13 22:00:00+00,"akutt monocyttleukemi, FAB M5 (metastase)",
5380,M98919,NORPAT,2001-12-31 23:00:00+00,2017-10-13 22:00:00+00,"akutt monocyttleukemi, FAB M5 (usikker primærtumor/metastase)",
5381,M98933,NORPAT,2001-12-31 23:00:00+00,2017-10-13 22:00:00+00,kronisk monocyttleukemi,
5382,M98936,NORPAT,2001-12-31 23:00:00+00,2017-10-13 22:00:00+00,kronisk monocyttleukemi (metastase),
5383,M98939,NORPAT,2001-12-31 23:00:00+00,2017-10-13 22:00:00+00,kronisk monocyttleukemi (usikker primærtumor/metastase),
5384,M98953,NORPAT,2017-10-14 22:00:00+00,,akutt myelogen leukemi med myelodysplasi-relaterte forandringer,
5385,M98963,NORPAT,2017-10-14 22:00:00+00,,akutt myelogen leukemi m t(8;21)(q22;q22)(AML1/ETO),
5386,M98973,NORPAT,2017-10-14 22:00:00+00,,akutt myelogen leukemi m t(9;11)(p22;q23);MLLT3-MLL,
5387,M98981,NORPAT,2017-10-14 22:00:00+00,,transient abnorm myelopoiese,
5388,M98983,NORPAT,2017-10-14 22:00:00+00,,myelogen leukemi assosiert med Downs syndrom,
5389,M99006,NORPAT,2001-12-31 23:00:00+00,2017-10-13 22:00:00+00,mastcelleleukemi (metastase),
5390,M99009,NORPAT,2001-12-31 23:00:00+00,2017-10-13 22:00:00+00,mastcelleleukemi (usikker primærtumor/metastase),
5391,M99103,NORPAT,2001-12-31 23:00:00+00,,akutt megakaryoblastleukemi,
5392,M99106,NORPAT,2001-12-31 23:00:00+00,2017-10-13 22:00:00+00,"akutt megakarioblast leukemi, FAB M7 (metastase)",
5393,M99109,NORPAT,2001-12-31 23:00:00+00,2017-10-13 22:00:00+00,"akutt megakarioblast leukemi, FAB M7 (usikker primærtumor/metastase)",
5394,M99203,NORPAT,2001-12-31 23:00:00+00,,terapirelatert myelogen neoplasi,
5395,M99206,NORPAT,2001-12-31 23:00:00+00,2017-10-13 22:00:00+00,kronisk megakariocytt og granulocytt myelose (metastase),
5396,M99209,NORPAT,2001-12-31 23:00:00+00,2017-10-13 22:00:00+00,kronisk megakariocytt og granulocytt myelose (usikker primærtumor/metastase),
5397,M99303,NORPAT,2001-12-31 23:00:00+00,,myeloid sarkom,
5398,M99306,NORPAT,2001-12-31 23:00:00+00,2017-10-13 22:00:00+00,myeloid sarkom (metastase),
5399,M99309,NORPAT,2001-12-31 23:00:00+00,2017-10-13 22:00:00+00,myeloid sarkom (usikker primærtumor/metastase),
5400,M99313,NORPAT,2001-12-31 23:00:00+00,,akutt panmyelose med myelofibrose,
5401,M99316,NORPAT,2001-12-31 23:00:00+00,2017-10-13 22:00:00+00,akutt panmyelose (metastase),
5402,M99319,NORPAT,2001-12-31 23:00:00+00,2017-10-13 22:00:00+00,akutt panmyelose (usikker primærtumor/metastase),
5403,M99323,NORPAT,2001-12-31 23:00:00+00,2017-10-13 22:00:00+00,akutt myelofibrose,
5404,M99326,NORPAT,2001-12-31 23:00:00+00,2017-10-13 22:00:00+00,akutt myelofibrose (metastase),
5405,M99329,NORPAT,2001-12-31 23:00:00+00,2017-10-13 22:00:00+00,akutt myelofibrose (usikker primærtumor/metastase),
5406,M99403,NORPAT,2001-12-31 23:00:00+00,,hårcelleleukemi,
5407,M99406,NORPAT,2001-12-31 23:00:00+00,2017-10-13 22:00:00+00,hårcelleleukemi (metastase),
5408,M99409,NORPAT,2001-12-31 23:00:00+00,2017-10-13 22:00:00+00,hårcelleleukemi (usikker primærtumor/metastase),
5409,M99453,NORPAT,2017-10-14 22:00:00+00,,kronisk myelomonocyttleukemi,
5410,M99463,NORPAT,2017-10-14 22:00:00+00,,juvenil myelomonocyttleukemi,
5411,M99483,NORPAT,2001-12-31 23:00:00+00,,aggressiv NK-celle leukemi,
5412,M99486,NORPAT,2001-12-31 23:00:00+00,2017-10-13 22:00:00+00,aggressiv NK-celle leukemi (metastase),
5413,M99489,NORPAT,2001-12-31 23:00:00+00,2017-10-13 22:00:00+00,aggressiv NK-celle leukemi (usikker primærtumor/metastase),
5414,M99501,NORPAT,2001-12-31 23:00:00+00,2017-10-13 22:00:00+00,polycytemia vera,
5415,M99503,NORPAT,2017-10-14 22:00:00+00,,polycytemia vera,
5416,M99511,NORPAT,2017-10-14 22:00:00+00,,"myeloid proliferasjon, usikker reaktiv/neoplastisk",
5417,M99601,NORPAT,2001-12-31 23:00:00+00,2017-10-13 22:00:00+00,kronisk myeloproliferativ sykdom UNS,
5418,M99611,NORPAT,2001-12-31 23:00:00+00,2017-10-13 22:00:00+00,myelosklerose med myeloid metaplasi,
5419,M99613,NORPAT,2017-10-14 22:00:00+00,,myelofibrose,
5420,M99621,NORPAT,2001-12-31 23:00:00+00,2017-10-13 22:00:00+00,essensiell trombocytemi,
5421,M99623,NORPAT,2017-10-14 22:00:00+00,,essensiell trombocytemi,
5422,M99633,NORPAT,2017-10-14 22:00:00+00,,kronisk nøytrofil leukemi,
5423,M99643,NORPAT,2017-10-14 22:00:00+00,,kronisk eosinofil leukemi,
5424,M99653,NORPAT,2017-10-14 22:00:00+00,,myeloproliferativ neoplasi UNS,
5425,M99663,NORPAT,2017-10-14 22:00:00+00,,myelogen neoplasi med PDGFRB rearrangering,
5426,M99673,NORPAT,2017-10-14 22:00:00+00,,myelogen og lymfoid neoplasi med FGFR1 abnormiteter,
5427,M99683,NORPAT,2001-12-31 23:00:00+00,2017-10-13 22:00:00+00,"kronisk myelomonocytt leukemi, MDS 4",
5428,M99686,NORPAT,2001-12-31 23:00:00+00,2017-10-13 22:00:00+00,"kronisk myelomonocytt leukemi, MDS 4 (metastase)",
5429,M99689,NORPAT,2001-12-31 23:00:00+00,2017-10-13 22:00:00+00,"kronisk myelomonocytt leukemi, MDS 4 (usikker primærtumor/metastase)",
5430,M99691,NORPAT,2001-12-31 23:00:00+00,2017-10-13 22:00:00+00,lymfoproliferativ sykdom UNS,
5431,M99701,NORPAT,2001-12-31 23:00:00+00,2017-10-13 22:00:00+00,"post-transplantasjons-lymfoproliferativ sykdom, polymorf",
5432,M99711,NORPAT,2017-10-14 22:00:00+00,,post-transplantasjon lymfoproliferativ sykdom,
5433,M99713,NORPAT,2017-10-14 22:00:00+00,,polymorf post-transplantasjon lymfoproliferativ sykdom,
5434,M99753,NORPAT,2017-10-14 22:00:00+00,,uklassifiserbar myelodysplastisk/myeloproliferativ neoplasi,
5435,M99803,NORPAT,2017-10-14 22:00:00+00,,refraktær anemi,
5436,M99811,NORPAT,2001-12-31 23:00:00+00,2017-10-13 22:00:00+00,"refraktær anemi, MDS 1",
5437,M99821,NORPAT,2001-12-31 23:00:00+00,2017-10-13 22:00:00+00,"refraktær anemi med sideroblaster, MDS 2",
5438,M99823,NORPAT,2017-10-14 22:00:00+00,,refraktær anemi med ringsideroblaster,
5439,M99831,NORPAT,2001-12-31 23:00:00+00,2017-10-13 22:00:00+00,"refraktær anemi med øket antall blaster, MDS 3",
5440,M99833,NORPAT,2017-10-14 22:00:00+00,,refraktær anemi med blastøkning,
5441,M99841,NORPAT,2001-12-31 23:00:00+00,2017-10-13 22:00:00+00,refraktær anemi med øket antall blaster i transformasjon (MDS 5),
5442,M99853,NORPAT,2017-10-14 22:00:00+00,,refraktær cytopeni med multilinjedysplasi,
5443,M99863,NORPAT,2017-10-14 22:00:00+00,,myelodysplastisk syndrom med isoleret del(5q) kromosomavvik,
5444,M99891,NORPAT,2001-12-31 23:00:00+00,2017-10-13 22:00:00+00,myelodysplastisk syndrom UNS,
5445,M99893,NORPAT,2017-10-14 22:00:00+00,,myelodysplastisk syndrom UNS,
5446,M99903,NORPAT,2001-12-31 23:00:00+00,,malignt tumorvev ikke påvist,
5447,M99906,NORPAT,2001-12-31 23:00:00+00,,metastase ikke påvist,
5448,M99909,NORPAT,2001-12-31 23:00:00+00,2017-10-13 22:00:00+00,malignt tumorvev ikke påvist (usikker primærtumor/metastase),
5449,M99913,NORPAT,2017-10-14 22:00:00+00,,refraktær nøytropeni,
5450,M99923,NORPAT,2017-10-14 22:00:00+00,,refraktær trombocytopeni,
5451,P00000,NORPAT,2019-01-15 23:00:00+00,,prosedyre,
5452,P00010,NORPAT,2001-12-31 23:00:00+00,,ukjent prosedyre,5451
5453,P00011,NORPAT,2017-10-14 22:00:00+00,,uspesifisert cytologisk prosedyre,5458
5454,P00015,NORPAT,2019-01-15 23:00:00+00,,eksfoliativ cytologi,5453
5455,P00016,NORPAT,2019-01-15 23:00:00+00,,børstecytologi,5453
5456,P00017,NORPAT,2019-01-15 23:00:00+00,,cytologisk avskrap,5453
5457,P00100,NORPAT,2019-01-15 23:00:00+00,,annen histologi,5451
5458,P00101,NORPAT,2020-01-30 23:00:00+00,,diagnostisk prosedyre,5451
5459,P00102,NORPAT,2020-01-30 23:00:00+00,,terapeutisk prosedyre,5451
5460,P00120,NORPAT,2001-12-31 23:00:00+00,2017-10-13 22:00:00+00,operativ prosedyre,
5461,P00200,NORPAT,2019-01-15 23:00:00+00,,pakkeforløp,
5462,P00222,NORPAT,2017-10-14 22:00:00+00,,kreftforløp prioritering 1,
5463,P00301,NORPAT,2017-10-14 22:00:00+00,,feil materiale,
5464,P00302,NORPAT,2017-10-14 22:00:00+00,,forbyttet materiale,
5465,P00303,NORPAT,2017-10-14 22:00:00+00,,materiale mottatt med manglende eller uriktige pasientdata,
5466,P00304,NORPAT,2017-10-14 22:00:00+00,,uoverensstemmelse mellom opplysninger på rekvisisjon og beholder,
5467,P00305,NORPAT,2017-10-14 22:00:00+00,,materiale tilsendt i feil fiksativ,
5468,P00306,NORPAT,2017-10-14 22:00:00+00,,materiale feilaktig tilsendt uten fiksativ,
5469,P00307,NORPAT,2017-10-14 22:00:00+00,,materiale ikke undersøkt,
5470,P00308,NORPAT,2017-10-14 22:00:00+00,,intet materiale mottatt,
5471,P00309,NORPAT,2017-10-14 22:00:00+00,,glasset knust ved mottagelse,
5472,P00310,NORPAT,2017-10-14 22:00:00+00,,materialet gått tapt under forsendelsen,
5473,P00311,NORPAT,2017-10-14 22:00:00+00,,materialet forsvunnet under preparering,
5474,P00312,NORPAT,2017-10-14 22:00:00+00,,materialet skadet under preparering,
5475,P00313,NORPAT,2017-10-14 22:00:00+00,,materialet ikke endelig vurdert,
5476,P00390,NORPAT,2017-10-14 22:00:00+00,,se beskrivelse,
5477,P00400,NORPAT,2019-01-15 23:00:00+00,,ferskt materiale,
5478,P00401,NORPAT,2019-01-15 23:00:00+00,,materiale på ikke-fikserende vevstransportmiddel,
5479,P00402,NORPAT,2019-01-15 23:00:00+00,,materiale på fikseringsvæske,
5480,P00403,NORPAT,2019-01-15 23:00:00+00,,ufargede mikroskopiglass,
5481,P00404,NORPAT,2019-01-15 23:00:00+00,,fargede mikroskopiglass,
5482,P00405,NORPAT,2019-01-15 23:00:00+00,,preparerte blokker,
5483,P00406,NORPAT,2019-01-15 23:00:00+00,,frossent vev,
5484,P00407,NORPAT,2019-01-15 23:00:00+00,,digital fremstilling av prøvemateriale,
5485,P00408,NORPAT,2019-01-15 23:00:00+00,,merket eller orientert preparat,
5486,P00409,NORPAT,2020-01-30 23:00:00+00,,skyllevæske,5453
5487,P00410,NORPAT,2021-12-31 23:00:00+00,,ufargede frysesnitt på mikroskopiglass,
5488,P00500,NORPAT,2019-01-15 23:00:00+00,,molekylærpatologi,5738
5489,P01541,NORPAT,2019-01-15 23:00:00+00,,livmorhalsprøve pga. symptomer/funn,
5490,P01542,NORPAT,2019-01-15 23:00:00+00,,oppfølging av celleforandringer og/eller positiv HPV-test,
5491,P01543,NORPAT,2019-01-15 23:00:00+00,,oppfølging etter konisering,
5492,P01544,NORPAT,2019-01-15 23:00:00+00,,ukjent årsak til livmorhalsprøve,
5493,P04010,NORPAT,2017-10-14 22:00:00+00,,ny prøve pga. tidligere funn,
5494,P04800,NORPAT,2017-10-14 22:00:00+00,,behandlingsrespons,
5495,P04810,NORPAT,2001-12-31 23:00:00+00,,ingen behandlingsrespons,5494
5496,P04820,NORPAT,2001-12-31 23:00:00+00,,liten behandlingsrespons,5494
5497,P04840,NORPAT,2001-12-31 23:00:00+00,,god behandlingsrespons,5494
5498,P04850,NORPAT,2001-12-31 23:00:00+00,,meget god behandlingsrespons,5494
5499,P05100,NORPAT,2001-12-31 23:00:00+00,,komplikasjon som ikke var mulig å forhindre,
5500,P05120,NORPAT,2001-12-31 23:00:00+00,,komplikasjon som kunne ha vært forhindret,
5501,P05200,NORPAT,2001-12-31 23:00:00+00,,dødsfall som ikke var mulig å forhindre,
5502,P05210,NORPAT,2001-12-31 23:00:00+00,,dødsfall som kunne ha vært forhindret,
5503,P06000,NORPAT,2001-12-31 23:00:00+00,,screening,5458
5504,P06001,NORPAT,2017-10-14 22:00:00+00,,HPV primærscreening,5503
5505,P06002,NORPAT,2021-12-31 23:00:00+00,,HPV sekundærscreening,5503
5506,P06010,NORPAT,2017-10-14 22:00:00+00,,prøve med i mammografiscreeningprogrammet,5503
5507,P06020,NORPAT,2021-01-28 23:00:00+00,,prøve med i tarmscreeningprogrammet,5503
5508,P08000,NORPAT,2001-12-31 23:00:00+00,,CT-undersøkelse,
5509,P09000,NORPAT,2001-12-31 23:00:00+00,,MR-undersøkelse,
5510,P10000,NORPAT,2001-12-31 23:00:00+00,,incisjon,
5511,P10010,NORPAT,2001-12-31 23:00:00+00,2017-10-13 22:00:00+00,eksplorativ incisjon,
5512,P10200,NORPAT,2001-12-31 23:00:00+00,2017-10-13 22:00:00+00,eksplorativ incisjon med biopsi,
5513,P10250,NORPAT,2001-12-31 23:00:00+00,,incisjon med biopsi,5558
5514,P10300,NORPAT,2001-12-31 23:00:00+00,,incisjon og fjernelse,5527
5515,P10310,NORPAT,2001-12-31 23:00:00+00,,incisjon og fullstendig fjernelse,5527
5516,P10320,NORPAT,2001-12-31 23:00:00+00,,incisjon og delvis fjernelse,5527
5517,P10400,NORPAT,2017-10-14 22:00:00+00,,sectio caesarea,5621
5518,P10500,NORPAT,2017-10-14 22:00:00+00,,laparoskopisk prosedyre,
5519,P10600,NORPAT,2001-12-31 23:00:00+00,2017-10-13 22:00:00+00,transseksjon UNS,
5520,P10850,NORPAT,2001-12-31 23:00:00+00,,punksjon og drenasje,5453
5521,P10990,NORPAT,2019-01-15 23:00:00+00,,eviscerasjon,5527
5522,P10991,NORPAT,2019-01-15 23:00:00+00,,ekstirpasjon,5527
5523,P10992,NORPAT,2019-01-15 23:00:00+00,,glandeltoilette,5527
5524,P10993,NORPAT,2019-01-15 23:00:00+00,,ablatio,5527
5525,P10994,NORPAT,2019-01-15 23:00:00+00,,abrasjon,5458
5526,P10995,NORPAT,2019-01-15 23:00:00+00,,utskrap,5458
5527,P11000,NORPAT,2001-12-31 23:00:00+00,,reseksjon,5459
5528,P11001,NORPAT,2017-10-14 22:00:00+00,,reseksjon ved inflammasjon,5527
5529,P11002,NORPAT,2017-10-14 22:00:00+00,,reseksjon ved iskemi,5527
5530,P11003,NORPAT,2017-10-14 22:00:00+00,,reseksjon ved tumor,5527
5531,P11004,NORPAT,2017-10-14 22:00:00+00,,"reseksjon, profylaktisk",5527
5532,P11005,NORPAT,2022-12-31 23:00:00+00,,reseksjon ved motilitetsforstyrrelse,
5533,P11006,NORPAT,2019-01-15 23:00:00+00,,utvidet reseksjon,5527
5534,P11007,NORPAT,2019-01-15 23:00:00+00,,vid reseksjon,5527
5535,P11008,NORPAT,2019-01-15 23:00:00+00,,partiell reseksjon,5527
5536,P11009,NORPAT,2019-01-15 23:00:00+00,,lobektomi,5527
5537,P11010,NORPAT,2001-12-31 23:00:00+00,,lokal eksisjon,5527
5538,P11011,NORPAT,2001-12-31 23:00:00+00,,merkebiopsi,5527
5539,P11017,NORPAT,2017-10-14 22:00:00+00,,vaktpostlymfeknute,5527
5540,P11018,NORPAT,2017-10-14 22:00:00+00,,vaktpostlymfeknute ved mammakarsinom,5539
5541,P11019,NORPAT,2017-10-14 22:00:00+00,,vaktpostlymfeknute ved melanom,5539
5542,P11020,NORPAT,2001-12-31 23:00:00+00,,enukleasjon,5527
5543,P11030,NORPAT,2001-12-31 23:00:00+00,,kilereseksjon,5527
5544,P11040,NORPAT,2001-12-31 23:00:00+00,,subtotal reseksjon,5527
5545,P11041,NORPAT,2017-10-14 22:00:00+00,,segmentreseksjon,5527
5546,P11050,NORPAT,2001-12-31 23:00:00+00,,hemireseksjon,5527
5547,P11060,NORPAT,2001-12-31 23:00:00+00,,total reseksjon,5527
5548,P11090,NORPAT,2001-12-31 23:00:00+00,,reeksisjon,5527
5549,P11095,NORPAT,2019-01-15 23:00:00+00,,avulsjon,5527
5550,P11100,NORPAT,2001-12-31 23:00:00+00,,amputasjon,5527
5551,P11130,NORPAT,2001-12-31 23:00:00+00,,amputasjon med hemipelvektomi,5550
5552,P11190,NORPAT,2001-12-31 23:00:00+00,,reamputasjon,5550
5553,P11210,NORPAT,2001-12-31 23:00:00+00,,radikal eksisjon med lymfeknutedisseksjon,5527
5554,P11220,NORPAT,2001-12-31 23:00:00+00,,radikal blokkeksisjon,5527
5555,P11221,NORPAT,2019-01-15 23:00:00+00,,marginal eksisjon,5527
5556,P11222,NORPAT,2019-01-15 23:00:00+00,,kompartmentell eksisjon,5527
5557,P11250,NORPAT,2001-12-31 23:00:00+00,,eksenterasjon,5527
5558,P11300,NORPAT,2017-10-14 22:00:00+00,,biopsi,5458
5559,P11410,NORPAT,2001-12-31 23:00:00+00,,eksisjonsbiopsi,5558
5560,P11415,NORPAT,2017-10-14 22:00:00+00,,vakuumbiopsi,5558
5561,P11420,NORPAT,2001-12-31 23:00:00+00,,åpen biopsi,5558
5562,P11430,NORPAT,2001-12-31 23:00:00+00,,nålebiopsi,5558
5563,P11431,NORPAT,2017-10-14 22:00:00+00,,nålebiopsi uten mistanke om tumor,5562
5564,P11432,NORPAT,2020-01-30 23:00:00+00,,nålebiopsi ved mistanke om tumor,5562
5565,P11433,NORPAT,2017-10-14 22:00:00+00,2021-12-30 23:00:00+00,"nålebiopsi, primærtumor",5562
5566,P11436,NORPAT,2017-10-14 22:00:00+00,2021-12-30 23:00:00+00,"nålebiopsi, metastase",5562
5567,P11437,NORPAT,2021-12-31 23:00:00+00,,nålebiopsi ved transplantasjon,5562
5568,P11438,NORPAT,2021-12-31 23:00:00+00,,nålebiopsi ved sarkomutredning,5564
5569,P11439,NORPAT,2021-12-31 23:00:00+00,,nålebiopsi ved tumor med ukjent origo,5564
5570,P11440,NORPAT,2001-12-31 23:00:00+00,,punksjonscytologi,5453
5571,P11450,NORPAT,2001-12-31 23:00:00+00,,kombinert finnålsaspirasjon og biopsi,5558
5572,P11460,NORPAT,2001-12-31 23:00:00+00,,konisasjon,5527
5573,P11470,NORPAT,2001-12-31 23:00:00+00,,shavebiopsi,5558
5574,P11480,NORPAT,2001-12-31 23:00:00+00,,stansebiopsi,5558
5575,P11481,NORPAT,2017-10-14 22:00:00+00,,"stansebiopsi, lymfomstaging",5574
5576,P11482,NORPAT,2017-10-14 22:00:00+00,,"stansebiopsi, hematologi",5574
5577,P11483,NORPAT,2017-10-14 22:00:00+00,,"stansebiopsi, barneleukemi",5574
5578,P11484,NORPAT,2017-10-14 22:00:00+00,,"stansebiopsi, barnetumor",5574
5579,P11485,NORPAT,2017-10-14 22:00:00+00,,"stansebiopsi, metastase",5574
5580,P11490,NORPAT,2001-12-31 23:00:00+00,,finnålsbiopsi,5558
5581,P11495,NORPAT,2019-01-15 23:00:00+00,,knipebiopsi,5558
5582,P11497,NORPAT,2019-01-15 23:00:00+00,,biopsiavskrap,5558
5583,P11498,NORPAT,2019-01-15 23:00:00+00,,pipelle,5558
5584,P11500,NORPAT,2001-12-31 23:00:00+00,,biopsi anbefalt,
5585,P11540,NORPAT,2001-12-31 23:00:00+00,,curettage,5458
5586,P11600,NORPAT,2017-10-14 22:00:00+00,,morcellat,5527
5587,P11701,NORPAT,2019-01-15 23:00:00+00,,eksartikulasjon,5527
5588,P11750,NORPAT,2017-10-14 22:00:00+00,,brystbevarende kirurgi,5527
5589,P12000,NORPAT,2001-12-31 23:00:00+00,2017-10-13 22:00:00+00,injeksjon UNS,
5590,P12040,NORPAT,2001-12-31 23:00:00+00,2017-10-13 22:00:00+00,injeksjon av luft/gass,
5591,P13000,NORPAT,2001-12-31 23:00:00+00,2017-10-13 22:00:00+00,endoskopi UNS,
5592,P13300,NORPAT,2017-10-14 22:00:00+00,,endovaskulær biopsi,5558
5593,P13400,NORPAT,2001-12-31 23:00:00+00,,endoskopisk biopsi,5558
5594,P13402,NORPAT,2017-10-14 22:00:00+00,,endoskopisk slyngereseksjon,5593
5595,P13403,NORPAT,2019-01-15 23:00:00+00,,endoskopisk slyngereseksjon piecemeal,5593
5596,P13404,NORPAT,2017-10-14 22:00:00+00,,endoskopisk mucosareseksjon,5658
5597,P13405,NORPAT,2019-01-15 23:00:00+00,,endoskopisk submucosal disseksjon,5658
5598,P13406,NORPAT,2019-01-15 23:00:00+00,,endoskopisk fullveggsreseksjon,5658
5599,P13409,NORPAT,2019-01-15 23:00:00+00,,"endoskopisk materiale, prosedyre ukjent",5593
5600,P13410,NORPAT,2001-12-31 23:00:00+00,,endoskopisk børstecytologisk prøve,5455
5601,P13420,NORPAT,2017-10-14 22:00:00+00,,EBUS: endobronkial ultralydveiledet aspirasjon,5558
5602,P13430,NORPAT,2017-10-14 22:00:00+00,,kryobiopsi,5558
5603,P14000,NORPAT,2001-12-31 23:00:00+00,,plastisk operasjon,5527
5604,P14200,NORPAT,2001-12-31 23:00:00+00,,transplantasjon,5459
5605,P14360,NORPAT,2001-12-31 23:00:00+00,2017-10-13 22:00:00+00,autogen by-pass-transplantasjon,
5606,P14500,NORPAT,2001-12-31 23:00:00+00,2017-10-13 22:00:00+00,anlagt anastomose,
5607,P14510,NORPAT,2001-12-31 23:00:00+00,2017-10-13 22:00:00+00,anlagt shunt,
5608,P14520,NORPAT,2001-12-31 23:00:00+00,2017-10-13 22:00:00+00,anlagt stomi,
5609,P15030,NORPAT,2001-12-31 23:00:00+00,2017-10-13 22:00:00+00,termokauterisering,
5610,P15190,NORPAT,2001-12-31 23:00:00+00,2017-10-13 22:00:00+00,kryobehandling,
5611,P16000,NORPAT,2001-12-31 23:00:00+00,2017-10-13 22:00:00+00,suturering UNS,
5612,P16200,NORPAT,2001-12-31 23:00:00+00,2017-10-13 22:00:00+00,ligering UNS,
5613,P16201,NORPAT,2019-01-15 23:00:00+00,,sterilisering,5527
5614,P17000,NORPAT,2001-12-31 23:00:00+00,2017-10-13 22:00:00+00,manipulasjon UNS,
5615,P17400,NORPAT,2001-12-31 23:00:00+00,2017-10-13 22:00:00+00,vending UNS,
5616,P17510,NORPAT,2001-12-31 23:00:00+00,,vakuumekstraksjon,5621
5617,P17550,NORPAT,2001-12-31 23:00:00+00,2017-10-13 22:00:00+00,abortus provocatus,
5618,P17551,NORPAT,2017-10-14 22:00:00+00,2022-12-30 23:00:00+00,provosert abort,5620
5619,P17552,NORPAT,2017-10-14 22:00:00+00,2022-12-30 23:00:00+00,spontanabort,5620
5620,P1755A,NORPAT,2017-10-14 22:00:00+00,,abortmateriale,
5621,P17600,NORPAT,2001-12-31 23:00:00+00,,fødsel/forløsning,
5622,P17601,NORPAT,2017-10-14 22:00:00+00,,fødsel/forløsning flerling,5621
5623,P1X000,NORPAT,2001-12-31 23:00:00+00,2017-10-13 22:00:00+00,anestesi UNS,
5624,P1X010,NORPAT,2001-12-31 23:00:00+00,2017-10-13 22:00:00+00,generell anestesi UNS,
5625,P1X210,NORPAT,2001-12-31 23:00:00+00,2017-10-13 22:00:00+00,spinal anestesi,
5626,P1X220,NORPAT,2001-12-31 23:00:00+00,2017-10-13 22:00:00+00,epidural anestesi,
5627,P1X300,NORPAT,2001-12-31 23:00:00+00,2017-10-13 22:00:00+00,nerveblokade,
5628,P1X400,NORPAT,2001-12-31 23:00:00+00,2017-10-13 22:00:00+00,lokalanestesi UNS,
5629,P1X900,NORPAT,2001-12-31 23:00:00+00,2017-10-13 22:00:00+00,akupunktur UNS,
5630,P20002,NORPAT,2019-01-15 23:00:00+00,,CITO,
5631,P20700,NORPAT,2001-12-31 23:00:00+00,,"konsultasjonspreparat, tilsendt prøve",
5632,P20701,NORPAT,2001-12-31 23:00:00+00,,"konsultasjonspreparat, sendt til annet sted",
5633,P20702,NORPAT,2017-10-14 22:00:00+00,,"konsultasjonspreparat, innkalt prøve",
5634,P20703,NORPAT,2019-01-15 23:00:00+00,,mottak av prøvemateriale i laboratoriet,
5635,P20704,NORPAT,2019-01-15 23:00:00+00,,mottak av innkalt prøvemateriale fra annet laboratorium for sammenlikning eller ny vurdering,
5636,P20705,NORPAT,2019-01-15 23:00:00+00,,mottak av ikke-innkalt prøvemateriale for ny vurdering,
5637,P20706,NORPAT,2019-01-15 23:00:00+00,,utsendelse av prøvemateriale fra laboratoriet,
5638,P20707,NORPAT,2019-01-15 23:00:00+00,,utsendelse av prøvemateriale innkalt av andre,
5639,P20708,NORPAT,2019-01-15 23:00:00+00,,utsendelse av prøvemateriale for ny vurdering,
5640,P20709,NORPAT,2019-01-15 23:00:00+00,,regranskning av materiale fra eget arkiv,
5641,P2070A,NORPAT,2017-10-14 22:00:00+00,,konsultasjonspreparat,
5642,P20710,NORPAT,2017-10-14 22:00:00+00,,malign diagnose bekreftet av flere patologer,
5643,P20711,NORPAT,2019-01-15 23:00:00+00,,prøve gransket av flere,
5644,P20712,NORPAT,2021-12-31 23:00:00+00,,mottatt bearbeidet prøvemateriale,
5645,P20713,NORPAT,2021-12-31 23:00:00+00,,sende bearbeidet prøvemateriale for mikroskopisk vurdering hos annet laboratorium,
5646,P20714,NORPAT,2021-12-31 23:00:00+00,,motta bearbeidet prøvemateriale fra annet laboratorium for mikroskopisk vurdering,
5647,P29500,NORPAT,2019-01-15 23:00:00+00,,dokumentasjon av fysiske skader etter tortur,
5648,P30100,NORPAT,2001-12-31 23:00:00+00,2017-10-13 22:00:00+00,koronar angiografi,
5649,P30110,NORPAT,2001-12-31 23:00:00+00,,obduksjon,
5650,P30112,NORPAT,2017-10-14 22:00:00+00,,obduksjon uten nevropatologisk undersøkelse,5649
5651,P30113,NORPAT,2021-12-31 23:00:00+00,,obduksjon med nevropatologisk undersøkelse,5649
5652,P30115,NORPAT,2017-10-14 22:00:00+00,,nevropatologisk obduksjon,5649
5653,P30117,NORPAT,2017-10-14 22:00:00+00,,obduksjonsmateriale,5649
5654,P3014A,NORPAT,2020-01-30 23:00:00+00,,"obduksjon føtal, perinatal, neonatal",5649
5655,P3014C,NORPAT,2017-10-14 22:00:00+00,2020-01-29 23:00:00+00,perinatal obduksjon,
5656,P30160,NORPAT,2001-12-31 23:00:00+00,,rettsmedisinsk obduksjon,5649
5657,P30340,NORPAT,2001-12-31 23:00:00+00,,tverrfaglig møte,
5658,P30621,NORPAT,2019-01-15 23:00:00+00,,endoskopisk reseksjon,5527
5659,P30625,NORPAT,2021-12-31 23:00:00+00,,sponresektat,5527
5660,P30627,NORPAT,2021-12-31 23:00:00+00,,morcelleringsresektat,5527
5661,P30628,NORPAT,2019-01-15 23:00:00+00,,stykkevis reseksjon,5527
5662,P30700,NORPAT,2017-10-14 22:00:00+00,,revidert og endret diagnose,
5663,P30701,NORPAT,2017-10-14 22:00:00+00,,regranskning internt - diagnose rett,
5664,P30710,NORPAT,2021-12-31 23:00:00+00,,meldepliktig diagnose revidert til ikke-meldepliktig,
5665,P30755,NORPAT,2017-10-14 22:00:00+00,,supplerende undersøkelse av tidligere materiale,
5666,P30760,NORPAT,2019-01-15 23:00:00+00,,audit,
5667,P30820,NORPAT,2001-12-31 23:00:00+00,,frysesnitt,5527
5668,P30821,NORPAT,2001-12-31 23:00:00+00,,avvikende frysesnittdiagnose,
5669,P30822,NORPAT,2017-10-14 22:00:00+00,,frysesnittdiagnose rett,
5670,P3082X,NORPAT,2001-12-31 23:00:00+00,2017-10-13 22:00:00+00,telepatologi,
5671,P30830,NORPAT,2021-12-31 23:00:00+00,,telefonkonsultasjon,
5672,P30831,NORPAT,2017-10-14 22:00:00+00,,digital fjernpatologi,
5673,P30845,NORPAT,2017-10-14 22:00:00+00,,"MDT-konferanse, behandlingsbesluttende",
5674,P30846,NORPAT,2017-10-14 22:00:00+00,,"MDT-konferanse, postoperativ oppfølging",
5675,P30850,NORPAT,2017-10-14 22:00:00+00,,preparat vurdert av andre - diagnose rett,
5676,P30851,NORPAT,2017-10-14 22:00:00+00,,preparat vurdert av andre - diagnose endret,
5677,P30860,NORPAT,2019-01-15 23:00:00+00,,immunfluorescens,5458
5678,P30861,NORPAT,2001-12-31 23:00:00+00,2017-10-13 22:00:00+00,histologisk immunfluorescens-undersøkelse,
5679,P30862,NORPAT,2001-12-31 23:00:00+00,2017-10-13 22:00:00+00,cytologisk immunfluorescens-undersøkelse,
5680,P31000,NORPAT,2001-12-31 23:00:00+00,,punksjon utført av patolog,
5681,P31001,NORPAT,2019-01-15 23:00:00+00,,biopsi- eller cytologiprøve tatt fra pasient av patolog,5558
5682,P31002,NORPAT,2019-01-15 23:00:00+00,,cytologisk vurdering utenfor patologiavdeling,5453
5683,P31003,NORPAT,2019-01-15 23:00:00+00,,pasientnær vurdering av prøvematerialets representativitet,
5684,P31010,NORPAT,2021-01-28 23:00:00+00,,selvtatt prøve,
5685,P31060,NORPAT,2019-01-15 23:00:00+00,,finnålsaspirasjonscytologi,5453
5686,P31065,NORPAT,2017-10-14 22:00:00+00,,"punksjonscytologi, endoskopisk",5453
5687,P31066,NORPAT,2017-10-14 22:00:00+00,,"punksjonscytologi, endoskopisk øsofagealt ultralydveiledet (EUS)",5686
5688,P31067,NORPAT,2017-10-14 22:00:00+00,,"punksjonscytologi, endobronkial ultralydveiledet  (EBUS)",5686
5689,P31070,NORPAT,2017-10-14 22:00:00+00,,imprintundersøkelse,5453
5690,P31072,NORPAT,2020-01-30 23:00:00+00,,lage imprint,
5691,P31111,NORPAT,2017-10-14 22:00:00+00,,konvensjonell cytologisk prøve (direkte utstryk),5453
5692,P31112,NORPAT,2017-10-14 22:00:00+00,,"cytologisk screening, automatisert",5503
5693,P31115,NORPAT,2017-10-14 22:00:00+00,,væskebasert cytologisk prøve,5453
5694,P31116,NORPAT,2020-01-30 23:00:00+00,,cytologisk screening av hele preparatet,5503
5695,P31240,NORPAT,2017-10-14 22:00:00+00,,lage celleblokk,
5696,P31440,NORPAT,2017-10-14 22:00:00+00,2020-01-29 23:00:00+00,bronkioloalveolær lavage / selektivt skyll med differensialtelling,
5697,P31600,NORPAT,2001-12-31 23:00:00+00,2017-10-13 22:00:00+00,kromosomanalyse UNS,
5698,P3160A,NORPAT,2019-01-15 23:00:00+00,,cytometri,5458
5699,P3160X,NORPAT,2001-12-31 23:00:00+00,,flowcytometrisk undersøkelse,5698
5700,P3160Y,NORPAT,2001-12-31 23:00:00+00,,bildeanalytisk undersøkelse,5458
5701,P31800,NORPAT,2019-01-15 23:00:00+00,,håndtering av orientert preparat,
5702,P32000,NORPAT,2001-12-31 23:00:00+00,2017-10-13 22:00:00+00,non-koronar arteriell angiografi,
5703,P32120,NORPAT,2019-01-15 23:00:00+00,,rutinefarging av celler og vev,
5704,P32130,NORPAT,2019-01-15 23:00:00+00,,annen farging av celler og vev,
5705,P32141,NORPAT,2019-01-15 23:00:00+00,,fiksering av vev,
5706,P32142,NORPAT,2019-01-15 23:00:00+00,,makrobeskjæring og snittuttak,
5707,P32143,NORPAT,2019-01-15 23:00:00+00,,dekalsinering,
5708,P32144,NORPAT,2019-01-15 23:00:00+00,,dehydrering av vev,
5709,P32146,NORPAT,2019-01-15 23:00:00+00,,lage stor blokk,
5710,P32147,NORPAT,2019-01-15 23:00:00+00,,lage plastblokk,
5711,P32148,NORPAT,2019-01-15 23:00:00+00,,lage glass med snitt,
5712,P32149,NORPAT,2019-01-15 23:00:00+00,,lage glass med storsnitt,
5713,P32151,NORPAT,2019-01-15 23:00:00+00,,omstøping av vev i blokk,
5714,P32153,NORPAT,2019-01-15 23:00:00+00,,lage standardblokk,
5715,P32160,NORPAT,2019-01-15 23:00:00+00,,mikrodisseksjon,
5716,P32170,NORPAT,2019-01-15 23:00:00+00,,preparering av vev under stereomikroskop,
5717,P32171,NORPAT,2019-01-15 23:00:00+00,,lage kontrasterte grid til elektronmikroskopi,
5718,P32172,NORPAT,2019-01-15 23:00:00+00,,lage ikke-kontrasterte grid til elektronmikroskopi,
5719,P32220,NORPAT,2001-12-31 23:00:00+00,,immunfluorescens-undersøkelse,5677
5720,P32221,NORPAT,2001-12-31 23:00:00+00,,"immunfluorescens-undersøkelse, direkte teknikk",5719
5721,P32222,NORPAT,2001-12-31 23:00:00+00,,"immunfluorescens-undersøkelse, indirekte teknikk",5719
5722,P32260,NORPAT,2001-12-31 23:00:00+00,2017-10-13 22:00:00+00,histologisk autoradiografi UNS,
5723,P32261,NORPAT,2001-12-31 23:00:00+00,2017-10-13 22:00:00+00,cytologisk autoradiografi,
5724,P32380,NORPAT,2017-10-14 22:00:00+00,,fotografering av makropreparat,
5725,P32383,NORPAT,2019-01-15 23:00:00+00,,fotografering av makropreparat og dokumentasjon av snittuttak,
5726,P32384,NORPAT,2019-01-15 23:00:00+00,,"fotografering av makropreparat, dokumentasjon av snittuttak og avstand til reseksjonsrender",
5727,P32390,NORPAT,2017-10-14 22:00:00+00,,fotografering av snitt - mikrofoto,
5728,P32500,NORPAT,2001-12-31 23:00:00+00,,elektronmikroskopisk undersøkelse,5458
5729,P32510,NORPAT,2001-12-31 23:00:00+00,2017-10-13 22:00:00+00,transmisjon-elektronmikroskopisk undersøkelse,
5730,P32520,NORPAT,2001-12-31 23:00:00+00,2017-10-13 22:00:00+00,scanning-elektronmikroskopisk undersøkelse,
5731,P32900,NORPAT,2019-01-15 23:00:00+00,,morfometri,5700
5732,P32901,NORPAT,2019-01-15 23:00:00+00,,D-scoring,5488
5733,P32902,NORPAT,2019-01-15 23:00:00+00,,ploidi,5488
5734,P32910,NORPAT,2017-10-14 22:00:00+00,,digital billedanalyse,5700
5735,P32920,NORPAT,2019-01-15 23:00:00+00,,digitalisering av snitt,
5736,P32940,NORPAT,2017-10-14 22:00:00+00,,nedfrysning av vev/celler til biobank,
5737,P32990,NORPAT,2017-10-14 22:00:00+00,,opprenset DNA arkivert,
5738,P33000,NORPAT,2001-12-31 23:00:00+00,,genteknologisk undersøkelse,5458
5739,P33001,NORPAT,2001-12-31 23:00:00+00,,undersøkelse med polymerasekjedereaksjon-teknikk (PCR),5488
5740,P33002,NORPAT,2001-12-31 23:00:00+00,2017-10-13 22:00:00+00,in situ hybridisering med polymerasekjedereaksjon-teknikk,
5741,P33010,NORPAT,2001-12-31 23:00:00+00,2017-10-13 22:00:00+00,undersøkelse med Southern blotting-teknikk,
5742,P33011,NORPAT,2001-12-31 23:00:00+00,2017-10-13 22:00:00+00,undersøkelse med slot-blot-teknikk,
5743,P33020,NORPAT,2001-12-31 23:00:00+00,2017-10-13 22:00:00+00,undersøkelse med konstant denaturering gel-elektroforese-teknikk,
5744,P33430,NORPAT,2019-01-15 23:00:00+00,2022-12-30 23:00:00+00,sangersekvensering,5488
5745,P33431,NORPAT,2019-01-15 23:00:00+00,,DNA-pyrosekvensering,5488
5746,P33432,NORPAT,2019-01-15 23:00:00+00,,neste generasjons sekvensering (NGS),5488
5747,P33433,NORPAT,2019-01-15 23:00:00+00,,multiplex ligation-dependent probe amplification (MLPA),5488
5748,P33434,NORPAT,2019-01-15 23:00:00+00,2022-12-30 23:00:00+00,fragmentanalyser,5488
5749,P33435,NORPAT,2019-01-15 23:00:00+00,,matrise-basert kromosomanalyse,5488
5750,P33436,NORPAT,2021-12-31 23:00:00+00,,DNA-metyleringstest,5488
5751,P33437,NORPAT,2021-12-31 23:00:00+00,,mikrosatelitt instabilitet (MSI),5488
5752,P33438,NORPAT,2022-03-14 23:00:00+00,,RNA-ekspresjonsprofilering,5488
5753,P33439,NORPAT,2022-12-31 23:00:00+00,,DNA-metyleringsprofilering,5488
5754,P33450,NORPAT,2022-12-31 23:00:00+00,,"DNA-sangersekvensering, variant",5488
5755,P33451,NORPAT,2022-12-31 23:00:00+00,,"DNA-sangersekvensering, eksoner",5488
5756,P33452,NORPAT,2022-12-31 23:00:00+00,,"DNA-sangersekvensering, enkeltgen",5488
5757,P33453,NORPAT,2022-12-31 23:00:00+00,,RNA-sangersekvensering,5488
5758,P33460,NORPAT,2022-12-31 23:00:00+00,,DNA-fragmentanalyse,5488
5759,P33461,NORPAT,2022-12-31 23:00:00+00,,RNA-fragmentanalyse,5488
5760,P33462,NORPAT,2022-12-31 23:00:00+00,,DNA-real-time PCR,5488
5761,P33463,NORPAT,2022-12-31 23:00:00+00,,RNA-real-time PCR,5488
5762,P33464,NORPAT,2022-12-31 23:00:00+00,,DNA-digital dråpe PCR,5488
5763,P33465,NORPAT,2022-12-31 23:00:00+00,,RNA-digital dråpe PCR,5488
5764,P33500,NORPAT,2021-12-31 23:00:00+00,,utvidet dataanalyse og tolkning av sekvenseringsdata,5488
5765,P33501,NORPAT,2022-12-31 23:00:00+00,,sammenstilling av prøvesvar fra molekylærpatologi-analyser,5488
5766,P33530,NORPAT,2021-12-31 23:00:00+00,,"revurdering av preparat for utvidet molekylær analyse, seleksjon av vevsområde",5488
5767,P33540,NORPAT,2019-01-15 23:00:00+00,,celle-DNA ekstraksjon og lagring,5488
5768,P33541,NORPAT,2019-01-15 23:00:00+00,,celle-RNA ekstraksjon og lagring,5488
5769,P33542,NORPAT,2022-12-31 23:00:00+00,,celle-dyrkning og lagring,5488
5770,P33543,NORPAT,2022-12-31 23:00:00+00,,"celle-mikroskopisk-karyotyping, kreftceller",5488
5771,P33544,NORPAT,2022-12-31 23:00:00+00,,celle-ekstraksjon og lagring av cellefritt DNA,5488
5772,P33600,NORPAT,2017-10-14 22:00:00+00,,flowcytometri,5698
5773,P33700,NORPAT,2021-12-31 23:00:00+00,2022-03-13 23:00:00+00,gensekvensering analysepakke 1-100 gener,5488
5774,P33701,NORPAT,2021-12-31 23:00:00+00,2022-03-13 23:00:00+00,gensekvensering analysepakke 101-400 gener,5488
5775,P33702,NORPAT,2021-12-31 23:00:00+00,2022-03-13 23:00:00+00,gensekvensering analysepakke >400 gener,5488
5776,P33703,NORPAT,2021-12-31 23:00:00+00,,DNA-neste generasjons sekvensering (NGS) 1-100 gener,5746
5777,P33704,NORPAT,2021-12-31 23:00:00+00,,DNA-neste generasjons sekvensering (NGS) 101-400 gener,5746
5778,P33705,NORPAT,2021-12-31 23:00:00+00,,DNA-neste generasjons sekvensering (NGS) >400 gener,5746
5779,P33706,NORPAT,2022-03-14 23:00:00+00,,RNA-neste generasjons sekvensering (NGS) genpanel,5746
5780,P33707,NORPAT,2022-03-14 23:00:00+00,,RNA-neste generasjons sekvensering (NGS) transkriptom,5746
5781,P33708,NORPAT,2022-03-14 23:00:00+00,,DNA-kimbane neste generasjons sekvensering (NGS) 1-100 gener,5746
5782,P33709,NORPAT,2022-03-14 23:00:00+00,,DNA-kimbane neste generasjons sekvensering (NGS) 101-400 gener,5746
5783,P33710,NORPAT,2022-03-14 23:00:00+00,,DNA-kimbane neste generasjons sekvensering (NGS) >400 gener,5746
5784,P33760,NORPAT,2017-10-14 22:00:00+00,,in situ hybridisering,5458
5785,P33765,NORPAT,2019-01-15 23:00:00+00,,fluorescens in situ hybridisering (FISH),5784
5786,P33766,NORPAT,2019-01-15 23:00:00+00,,kromogen in situ hybridisering (CISH),5784
5787,P33767,NORPAT,2019-01-15 23:00:00+00,,sølv in situ hybridisering (SISH),5784
5788,P33830,NORPAT,2019-01-15 23:00:00+00,2022-12-30 23:00:00+00,polymerase chain reaction PCR,5488
5789,P33B37,NORPAT,2019-01-15 23:00:00+00,2022-12-30 23:00:00+00,reverse transcriptase polymerase chain reaction (RT-PCR),5488
5790,P33B38,NORPAT,2019-01-15 23:00:00+00,2022-12-30 23:00:00+00,Q-PCR (kvantitativ PCR),5488
5791,P33B39,NORPAT,2019-01-15 23:00:00+00,2022-12-30 23:00:00+00,digital PCR,5488
5792,P33B40,NORPAT,2022-03-14 23:00:00+00,,PCR reverse blot hybridisering,5488
5793,P34100,NORPAT,2022-12-31 23:00:00+00,,cfDNA-real-time PCR,5488
5794,P34101,NORPAT,2022-12-31 23:00:00+00,,cfDNA-digital dråpe PCR,5488
5795,P34102,NORPAT,2022-12-31 23:00:00+00,,cfDNA-neste generasjons sekvensering (NGS) 1-50 gener,5488
5796,P34103,NORPAT,2022-12-31 23:00:00+00,,cfDNA-neste generasjons sekvensering (NGS) 51-400 gener,5488
5797,P34104,NORPAT,2022-12-31 23:00:00+00,,cfDNA-neste generasjons sekvensering (NGS) >400 gener,5488
5798,P34500,NORPAT,2019-01-15 23:00:00+00,,immunhisto- og cytokjemisk farging,5458
5799,P36550,NORPAT,2001-12-31 23:00:00+00,,immunhistokjemisk undersøkelse,5798
5800,P36551,NORPAT,2001-12-31 23:00:00+00,,immuncytokjemisk undersøkelse,5798
5801,P36552,NORPAT,2017-10-14 22:00:00+00,,teknisk suboptimal immunhistokjemisk undersøkelse,
5802,P36553,NORPAT,2019-01-15 23:00:00+00,,programed death-ligand 1 staining method PDL,5798
5803,P36554,NORPAT,2019-01-15 23:00:00+00,,anaplastic lymphoma kinase staining method,5798
5804,P36555,NORPAT,2019-01-15 23:00:00+00,,HER2 (human epidermal vekstfaktor 2) immunhistokjemi,5798
5805,P36556,NORPAT,2021-12-31 23:00:00+00,,prediktiv immunhistokjemisk undersøkelse,5799
5806,P36557,NORPAT,2021-12-31 23:00:00+00,,ekstensiv manuell enzym- og immunfarging,5458
5807,P39000,NORPAT,2001-12-31 23:00:00+00,2017-10-13 22:00:00+00,perkutan transluminal angioplastikk innføres,
5808,P3A050,NORPAT,2019-01-15 23:00:00+00,,enzymfarging,5458
5809,P51100,NORPAT,2001-12-31 23:00:00+00,2017-10-13 22:00:00+00,kjemoterapi UNS,
5810,P54010,NORPAT,2001-12-31 23:00:00+00,2017-10-13 22:00:00+00,allergitest UNS,
5811,P54300,NORPAT,2001-12-31 23:00:00+00,2017-10-13 22:00:00+00,lystest,
5812,P54700,NORPAT,2001-12-31 23:00:00+00,2017-10-13 22:00:00+00,vaksinasjon UNS,
5813,P55100,NORPAT,2001-12-31 23:00:00+00,2017-10-13 22:00:00+00,desensibilisering UNS,
5814,P58180,NORPAT,2001-12-31 23:00:00+00,2017-10-13 22:00:00+00,PUVA-behandling UNS,
5815,P68500,NORPAT,2001-12-31 23:00:00+00,2017-10-13 22:00:00+00,hemodialyse UNS,
5816,P68600,NORPAT,2001-12-31 23:00:00+00,2017-10-13 22:00:00+00,peritoneal dialyse UNS,
5817,P70800,NORPAT,2001-12-31 23:00:00+00,2017-10-13 22:00:00+00,resuscitering UNS,
5818,P76700,NORPAT,2001-12-31 23:00:00+00,2017-10-13 22:00:00+00,kunstig ventilasjon UNS,
5819,P82750,NORPAT,2001-12-31 23:00:00+00,2017-10-13 22:00:00+00,manipulasjon UNS,
5820,PX0120,NORPAT,2001-12-31 23:00:00+00,,stereotaktisk prøvetaking,
5821,PX15X0,NORPAT,2001-12-31 23:00:00+00,,CT-veiledet prosedyre,
5822,PX9500,NORPAT,2001-12-31 23:00:00+00,,ultralydveiledet prosedyre,
5823,PYY000,NORPAT,2020-01-30 23:00:00+00,,forskningsprosjekt,
5824,S00700,NORPAT,2001-12-31 23:00:00+00,,infeksjon,
5825,S00710,NORPAT,2001-12-31 23:00:00+00,,systemisk infeksjon,
5826,S00720,NORPAT,2001-12-31 23:00:00+00,,lokal infeksjon,
5827,S00740,NORPAT,2001-12-31 23:00:00+00,,subklinisk infeksjon,
5828,S00760,NORPAT,2001-12-31 23:00:00+00,,blandingsinfeksjon,
5829,S00800,NORPAT,2001-12-31 23:00:00+00,,sepsis,
5830,S01010,NORPAT,2001-12-31 23:00:00+00,,infeksjon relatert til immunsuppresjon,
5831,S01020,NORPAT,2001-12-31 23:00:00+00,,venerisk sykdom,
5832,S01100,NORPAT,2001-12-31 23:00:00+00,,bakteriell infeksjon,
5833,S01110,NORPAT,2001-12-31 23:00:00+00,,aktinomykose,
5834,S01150,NORPAT,2001-12-31 23:00:00+00,,botulisme,
5835,S01180,NORPAT,2001-12-31 23:00:00+00,,kolera,
5836,S01190,NORPAT,2001-12-31 23:00:00+00,,difteri,
5837,S01210,NORPAT,2001-12-31 23:00:00+00,,erysipelas,
5838,S01230,NORPAT,2017-10-14 22:00:00+00,,erytrasma,
5839,S01290,NORPAT,2001-12-31 23:00:00+00,,gassgangren,
5840,S01310,NORPAT,2001-12-31 23:00:00+00,,gonoré,
5841,S01320,NORPAT,2001-12-31 23:00:00+00,,granuloma inguinale,
5842,S01330,NORPAT,2001-12-31 23:00:00+00,,impetigo,
5843,S01340,NORPAT,2001-12-31 23:00:00+00,,lepra,
5844,S01341,NORPAT,2001-12-31 23:00:00+00,,lepromatøs lepra,
5845,S01342,NORPAT,2001-12-31 23:00:00+00,,tuberkuloid lepra,
5846,S01344,NORPAT,2001-12-31 23:00:00+00,,borderline lepra,
5847,S01370,NORPAT,2001-12-31 23:00:00+00,,listeriose,
5848,S01420,NORPAT,2001-12-31 23:00:00+00,,meningokokksepsis,
5849,S01430,NORPAT,2001-12-31 23:00:00+00,,Waterhouse-Friderichsens syndrom,
5850,S01450,NORPAT,2001-12-31 23:00:00+00,,mykobakterieinfeksjon,
5851,S01480,NORPAT,2001-12-31 23:00:00+00,,svømmehallsgranulom,
5852,S01490,NORPAT,2001-12-31 23:00:00+00,,Burulis ulcus,
5853,S01620,NORPAT,2001-12-31 23:00:00+00,,pest,
5854,S01634,NORPAT,2001-12-31 23:00:00+00,,pneumokokksepsis,
5855,S01690,NORPAT,2001-12-31 23:00:00+00,,borreliose,
5856,S01695,NORPAT,2001-12-31 23:00:00+00,,Lymes sykdom,
5857,S01720,NORPAT,2001-12-31 23:00:00+00,,rhinosklerom,
5858,S01750,NORPAT,2001-12-31 23:00:00+00,,scarlatina,
5859,S01784,NORPAT,2001-12-31 23:00:00+00,,stafylokokksepsis,
5860,S01790,NORPAT,2001-12-31 23:00:00+00,2022-12-30 23:00:00+00,spiroketose,
5861,S01814,NORPAT,2001-12-31 23:00:00+00,,streptokokksepsis,
5862,S01820,NORPAT,2001-12-31 23:00:00+00,,syfilis,
5863,S01821,NORPAT,2001-12-31 23:00:00+00,,primær syfilis,
5864,S01824,NORPAT,2001-12-31 23:00:00+00,,sekundær syfilis,
5865,S01829,NORPAT,2001-12-31 23:00:00+00,,tertiær syfilis,
5866,S0182Y,NORPAT,2001-12-31 23:00:00+00,,medfødt syfilis,
5867,S01830,NORPAT,2001-12-31 23:00:00+00,,tetanus,
5868,S01880,NORPAT,2001-12-31 23:00:00+00,,tuberkulose,
5869,S01883,NORPAT,2001-12-31 23:00:00+00,2017-10-13 22:00:00+00,kronisk tuberkulose,
5870,S01884,NORPAT,2001-12-31 23:00:00+00,2017-10-13 22:00:00+00,akutt miliær tuberkulose,
5871,S01889,NORPAT,2001-12-31 23:00:00+00,2017-10-13 22:00:00+00,inaktiv tuberkulose,
5872,S01890,NORPAT,2001-12-31 23:00:00+00,,tularemi,
5873,S01900,NORPAT,2001-12-31 23:00:00+00,,tyfoid feber,
5874,S01970,NORPAT,2001-12-31 23:00:00+00,,spiroketose,
5875,S02350,NORPAT,2001-12-31 23:00:00+00,,legionærsykdom,
5876,S03100,NORPAT,2001-12-31 23:00:00+00,,rickettsieinfeksjon,
5877,S03160,NORPAT,2001-12-31 23:00:00+00,,katteklorfeber,
5878,S03220,NORPAT,2001-12-31 23:00:00+00,,lymfogranuloma venereum,
5879,S03240,NORPAT,2001-12-31 23:00:00+00,,ornitose,
5880,S03370,NORPAT,2001-12-31 23:00:00+00,,tyfus,
5881,S03500,NORPAT,2001-12-31 23:00:00+00,,virusinfeksjon,
5882,S03760,NORPAT,2001-12-31 23:00:00+00,,ecthyma contagiosum,
5883,S04010,NORPAT,2001-12-31 23:00:00+00,,hånd/fot/munn-sykdom,
5884,S04030,NORPAT,2001-12-31 23:00:00+00,,herpesvirus-infeksjon,
5885,S04033,NORPAT,2001-12-31 23:00:00+00,,generalisert herpes,
5886,S04040,NORPAT,2001-12-31 23:00:00+00,,herpes simplex,
5887,S04043,NORPAT,2001-12-31 23:00:00+00,,generalisert herpes simplex,
5888,S04060,NORPAT,2001-12-31 23:00:00+00,,herpes zoster,
5889,S04100,NORPAT,2001-12-31 23:00:00+00,,mononukleose,
5890,S04110,NORPAT,2001-12-31 23:00:00+00,,influensa,
5891,S04300,NORPAT,2001-12-31 23:00:00+00,,meslinger,
5892,S04500,NORPAT,2001-12-31 23:00:00+00,,poliomyelitt,
5893,S04540,NORPAT,2001-12-31 23:00:00+00,,"progressiv multifokal leukoencefalopati, PML",
5894,S04550,NORPAT,2001-12-31 23:00:00+00,,budeieknute,
5895,S04590,NORPAT,2001-12-31 23:00:00+00,,rabies,
5896,S04670,NORPAT,2001-12-31 23:00:00+00,,rubeola,
5897,S04835,NORPAT,2001-12-31 23:00:00+00,,prion-sykdom,
5898,S04840,NORPAT,2001-12-31 23:00:00+00,,Creutzfeldt-Jakobs sykdom,
5899,S05200,NORPAT,2001-12-31 23:00:00+00,,virushepatitt,
5900,S05201,NORPAT,2001-12-31 23:00:00+00,,akutt virushepatitt,
5901,S05202,NORPAT,2001-12-31 23:00:00+00,,kronisk virushepatitt,
5902,S05203,NORPAT,2001-12-31 23:00:00+00,,akutt fulminant virushepatitt,
5903,S05204,NORPAT,2001-12-31 23:00:00+00,,kronisk aktiv virushepatitt,
5904,S05205,NORPAT,2001-12-31 23:00:00+00,,kronisk persisterende virushepatitt,
5905,S05210,NORPAT,2001-12-31 23:00:00+00,,"virushepatitt, type A",
5906,S05211,NORPAT,2001-12-31 23:00:00+00,,"akutt virushepatitt, type A",
5907,S05212,NORPAT,2001-12-31 23:00:00+00,,"kronisk virushepatitt, type A",
5908,S05220,NORPAT,2001-12-31 23:00:00+00,,"virushepatitt, type B",
5909,S05222,NORPAT,2001-12-31 23:00:00+00,,"kronisk virushepatitt, type B",
5910,S05230,NORPAT,2001-12-31 23:00:00+00,,neonatal hepatitt,
5911,S05240,NORPAT,2001-12-31 23:00:00+00,,"virushepatitt, type non-A/non-B",
5912,S05242,NORPAT,2001-12-31 23:00:00+00,,"kronisk virushepatitt, type non-A/non-B",
5913,S05260,NORPAT,2001-12-31 23:00:00+00,,"virushepatitt, type C",
5914,S05262,NORPAT,2001-12-31 23:00:00+00,,"kronisk virushepatitt, type C",
5915,S05270,NORPAT,2017-10-14 22:00:00+00,,hepatitt E,
5916,S05500,NORPAT,2001-12-31 23:00:00+00,,soppinfeksjon,
5917,S05530,NORPAT,2001-12-31 23:00:00+00,,blastomykose,
5918,S05570,NORPAT,2001-12-31 23:00:00+00,,candidiasis,
5919,S05580,NORPAT,2001-12-31 23:00:00+00,,kromoblastomykose,
5920,S05610,NORPAT,2001-12-31 23:00:00+00,,cryptokokkose,
5921,S05620,NORPAT,2001-12-31 23:00:00+00,,dermatofytid,
5922,S05670,NORPAT,2001-12-31 23:00:00+00,,mucormykose,
5923,S05680,NORPAT,2001-12-31 23:00:00+00,,mycetom,
5924,S05700,NORPAT,2001-12-31 23:00:00+00,,phycomykose,
5925,S05750,NORPAT,2001-12-31 23:00:00+00,,dermatomykose,
5926,S05860,NORPAT,2001-12-31 23:00:00+00,,onychomykose,
5927,S05870,NORPAT,2001-12-31 23:00:00+00,,pityriasis versicolor,
5928,S05900,NORPAT,2001-12-31 23:00:00+00,,histoplasmose,
5929,S06500,NORPAT,2001-12-31 23:00:00+00,,parasittær sykdom,
5930,S06510,NORPAT,2001-12-31 23:00:00+00,,amøbedysenteri,
5931,S06520,NORPAT,2001-12-31 23:00:00+00,,ancylostomiasis,
5932,S06550,NORPAT,2001-12-31 23:00:00+00,,ascariasis,
5933,S06690,NORPAT,2001-12-31 23:00:00+00,,kutan larva migrans,
5934,S06700,NORPAT,2001-12-31 23:00:00+00,,cysticerkose,
5935,S06830,NORPAT,2001-12-31 23:00:00+00,,echinokokkose,
5936,S06960,NORPAT,2001-12-31 23:00:00+00,,filariose,
5937,S07030,NORPAT,2001-12-31 23:00:00+00,,giardiasis,
5938,S07190,NORPAT,2001-12-31 23:00:00+00,,loiasis,
5939,S07200,NORPAT,2001-12-31 23:00:00+00,,malaria,
5940,S07300,NORPAT,2001-12-31 23:00:00+00,,onchocerciasis,
5941,S07340,NORPAT,2001-12-31 23:00:00+00,,pediculose,
5942,S07360,NORPAT,2001-12-31 23:00:00+00,,pneumocystose,
5943,S07410,NORPAT,2001-12-31 23:00:00+00,,scabies,
5944,S07430,NORPAT,2001-12-31 23:00:00+00,,schistosomiasis,
5945,S07490,NORPAT,2001-12-31 23:00:00+00,,cercariadermatitt,
5946,S07530,NORPAT,2001-12-31 23:00:00+00,,taenia saginata-infeksjon,
5947,S07540,NORPAT,2001-12-31 23:00:00+00,,taenia solium-infeksjon,
5948,S07570,NORPAT,2001-12-31 23:00:00+00,,toxoplasmose,
5949,S07590,NORPAT,2001-12-31 23:00:00+00,,trichinose,
5950,S07600,NORPAT,2001-12-31 23:00:00+00,,trichomoniasis,
5951,S07630,NORPAT,2001-12-31 23:00:00+00,,trypanosomiasis,
5952,S07700,NORPAT,2001-12-31 23:00:00+00,,leishmaniasis,
5953,S07710,NORPAT,2001-12-31 23:00:00+00,,kutan leishmaniasis,
5954,S08020,NORPAT,2001-12-31 23:00:00+00,,akutt mesenterial lymfadenitt,
5955,S08040,NORPAT,2001-12-31 23:00:00+00,,Behcets sykdom,
5956,S08210,NORPAT,2001-12-31 23:00:00+00,,Guillain-Barrés syndrom,
5957,S08250,NORPAT,2001-12-31 23:00:00+00,,ozena,
5958,S08280,NORPAT,2001-12-31 23:00:00+00,,sarkoidose,
5959,S08400,NORPAT,2001-12-31 23:00:00+00,,Whipples sykdom,
5960,S10000,NORPAT,2001-12-31 23:00:00+00,,stoffskiftesykdom,
5961,S10010,NORPAT,2001-12-31 23:00:00+00,,medfødt stoffskiftefeil,
5962,S10050,NORPAT,2001-12-31 23:00:00+00,,avleiringssykdom,
5963,S10100,NORPAT,2001-12-31 23:00:00+00,,ernæringssykdom,
5964,S10110,NORPAT,2001-12-31 23:00:00+00,,hunger,
5965,S10140,NORPAT,2001-12-31 23:00:00+00,,marasme,
5966,S10150,NORPAT,2001-12-31 23:00:00+00,,kwashiokor,
5967,S10160,NORPAT,2001-12-31 23:00:00+00,,underernæring,
5968,S10600,NORPAT,2001-12-31 23:00:00+00,,enzymsykdom,
5969,S10700,NORPAT,2001-12-31 23:00:00+00,,alfa-1-antitrypsinsykdom,
5970,S10800,NORPAT,2001-12-31 23:00:00+00,,syre/basebalansesykdom,
5971,S10810,NORPAT,2001-12-31 23:00:00+00,,klinisk acidose,
5972,S10830,NORPAT,2001-12-31 23:00:00+00,,respiratorisk acidose,
5973,S10850,NORPAT,2001-12-31 23:00:00+00,,metabolsk acidose,
5974,S11100,NORPAT,2001-12-31 23:00:00+00,,klinisk alkalose,
5975,S11120,NORPAT,2001-12-31 23:00:00+00,,respiratorisk alkalose,
5976,S11140,NORPAT,2001-12-31 23:00:00+00,,metabolsk alkalose,
5977,S11510,NORPAT,2001-12-31 23:00:00+00,,dykkersyke,
5978,S11550,NORPAT,2001-12-31 23:00:00+00,,oksygenforgiftningssyndrom,
5979,S11560,NORPAT,2001-12-31 23:00:00+00,,høydesyke,
5980,S11600,NORPAT,2001-12-31 23:00:00+00,,hypoosmolalitetssyndrom,
5981,S11610,NORPAT,2001-12-31 23:00:00+00,,hyperosmolalitetssyndrom,
5982,S11620,NORPAT,2001-12-31 23:00:00+00,,hyponatriemisyndrom,
5983,S11710,NORPAT,2001-12-31 23:00:00+00,,vannintoksikasjonssyndrom,
5984,S11720,NORPAT,2001-12-31 23:00:00+00,,dehydreringssyndrom,
5985,S11740,NORPAT,2001-12-31 23:00:00+00,,hyperkalemisyndrom,
5986,S11750,NORPAT,2001-12-31 23:00:00+00,,hypokalemisyndrom,
5987,S11800,NORPAT,2001-12-31 23:00:00+00,,hyperkalsemisyndrom,
5988,S11920,NORPAT,2001-12-31 23:00:00+00,,hemokromatose,
5989,S12010,NORPAT,2001-12-31 23:00:00+00,,urinsyregikt,
5990,S12510,NORPAT,2001-12-31 23:00:00+00,,glykogenavleiringssykdom,
5991,S12700,NORPAT,2001-12-31 23:00:00+00,,galaktosemi,
5992,S12840,NORPAT,2001-12-31 23:00:00+00,,laktasemangel,
5993,S12910,NORPAT,2001-12-31 23:00:00+00,,hypoglykemi,
5994,S12940,NORPAT,2001-12-31 23:00:00+00,,hypoglykemisk koma,
5995,S13600,NORPAT,2001-12-31 23:00:00+00,,hyperlipoproteinemi,
5996,S14000,NORPAT,2001-12-31 23:00:00+00,,fettavleiringssykdom,
5997,S14010,NORPAT,2001-12-31 23:00:00+00,,xantomatose,
5998,S14050,NORPAT,2001-12-31 23:00:00+00,,"disseminert lipogranulomatose, Farber",
5999,S14070,NORPAT,2001-12-31 23:00:00+00,,leukodystrofi,
6000,S14080,NORPAT,2001-12-31 23:00:00+00,,nevrolipidose,
6001,S14100,NORPAT,2001-12-31 23:00:00+00,,sphingolipidose,
6002,S14200,NORPAT,2001-12-31 23:00:00+00,,Niemann-Picks sykdom,
6003,S14230,NORPAT,2001-12-31 23:00:00+00,,Krabbes sykdom,
6004,S14300,NORPAT,2001-12-31 23:00:00+00,,Gauchers sykdom,
6005,S14350,NORPAT,2001-12-31 23:00:00+00,,Fabry sykdom,
6006,S14500,NORPAT,2001-12-31 23:00:00+00,,gangliosidose,
6007,S14620,NORPAT,2001-12-31 23:00:00+00,,mucolipidose,
6008,S14700,NORPAT,2001-12-31 23:00:00+00,,lipofuscinose,
6009,S15000,NORPAT,2001-12-31 23:00:00+00,,abnorm bilirubinmetabolisme,
6010,S15020,NORPAT,2001-12-31 23:00:00+00,,Crigler-Najjars syndrom,
6011,S15030,NORPAT,2001-12-31 23:00:00+00,,Gilberts syndrom,
6012,S15050,NORPAT,2001-12-31 23:00:00+00,,fysiologisk neonatal hyperbilirubinemi,
6013,S15060,NORPAT,2001-12-31 23:00:00+00,,familiær neonatal hyperbilirubinemi,
6014,S15070,NORPAT,2001-12-31 23:00:00+00,,Dubin-Johnsons syndrom,
6015,S15080,NORPAT,2001-12-31 23:00:00+00,,Rotors syndrom,
6016,S15120,NORPAT,2001-12-31 23:00:00+00,,hemolytisk icterus,
6017,S16200,NORPAT,2017-10-14 22:00:00+00,,tyrosinemi,
6018,S16400,NORPAT,2001-12-31 23:00:00+00,,"fenylketonuri, Følling",
6019,S17310,NORPAT,2001-12-31 23:00:00+00,,"cystinose, Fanconi",
6020,S18010,NORPAT,2017-10-14 22:00:00+00,,hypovitaminose,
6021,S18050,NORPAT,2001-12-31 23:00:00+00,,vitamin A-mangelsykdom,
6022,S18100,NORPAT,2001-12-31 23:00:00+00,,kompleks vitamin B-mangelsykdom,
6023,S18110,NORPAT,2001-12-31 23:00:00+00,,thiamin-mangelsykdom,
6024,S18160,NORPAT,2001-12-31 23:00:00+00,,niacin-mangelsykdom,
6025,S18180,NORPAT,2001-12-31 23:00:00+00,,vitamin B12-mangelsykdom,
6026,S18190,NORPAT,2001-12-31 23:00:00+00,,folinsyre-mangelsykdom,
6027,S18300,NORPAT,2001-12-31 23:00:00+00,,vitamin C-mangelsykdom,
6028,S18400,NORPAT,2001-12-31 23:00:00+00,,vitamin D-mangelsykdom,
6029,S18420,NORPAT,2001-12-31 23:00:00+00,,hypervitaminosis D,
6030,S18500,NORPAT,2001-12-31 23:00:00+00,,vitamin E-mangelsykdom,
6031,S18600,NORPAT,2001-12-31 23:00:00+00,,vitamin K-mangelsykdom,
6032,S20000,NORPAT,2001-12-31 23:00:00+00,,endokrinopati,
6033,S20050,NORPAT,2001-12-31 23:00:00+00,,progeria,
6034,S20060,NORPAT,2021-01-28 23:00:00+00,,Werners syndrom,
6035,S20220,NORPAT,2001-12-31 23:00:00+00,,hermafroditisme,
6036,S20240,NORPAT,2001-12-31 23:00:00+00,,pseudohermafroditisme,
6037,S20250,NORPAT,2001-12-31 23:00:00+00,,pubertas precox-syndrom,
6038,S20400,NORPAT,2001-12-31 23:00:00+00,,nevroendokrinopati,
6039,S20500,NORPAT,2001-12-31 23:00:00+00,,hypothalamisk syndrom,
6040,S21010,NORPAT,2001-12-31 23:00:00+00,,diabetes insipidus,
6041,S21310,NORPAT,2001-12-31 23:00:00+00,,hypofysesviktsyndrom,
6042,S21330,NORPAT,2001-12-31 23:00:00+00,,hypofysær dvergvekst,
6043,S21340,NORPAT,2001-12-31 23:00:00+00,,"sekundær hypofysesvikt-syndrom, Simmond",
6044,S21400,NORPAT,2001-12-31 23:00:00+00,,hyperpituitarisme,
6045,S21410,NORPAT,2001-12-31 23:00:00+00,,akromegali,
6046,S21460,NORPAT,2001-12-31 23:00:00+00,,"adiposogenitalt syndrom, Froehlich",
6047,S21900,NORPAT,2001-12-31 23:00:00+00,,hypertyreoidisme,
6048,S21920,NORPAT,2001-12-31 23:00:00+00,,tyreotoksisk krise,
6049,S21930,NORPAT,2001-12-31 23:00:00+00,,morbus Basedow,
6050,S22000,NORPAT,2001-12-31 23:00:00+00,,myksødem,
6051,S22610,NORPAT,2001-12-31 23:00:00+00,,hyperparatyreodisme,
6052,S22620,NORPAT,2001-12-31 23:00:00+00,,primær hyperparatyreoidisme,
6053,S22640,NORPAT,2001-12-31 23:00:00+00,,sekundær hyperparatyreoidisme,
6054,S22700,NORPAT,2001-12-31 23:00:00+00,,hypoparatyreodisme,
6055,S23020,NORPAT,2001-12-31 23:00:00+00,,Cushings syndrom,
6056,S23060,NORPAT,2001-12-31 23:00:00+00,,medfødt adrenogenitalt syndrom,
6057,S23110,NORPAT,2001-12-31 23:00:00+00,,"primær hyperaldosteronisme, Conn",
6058,S23300,NORPAT,2001-12-31 23:00:00+00,,binyrebarksviktsyndrom,
6059,S23310,NORPAT,2001-12-31 23:00:00+00,,akutt binyrebarksvikt,
6060,S23320,NORPAT,2001-12-31 23:00:00+00,,"kronisk binyrebarksvikt, Addison",
6061,S23810,NORPAT,2001-12-31 23:00:00+00,,diabetes mellitus,
6062,S23920,NORPAT,2001-12-31 23:00:00+00,,diabetisk nefropati-syndrom,
6063,S23940,NORPAT,2001-12-31 23:00:00+00,,diabetisk ketoacidose,
6064,S23970,NORPAT,2001-12-31 23:00:00+00,,diabeteskoma,
6065,S241X0,NORPAT,2001-12-31 23:00:00+00,,"diabetes mellitus, type I",
6066,S241Y0,NORPAT,2001-12-31 23:00:00+00,,"diabetes mellitus, type II",
6067,S24210,NORPAT,2001-12-31 23:00:00+00,,insulinsjokk,
6068,S24370,NORPAT,2001-12-31 23:00:00+00,,toksisk sjokksyndrom,
6069,S25010,NORPAT,2001-12-31 23:00:00+00,,graviditetstoksemi,
6070,S25020,NORPAT,2001-12-31 23:00:00+00,,preeklampsi,
6071,S25030,NORPAT,2001-12-31 23:00:00+00,,eklampsi,
6072,S25120,NORPAT,2001-12-31 23:00:00+00,,amnionvæskeembolisyndrom,
6073,S25180,NORPAT,2001-12-31 23:00:00+00,,placentainsuffisienssyndrom,
6074,S25190,NORPAT,2017-10-14 22:00:00+00,,tvilling-tvilling transfusjonssyndrom,
6075,S25210,NORPAT,2017-10-14 22:00:00+00,,maternelt-føtalt transfusjonssyndrom,
6076,S25240,NORPAT,2001-12-31 23:00:00+00,,"postpartum hypofysenekrose-syndrom, Sheehan",
6077,S25340,NORPAT,2001-12-31 23:00:00+00,,herpes gestationis,
6078,S25350,NORPAT,2001-12-31 23:00:00+00,,impetigo herpetiformis,
6079,S25600,NORPAT,2001-12-31 23:00:00+00,,gonadesykdom,
6080,S26010,NORPAT,2001-12-31 23:00:00+00,,"polycystisk ovarie-syndrom, Stein-Leventhal",
6081,S26100,NORPAT,2001-12-31 23:00:00+00,,hypogonadismesyndrom hos kvinne,
6082,S26130,NORPAT,2001-12-31 23:00:00+00,,corpus luteumsvikt-syndrom,
6083,S26140,NORPAT,2001-12-31 23:00:00+00,,Meigs' syndrom,
6084,S26180,NORPAT,2001-12-31 23:00:00+00,,kvinnelig pseudohermafroditisme,
6085,S26510,NORPAT,2001-12-31 23:00:00+00,,testikulær feminisering-syndrom,
6086,S26530,NORPAT,2001-12-31 23:00:00+00,,indusert hypogonadisme-syndrom hos mann,
6087,S26770,NORPAT,2001-12-31 23:00:00+00,,kastrasjonssyndrom hos mann,
6088,S27510,NORPAT,2001-12-31 23:00:00+00,,"postmastektomi angio/lymfangiosarkom syndrom, Stewart-Treve",
6089,S27530,NORPAT,2001-12-31 23:00:00+00,,postmastektomi lymfødem-syndrom,
6090,S29010,NORPAT,2001-12-31 23:00:00+00,,multippel endrokrin adenomatose-syndrom,
6091,S29310,NORPAT,2001-12-31 23:00:00+00,,APUD-celleadenom-syndrom,
6092,S29330,NORPAT,2001-12-31 23:00:00+00,,insulinomsyndrom,
6093,S29340,NORPAT,2001-12-31 23:00:00+00,,glucagonomsyndrom,
6094,S29350,NORPAT,2017-10-14 22:00:00+00,,familiær adenomatøs polypose,
6095,S29390,NORPAT,2001-12-31 23:00:00+00,,Zollinger-Ellisons syndrom,
6096,S29400,NORPAT,2001-12-31 23:00:00+00,,WDHA-syndrom,
6097,S29410,NORPAT,2001-12-31 23:00:00+00,,VIP-syndrom,
6098,S29440,NORPAT,2001-12-31 23:00:00+00,,karsinoidsyndrom,
6099,S29470,NORPAT,2001-12-31 23:00:00+00,,feokromocytomsyndrom,
6100,S30500,NORPAT,2001-12-31 23:00:00+00,,leddsykdom,
6101,S30710,NORPAT,2001-12-31 23:00:00+00,,reumatoid artritt,
6102,S30760,NORPAT,2001-12-31 23:00:00+00,,Feltys syndrom,
6103,S30900,NORPAT,2001-12-31 23:00:00+00,,infeksiøs artritt,
6104,S31000,NORPAT,2001-12-31 23:00:00+00,,sekundær artropati,
6105,S31020,NORPAT,2001-12-31 23:00:00+00,,psoriatisk artropati,
6106,S31300,NORPAT,2001-12-31 23:00:00+00,,posttraumatisk artropati,
6107,S31510,NORPAT,2001-12-31 23:00:00+00,,artrose,
6108,S32020,NORPAT,2001-12-31 23:00:00+00,,Bekhterevs sykdom,
6109,S32040,NORPAT,2001-12-31 23:00:00+00,,tuberkuløs spondylitt,
6110,S32110,NORPAT,2001-12-31 23:00:00+00,,posttraumatisk spondylopati,
6111,S33510,NORPAT,2001-12-31 23:00:00+00,,Dupuytrens kontraktur,
6112,S33520,NORPAT,2001-12-31 23:00:00+00,,fibrositt,
6113,S34100,NORPAT,2001-12-31 23:00:00+00,,osteogenesis imperfecta congenita,
6114,S34570,NORPAT,2001-12-31 23:00:00+00,,residiverende polykondritt,
6115,S35050,NORPAT,2001-12-31 23:00:00+00,,genodermatose,
6116,S35110,NORPAT,2001-12-31 23:00:00+00,,"malign atrofisk papulose, Degos",
6117,S35150,NORPAT,2001-12-31 23:00:00+00,,"akutt febrilt mukokutant lymfeknute-syndrom, Kawasaki",
6118,S35300,NORPAT,2001-12-31 23:00:00+00,,lupus vulgaris,
6119,S35350,NORPAT,2001-12-31 23:00:00+00,,"infantil papuløs akrodermatitt, Gianotti-Crosti",
6120,S35400,NORPAT,2001-12-31 23:00:00+00,,urtikaria,
6121,S35600,NORPAT,2001-12-31 23:00:00+00,,urticaria pigmentosa,
6122,S35650,NORPAT,2017-10-14 22:00:00+00,,benign systemisk mastocytose,
6123,S36000,NORPAT,2001-12-31 23:00:00+00,,bulløs dermatose,
6124,S36100,NORPAT,2001-12-31 23:00:00+00,,pemfigus,
6125,S36120,NORPAT,2001-12-31 23:00:00+00,,pemphigus foliaceus,
6126,S36140,NORPAT,2001-12-31 23:00:00+00,,"pemphigus erythematosus, Senear-Usher",
6127,S36150,NORPAT,2001-12-31 23:00:00+00,,pemphigus vegetans,
6128,S36160,NORPAT,2001-12-31 23:00:00+00,,benign slimhinnepemfigoid,
6129,S36170,NORPAT,2001-12-31 23:00:00+00,,"benign familiær pemfigus, Hailey-Hailey",
6130,S36180,NORPAT,2001-12-31 23:00:00+00,,bulløst pemfigoid,
6131,S36190,NORPAT,2001-12-31 23:00:00+00,,dermatitis herpetiformis,
6132,S36200,NORPAT,2001-12-31 23:00:00+00,,infantil benign kronisk bulløs dermatose,
6133,S36210,NORPAT,2001-12-31 23:00:00+00,,"subkorneal pustuløs dermatose, Sneddon-Wilkerson",
6134,S36220,NORPAT,2001-12-31 23:00:00+00,,"transitorisk akantolytisk dermatose, Grover",
6135,S36240,NORPAT,2001-12-31 23:00:00+00,,"eosinofil cellulitt, Well",
6136,S36250,NORPAT,2001-12-31 23:00:00+00,,lineær lgA-dermatitt,
6137,S36300,NORPAT,2001-12-31 23:00:00+00,,epidermolysis bullosa,
6138,S36610,NORPAT,2001-12-31 23:00:00+00,,xeroderma pigmentosum,
6139,S36700,NORPAT,2001-12-31 23:00:00+00,,ichthyosis vulgaris,
6140,S36710,NORPAT,2001-12-31 23:00:00+00,,kjønnsbunden recessiv iktyose,
6141,S36730,NORPAT,2001-12-31 23:00:00+00,,neonatal lamellær iktyose,
6142,S36770,NORPAT,2001-12-31 23:00:00+00,,lamellær iktyose,
6143,S36780,NORPAT,2001-12-31 23:00:00+00,,medfødt bulløs iktyosiform erytrodermi,
6144,S37400,NORPAT,2001-12-31 23:00:00+00,,albinisme,
6145,S38020,NORPAT,2001-12-31 23:00:00+00,,kollagenose,
6146,S38100,NORPAT,2001-12-31 23:00:00+00,,mukopolysakkaridose,
6147,S38200,NORPAT,2001-12-31 23:00:00+00,,"cutis hyperelastica, Ehlers-Danlos",
6148,S38300,NORPAT,2001-12-31 23:00:00+00,,siccasyndrom,
6149,S38400,NORPAT,2001-12-31 23:00:00+00,,febris rheumatica,
6150,S38500,NORPAT,2001-12-31 23:00:00+00,,Marfans syndrom,
6151,S38670,NORPAT,2001-12-31 23:00:00+00,,lupus erythematosus,
6152,S38680,NORPAT,2001-12-31 23:00:00+00,,lupus pernio,
6153,S38690,NORPAT,2001-12-31 23:00:00+00,,diskoid lupus erythematosus,
6154,S38700,NORPAT,2001-12-31 23:00:00+00,,dyp lupus erythematosus,
6155,S38710,NORPAT,2017-10-14 22:00:00+00,,lupus erythematosus subacutus,
6156,S38720,NORPAT,2001-12-31 23:00:00+00,,systemisk lupus erythematosus,
6157,S38740,NORPAT,2001-12-31 23:00:00+00,,mucinose,
6158,S38760,NORPAT,2001-12-31 23:00:00+00,,sklerodermi,
6159,S38770,NORPAT,2001-12-31 23:00:00+00,,generalisert sklerodermi,
6160,S38780,NORPAT,2001-12-31 23:00:00+00,,lineær sklerodermi,
6161,S38790,NORPAT,2001-12-31 23:00:00+00,,morfea,
6162,S38820,NORPAT,2001-12-31 23:00:00+00,,Weber-Christians sykdom,
6163,S38870,NORPAT,2001-12-31 23:00:00+00,,akrosklerose,
6164,S38880,NORPAT,2001-12-31 23:00:00+00,,"scleredema, Buschke",
6165,S38890,NORPAT,2001-12-31 23:00:00+00,,"idiopatisk atrofodermi, Pasini og Pierini",
6166,S38900,NORPAT,2001-12-31 23:00:00+00,,amyloidose,
6167,S38901,NORPAT,2001-12-31 23:00:00+00,2017-10-13 22:00:00+00,lokalisert amyloidose,
6168,S38902,NORPAT,2001-12-31 23:00:00+00,2017-10-13 22:00:00+00,systemisk amyloidose,
6169,S38910,NORPAT,2001-12-31 23:00:00+00,2017-10-13 22:00:00+00,sekundær amyloidose,
6170,S38920,NORPAT,2001-12-31 23:00:00+00,2017-10-13 22:00:00+00,primær amyloidose,
6171,S38980,NORPAT,2001-12-31 23:00:00+00,,eosinofil fasciitt,
6172,S40000,NORPAT,2001-12-31 23:00:00+00,,syndrom i det hematopoetiske system,
6173,S40050,NORPAT,2001-12-31 23:00:00+00,,preleukemisk syndrom,
6174,S40060,NORPAT,2001-12-31 23:00:00+00,,refraktær anemi med overvekt av blaster,
6175,S40100,NORPAT,2001-12-31 23:00:00+00,,anemi,
6176,S40120,NORPAT,2001-12-31 23:00:00+00,,akutt blødningsanemi,
6177,S40130,NORPAT,2001-12-31 23:00:00+00,,kronisk blødningsanemi,
6178,S40200,NORPAT,2001-12-31 23:00:00+00,,hemolytisk anemi,
6179,S40220,NORPAT,2001-12-31 23:00:00+00,,hereditær hemolytisk anemi,
6180,S40300,NORPAT,2001-12-31 23:00:00+00,,hypoplastisk anemi,
6181,S40310,NORPAT,2001-12-31 23:00:00+00,,aplastisk anemi,
6182,S40340,NORPAT,2001-12-31 23:00:00+00,,aplastisk anemi av sekundær type,
6183,S40350,NORPAT,2001-12-31 23:00:00+00,,anemi ved kronisk sykdom,
6184,S40400,NORPAT,2001-12-31 23:00:00+00,,erytroblastopeni,
6185,S40430,NORPAT,2001-12-31 23:00:00+00,,anemi pga malnutrisjon,
6186,S40500,NORPAT,2001-12-31 23:00:00+00,,megaloblastær anemi,
6187,S40600,NORPAT,2001-12-31 23:00:00+00,,pernisiøs anemi,
6188,S40700,NORPAT,2001-12-31 23:00:00+00,,megaloblastisk anemi pga folinsyremangel,
6189,S40720,NORPAT,2001-12-31 23:00:00+00,,jernmangelanemi,
6190,S40790,NORPAT,2001-12-31 23:00:00+00,,refraktær anemi,
6191,S40800,NORPAT,2001-12-31 23:00:00+00,,sideroblastanemi,
6192,S40810,NORPAT,2001-12-31 23:00:00+00,,ervervet sideroblastisk anemi,
6193,S40820,NORPAT,2001-12-31 23:00:00+00,,hereditær sideroblastisk anemi,
6194,S40910,NORPAT,2001-12-31 23:00:00+00,,hereditær sfærocytose,
6195,S41250,NORPAT,2001-12-31 23:00:00+00,,hypersplenismesyndrom,
6196,S41600,NORPAT,2001-12-31 23:00:00+00,,talassemi,
6197,S42000,NORPAT,2001-12-31 23:00:00+00,,porfyri,
6198,S42400,NORPAT,2001-12-31 23:00:00+00,,porphyria cutanea tarda,
6199,S42500,NORPAT,2001-12-31 23:00:00+00,,ervervet hemolytisk anemi,
6200,S42600,NORPAT,2001-12-31 23:00:00+00,,autoimmun hemolytisk anemi,
6201,S42700,NORPAT,2001-12-31 23:00:00+00,,"autoimmun hemolytisk anemi, medikamentutløst",
6202,S42940,NORPAT,2001-12-31 23:00:00+00,,hemolytisk uremisk syndrom,
6203,S43000,NORPAT,2001-12-31 23:00:00+00,,methemoglobinemi,
6204,S43010,NORPAT,2001-12-31 23:00:00+00,,toksisk methemoglobinemi,
6205,S43400,NORPAT,2001-12-31 23:00:00+00,,forstyrrelse/sykdom/syndrom knyttet til hvite blodceller,
6206,S43420,NORPAT,2001-12-31 23:00:00+00,,kronisk granulomatøs barnesykdom,
6207,S43430,NORPAT,2001-12-31 23:00:00+00,,Jobs syndrom,
6208,S43500,NORPAT,2001-12-31 23:00:00+00,,kronisk idiopatisk neotropeni,
6209,S43520,NORPAT,2001-12-31 23:00:00+00,,familiær benign kronisk neutropeni,
6210,S43570,NORPAT,2001-12-31 23:00:00+00,,agranulocytose,
6211,S43610,NORPAT,2001-12-31 23:00:00+00,,hypereosinofilt syndrom,
6212,S43800,NORPAT,2001-12-31 23:00:00+00,,sjøblå histiocytose,
6213,S43900,NORPAT,2001-12-31 23:00:00+00,,malign leukocytt-sykdom,
6214,S44000,NORPAT,2001-12-31 23:00:00+00,,koagulasjonsforstyrrelsessykdom/-syndrom,
6215,S44100,NORPAT,2001-12-31 23:00:00+00,,hyperkoagulopati,
6216,S44110,NORPAT,2001-12-31 23:00:00+00,,"disseminert intravaskulær koagulasjon, DIC",
6217,S44150,NORPAT,2001-12-31 23:00:00+00,,koagulopati pga leversykdom,
6218,S44200,NORPAT,2001-12-31 23:00:00+00,,koagulasjonsfaktormangel-syndrom,
6219,S44280,NORPAT,2001-12-31 23:00:00+00,,hemofili A,
6220,S44600,NORPAT,2001-12-31 23:00:00+00,,fibrinolytisk dysfunksjon,
6221,S44630,NORPAT,2001-12-31 23:00:00+00,,hyperheparinemi,
6222,S44800,NORPAT,2001-12-31 23:00:00+00,,platesykdom eller -syndrom,
6223,S45000,NORPAT,2001-12-31 23:00:00+00,,kvalitativ platesykdom,
6224,S45010,NORPAT,2001-12-31 23:00:00+00,,arvelig trombocytopati,
6225,S45020,NORPAT,2001-12-31 23:00:00+00,,ervervet trombocytopati,
6226,S45100,NORPAT,2001-12-31 23:00:00+00,,kvantitativ platesykdom,
6227,S45440,NORPAT,2001-12-31 23:00:00+00,,idiopatisk trombocytopenisk purpura,
6228,S45480,NORPAT,2001-12-31 23:00:00+00,,trombotisk trombocytopenisk purpura,
6229,S45700,NORPAT,2001-12-31 23:00:00+00,,vaskulær hemostatisk sykdom,
6230,S45800,NORPAT,2001-12-31 23:00:00+00,,kapillærskjørhet,
6231,S45870,NORPAT,2001-12-31 23:00:00+00,,IgA vaskulitt/Henoch-Schönlein purpura,
6232,S46000,NORPAT,2001-12-31 23:00:00+00,,immunsviktsykdom eller -syndrom,
6233,S46010,NORPAT,2001-12-31 23:00:00+00,,primær immunsvikt-sykdom,
6234,S46020,NORPAT,2001-12-31 23:00:00+00,,sekundær immunsvikt-sykdom,
6235,S46022,NORPAT,2001-12-31 23:00:00+00,,AIDS,
6236,S46030,NORPAT,2001-12-31 23:00:00+00,,"medfødt X-bundet agammaglobulinemi, Bruton",
6237,S46070,NORPAT,2001-12-31 23:00:00+00,,medfødt thymusaplasi-syndrom,
6238,S46080,NORPAT,2001-12-31 23:00:00+00,,medfødt thymusdysplasi-syndrom,
6239,S46120,NORPAT,2001-12-31 23:00:00+00,,Wiscott-Aldrichs syndrom,
6240,S46130,NORPAT,2001-12-31 23:00:00+00,,immunsvikt assosiert med thymom,
6241,S46160,NORPAT,2001-12-31 23:00:00+00,,"alvorlig kombinert immunsvikt-sykdom, autosomal recessiv type",
6242,S46170,NORPAT,2001-12-31 23:00:00+00,,"alvorlig kombinert immunsvikt-sykdom, X-bundet",
6243,S46180,NORPAT,2001-12-31 23:00:00+00,,"alvorlig kombinert immunsvikt-sykdom, sporadisk type",
6244,S46190,NORPAT,2001-12-31 23:00:00+00,,"ervervet agammaglobulinemi, sent debuterende type",
6245,S46210,NORPAT,2001-12-31 23:00:00+00,,nodulær intestinal lymfoid hyperplasi-syndrom,
6246,S46300,NORPAT,2001-12-31 23:00:00+00,,immunkomplekssykdom,
6247,S46310,NORPAT,2001-12-31 23:00:00+00,,paraneoplastisk immunkompleks-sykdom,
6248,S46500,NORPAT,2001-12-31 23:00:00+00,,komplementmangelsykdom,
6249,S46510,NORPAT,2001-12-31 23:00:00+00,,medfødt angionevrotisk ødem,
6250,S46800,NORPAT,2001-12-31 23:00:00+00,,neonatal hemolytisk sykdom,
6251,S46810,NORPAT,2001-12-31 23:00:00+00,,"neonatal hemolytisk sykdom, ABO uforlikelighet",
6252,S46820,NORPAT,2001-12-31 23:00:00+00,,"neonatal hemolytisk sykdom, Rhesus uforlikelighet",
6253,S46840,NORPAT,2001-12-31 23:00:00+00,,hydrops foetalis,
6254,S46900,NORPAT,2001-12-31 23:00:00+00,,rejeksjonssykdom,
6255,S47000,NORPAT,2001-12-31 23:00:00+00,,autoimmunsykdom,
6256,S47100,NORPAT,2001-12-31 23:00:00+00,,immunglobulinsykdom,
6257,S47150,NORPAT,2001-12-31 23:00:00+00,,dysproteinemi,
6258,S47170,NORPAT,2001-12-31 23:00:00+00,,plasmacelledyskrasi,
6259,S47200,NORPAT,2001-12-31 23:00:00+00,,klonal protein sykdom,
6260,S47210,NORPAT,2001-12-31 23:00:00+00,,paraproteinemi,
6261,S47220,NORPAT,2001-12-31 23:00:00+00,,Waldenstrøms makroglobulinemi,
6262,S47300,NORPAT,2001-12-31 23:00:00+00,,tung-kjede-sykdom,
6263,S47320,NORPAT,2001-12-31 23:00:00+00,,alfa-kjede sykdom,
6264,S47360,NORPAT,2001-12-31 23:00:00+00,,"lett-kjede-sykdom, kappa-type",
6265,S47370,NORPAT,2001-12-31 23:00:00+00,,"lett-kjede-sykdom, lambda-type",
6266,S47390,NORPAT,2001-12-31 23:00:00+00,,"monoklonal gammopati, sekundær form",
6267,S47410,NORPAT,2001-12-31 23:00:00+00,,benign monoklonal gammopati,
6268,S47420,NORPAT,2001-12-31 23:00:00+00,,biklonal gammopati,
6269,S47430,NORPAT,2001-12-31 23:00:00+00,,polyklonal gammopati,
6270,S47600,NORPAT,2001-12-31 23:00:00+00,,kryoglobulinemi,
6271,S47700,NORPAT,2001-12-31 23:00:00+00,,kryofibrinogenemi,
6272,S47800,NORPAT,2001-12-31 23:00:00+00,,hypersensitivitetssykdom,
6273,S47900,NORPAT,2001-12-31 23:00:00+00,,bronkial astma,
6274,S47940,NORPAT,2001-12-31 23:00:00+00,,status asthmaticus,
6275,S48040,NORPAT,2001-12-31 23:00:00+00,,hypersensitivitetspneumoni,
6276,S48080,NORPAT,2001-12-31 23:00:00+00,,allergisk vaskulitt,
6277,S48100,NORPAT,2001-12-31 23:00:00+00,,anafylaktisk sjokk,
6278,S48500,NORPAT,2001-12-31 23:00:00+00,,immunoproliferativ sykdom,
6279,S48510,NORPAT,2001-12-31 23:00:00+00,,reaktiv immunoproliferativ sykdom,
6280,S48580,NORPAT,2001-12-31 23:00:00+00,,malign immunoproliferativ sykdom,
6281,S50000,NORPAT,2001-12-31 23:00:00+00,,multiple malformasjoner,
6282,S50020,NORPAT,2001-12-31 23:00:00+00,,Cowdens syndrom,
6283,S50100,NORPAT,2001-12-31 23:00:00+00,,multiple malformasjoner og lav høyde,
6284,S50210,NORPAT,2001-12-31 23:00:00+00,,"poikiloderma congenitale, Rothmund-Thomson",
6285,S50800,NORPAT,2001-12-31 23:00:00+00,,multiple malformasjoner og nevromuskulære symptomer,
6286,S50890,NORPAT,2001-12-31 23:00:00+00,,Prader-Willis syndrom,
6287,S50970,NORPAT,2001-12-31 23:00:00+00,,"""prune belly""-syndrom",
6288,S51000,NORPAT,2001-12-31 23:00:00+00,,multiple malformasjoner med ansiktsdefekt,
6289,S51200,NORPAT,2001-12-31 23:00:00+00,,multiple malformasjoner med ansikts- og ekstremitetsdefekt,
6290,S51600,NORPAT,2001-12-31 23:00:00+00,,multiple malformasjoner med svær ekstremitetsdefekt,
6291,S51800,NORPAT,2001-12-31 23:00:00+00,,multiple malformasjoner med kraniosynostose,
6292,S52020,NORPAT,2001-12-31 23:00:00+00,,kondrodystrofi,
6293,S52290,NORPAT,2001-12-31 23:00:00+00,,"metafysær dysostose, Jansens type",
6294,S52510,NORPAT,2001-12-31 23:00:00+00,,"metafysær dysostose, Schmids type",
6295,S52550,NORPAT,2001-12-31 23:00:00+00,,tanatofor dvergvekst,
6296,S52600,NORPAT,2001-12-31 23:00:00+00,,multiple malformasjoner med osteokondrodysplasi og osteopetrose,
6297,S52800,NORPAT,2001-12-31 23:00:00+00,,multiple malformasjoner med skjelettdysplasi,
6298,S52910,NORPAT,2001-12-31 23:00:00+00,,multipel eksostose-syndrom,
6299,S53000,NORPAT,2001-12-31 23:00:00+00,,multiple malformasjoner pga miljøskade,
6300,S53040,NORPAT,2001-12-31 23:00:00+00,,føtalt alkoholsyndrom,
6301,S53200,NORPAT,2001-12-31 23:00:00+00,,multiple malformasjoner med columnaaffeksjon,
6302,S53240,NORPAT,2001-12-31 23:00:00+00,,Klippel-Feils syndrom,
6303,S53400,NORPAT,2001-12-31 23:00:00+00,,syndrom med multiple systemiske malformasjoner,
6304,S53480,NORPAT,2001-12-31 23:00:00+00,,Laurence-Moon-Biedls syndrom,
6305,S54000,NORPAT,2001-12-31 23:00:00+00,,hamartomatose,
6306,S54010,NORPAT,2001-12-31 23:00:00+00,,nevrokutant syndrom,
6307,S54020,NORPAT,2001-12-31 23:00:00+00,,"basalcellekarsinomsyndrom, Gorlin",
6308,S54030,NORPAT,2001-12-31 23:00:00+00,,dysplastisk nevussyndrom,
6309,S54060,NORPAT,2001-12-31 23:00:00+00,,Gardners syndrom,
6310,S54120,NORPAT,2001-12-31 23:00:00+00,,incontinentia pigmenti,
6311,S54140,NORPAT,2001-12-31 23:00:00+00,,cerebrofacial angiomatose,
6312,S54220,NORPAT,2001-12-31 23:00:00+00,,multiple lentigines-syndrom,
6313,S54250,NORPAT,2001-12-31 23:00:00+00,,nevrofibromatosesyndrom,
6314,S54280,NORPAT,2001-12-31 23:00:00+00,,hemoragisk telangiektasi-syndrom,
6315,S54320,NORPAT,2001-12-31 23:00:00+00,,"periorifisielt lentigines-syndrom, Peutz-Jegher",
6316,S54340,NORPAT,2001-12-31 23:00:00+00,,"osteokondromatosesyndrom, Ollier",
6317,S54350,NORPAT,2001-12-31 23:00:00+00,,"encefalotrigiminal angiomatose, Sturge-Weber",
6318,S54370,NORPAT,2001-12-31 23:00:00+00,,tuberøs sklerose-syndrom,
6319,S54380,NORPAT,2001-12-31 23:00:00+00,,"familiær cerebello-retinal angiomatose, von Hippel-Lindau",
6320,S55000,NORPAT,2001-12-31 23:00:00+00,,kromosomsykdom,
6321,S55030,NORPAT,2017-10-14 22:00:00+00,,trisomi,
6322,S56320,NORPAT,2001-12-31 23:00:00+00,,trisomi 13 syndrom,
6323,S56620,NORPAT,2017-10-14 22:00:00+00,,trisomi 16,
6324,S56820,NORPAT,2001-12-31 23:00:00+00,,trisomi 18 syndrom,
6325,S57120,NORPAT,2001-12-31 23:00:00+00,,"trisomi 21, Down",
6326,S57430,NORPAT,2001-12-31 23:00:00+00,,Turners syndrom,
6327,S57610,NORPAT,2001-12-31 23:00:00+00,,Klinefelters syndrom,
6328,S60030,NORPAT,2001-12-31 23:00:00+00,,matforgiftning,
6329,S60080,NORPAT,2001-12-31 23:00:00+00,,infeksiøs sykdom i GI-tractus,
6330,S60400,NORPAT,2001-12-31 23:00:00+00,,periodontose,
6331,S60420,NORPAT,2001-12-31 23:00:00+00,,periodontittsyndrom,
6332,S61220,NORPAT,2001-12-31 23:00:00+00,,Mikulicz' sykdom,
6333,S61303,NORPAT,2001-12-31 23:00:00+00,,hypoklorhydri,
6334,S61305,NORPAT,2001-12-31 23:00:00+00,,aklorhydri,
6335,S61410,NORPAT,2001-12-31 23:00:00+00,,Mallory-Weiss' syndrom,
6336,S61630,NORPAT,2001-12-31 23:00:00+00,,"diffus gastrointestinal polyppose, Cronkhite-Canada",
6337,S61640,NORPAT,2021-12-31 23:00:00+00,,kjemisk reaktiv gastropati,
6338,S62020,NORPAT,2001-12-31 23:00:00+00,,intestinal lymfangiektasi-syndrom,
6339,S62050,NORPAT,2001-12-31 23:00:00+00,,gallestensileus,
6340,S62140,NORPAT,2001-12-31 23:00:00+00,,inflammatorisk tarmsykdom,
6341,S62160,NORPAT,2001-12-31 23:00:00+00,,Crohns sykdom,
6342,S62170,NORPAT,2001-12-31 23:00:00+00,,malabsorpsjonssyndrom,
6343,S62180,NORPAT,2001-12-31 23:00:00+00,,cøliaki,
6344,S62210,NORPAT,2001-12-31 23:00:00+00,,tropisk malabsorpsjonssyndrom,
6345,S62250,NORPAT,2001-12-31 23:00:00+00,,acrodermatitis enteropathica,
6346,S62280,NORPAT,2001-12-31 23:00:00+00,,malabsorpsjon etter reseksjon,
6347,S62310,NORPAT,2001-12-31 23:00:00+00,,postgastrektomisyndrom,
6348,S62320,NORPAT,2001-12-31 23:00:00+00,,dumping syndrom,
6349,S62340,NORPAT,2001-12-31 23:00:00+00,,afferent loop syndrom,
6350,S62370,NORPAT,2001-12-31 23:00:00+00,,hemoragisk enteropati-syndrom,
6351,S62510,NORPAT,2001-12-31 23:00:00+00,,divertikulose,
6352,S62530,NORPAT,2001-12-31 23:00:00+00,,irritabel colon-syndrom,
6353,S62550,NORPAT,2001-12-31 23:00:00+00,,ulcerøs kolitt,
6354,S62560,NORPAT,2001-12-31 23:00:00+00,,akutt ulcerøs kolitt,
6355,S62570,NORPAT,2001-12-31 23:00:00+00,,kronisk ulcerøs kolitt,
6356,S62580,NORPAT,2001-12-31 23:00:00+00,,toksisk megacolon,
6357,S62590,NORPAT,2001-12-31 23:00:00+00,,Hirschsprungs sykdom,
6358,S62650,NORPAT,2001-12-31 23:00:00+00,,uremisk kolitt,
6359,S62820,NORPAT,2001-12-31 23:00:00+00,,hemoragisk proktitt,
6360,S63340,NORPAT,2001-12-31 23:00:00+00,,okklusjon av ekstrahepatisk gallegang,
6361,S63350,NORPAT,2001-12-31 23:00:00+00,,kolestatisk syndrom,
6362,S63400,NORPAT,2001-12-31 23:00:00+00,,godartet arvelig residiverende kolestase,
6363,S63410,NORPAT,2001-12-31 23:00:00+00,,intrahepatisk kolestase i graviditet,
6364,S63420,NORPAT,2001-12-31 23:00:00+00,,medikamentell intrahepatisk kolestase,
6365,S63430,NORPAT,2001-12-31 23:00:00+00,,okklusjonsicterus,
6366,S63440,NORPAT,2001-12-31 23:00:00+00,,parenkymatøs icterus,
6367,S63450,NORPAT,2001-12-31 23:00:00+00,,hepatorenalt syndrom,
6368,S63520,NORPAT,2001-12-31 23:00:00+00,,veno-okklusiv sykdom i lever,
6369,S63530,NORPAT,2001-12-31 23:00:00+00,,Budd-Chiaris syndrom,
6370,S63580,NORPAT,2001-12-31 23:00:00+00,,lupoid hepatitt,
6371,S63590,NORPAT,2001-12-31 23:00:00+00,,alkoholisk hepatitt,
6372,S63591,NORPAT,2017-10-14 22:00:00+00,,ikke-alkoholisk steatohepatitt (NASH),
6373,S63730,NORPAT,2001-12-31 23:00:00+00,,Carolis sykdom,
6374,S63910,NORPAT,2001-12-31 23:00:00+00,,cystisk fibrose,
6375,S65010,NORPAT,2001-12-31 23:00:00+00,,urinveisinfeksjon,
6376,S65020,NORPAT,2001-12-31 23:00:00+00,,nyresykdom,
6377,S65030,NORPAT,2001-12-31 23:00:00+00,,nyrebekkenobstruksjon,
6378,S65050,NORPAT,2001-12-31 23:00:00+00,,nyresykdom i terminalstadium,
6379,S65070,NORPAT,2001-12-31 23:00:00+00,,hematurisyndrom,
6380,S65080,NORPAT,2001-12-31 23:00:00+00,,proteinurisyndrom,
6381,S65100,NORPAT,2001-12-31 23:00:00+00,,nyresviktsyndrom,
6382,S65110,NORPAT,2001-12-31 23:00:00+00,,akutt nyresvikt-syndrom,
6383,S65120,NORPAT,2001-12-31 23:00:00+00,,kronisk nyresvikt-syndrom,
6384,S65150,NORPAT,2001-12-31 23:00:00+00,,uremisyndrom,
6385,S65160,NORPAT,2001-12-31 23:00:00+00,,prerenal uremi-syndrom,
6386,S65220,NORPAT,2001-12-31 23:00:00+00,,hyperkalsemisk nefropati,
6387,S65240,NORPAT,2001-12-31 23:00:00+00,,benign familiær hematuri-syndrom,
6388,S65300,NORPAT,2001-12-31 23:00:00+00,,medfødt nyresykdom,
6389,S65301,NORPAT,2017-10-14 22:00:00+00,,medfødt nefrotisk syndrom - diffus mesangial sklerose,
6390,S65302,NORPAT,2017-10-14 22:00:00+00,,Denys-Drash syndrom,
6391,S65303,NORPAT,2017-10-14 22:00:00+00,,Frasier syndrom,
6392,S65304,NORPAT,2017-10-14 22:00:00+00,,lecitin-kolesterol acyltransferasemangel (L-CAT mangel),
6393,S65305,NORPAT,2017-10-14 22:00:00+00,,nail-patella syndrom,
6394,S65306,NORPAT,2017-10-14 22:00:00+00,,Pierson syndrom,
6395,S65307,NORPAT,2017-10-14 22:00:00+00,,oligomeganefroni,
6396,S65308,NORPAT,2017-10-14 22:00:00+00,,renal tubulær dysgenese,
6397,S65310,NORPAT,2001-12-31 23:00:00+00,,"renal agenesi-syndrom, Potter",
6398,S65330,NORPAT,2017-10-14 22:00:00+00,,tynn basalmembran-nefropati,
6399,S65340,NORPAT,2017-10-14 22:00:00+00,,uromodulin-assosiert nefropati/familiær juvenil hyperurikemisk nefropati,
6400,S65400,NORPAT,2001-12-31 23:00:00+00,,renal tubulær eller metabolsk sykdom/syndrom,
6401,S65410,NORPAT,2001-12-31 23:00:00+00,,renal tubulær acidose,
6402,S65570,NORPAT,2001-12-31 23:00:00+00,,renal glykosuri,
6403,S65590,NORPAT,2001-12-31 23:00:00+00,,renal fosfaturi,
6404,S65610,NORPAT,2001-12-31 23:00:00+00,,renal osteodystrofi,
6405,S65650,NORPAT,2001-12-31 23:00:00+00,,primær hyperoksaluri,
6406,S65980,NORPAT,2001-12-31 23:00:00+00,,urinsyrenefropati,
6407,S66030,NORPAT,2001-12-31 23:00:00+00,,hypokalemisk nefropati,
6408,S66040,NORPAT,2001-12-31 23:00:00+00,,Bartters syndrom,
6409,S67000,NORPAT,2001-12-31 23:00:00+00,,renal glomerulær sykdom/syndrom,
6410,S67010,NORPAT,2001-12-31 23:00:00+00,,nefrittisk syndrom,
6411,S67020,NORPAT,2001-12-31 23:00:00+00,,nefrotisk syndrom,
6412,S67030,NORPAT,2001-12-31 23:00:00+00,,nefrittisk-nefrotisk syndrom,
6413,S67050,NORPAT,2001-12-31 23:00:00+00,,akutt poststreptokokk-glomerulonefritt-syndrom,
6414,S67060,NORPAT,2001-12-31 23:00:00+00,,hurtig progredierende glomerulonefritt-syndrom,
6415,S67070,NORPAT,2001-12-31 23:00:00+00,,"membranoproliferativ glomerulonefritt, type 1",
6416,S67080,NORPAT,2001-12-31 23:00:00+00,,"membranoproliferativ glomerulonefritt, type 2",
6417,S67090,NORPAT,2021-12-31 23:00:00+00,,kryoglobulinemi-relatert glomerulonefritt,
6418,S67100,NORPAT,2001-12-31 23:00:00+00,,kronisk glomerulonefritt-syndrom,
6419,S67150,NORPAT,2001-12-31 23:00:00+00,,akutt benign hemoragisk glomerulonefritt-syndrom,
6420,S67160,NORPAT,2017-10-14 22:00:00+00,,familiær fokal segmental glomerulosklerose,
6421,S67161,NORPAT,2017-10-14 22:00:00+00,,fokal segmental glomerulosklerose sekundært til adipositas,
6422,S67180,NORPAT,2001-12-31 23:00:00+00,,Alport syndrom,
6423,S67300,NORPAT,2001-12-31 23:00:00+00,,IgA nefropati,
6424,S67350,NORPAT,2001-12-31 23:00:00+00,,epidemisk nefropati,
6425,S67400,NORPAT,2001-12-31 23:00:00+00,,Goodpasture syndrom (anti-GBM glomerulonefritt),
6426,S67410,NORPAT,2001-12-31 23:00:00+00,2017-10-13 22:00:00+00,antiglomerulusbasalmembran-antistoff-glomerulonefritt-syndrom,
6427,S67450,NORPAT,2001-12-31 23:00:00+00,2017-10-13 22:00:00+00,diffus lupusglomerulonefritt-syndrom,
6428,S67500,NORPAT,2001-12-31 23:00:00+00,,medfødt nefrotisk syndrom,
6429,S67550,NORPAT,2001-12-31 23:00:00+00,2017-10-13 22:00:00+00,minimal change glomerulær sykdom,
6430,S67560,NORPAT,2001-12-31 23:00:00+00,2017-10-13 22:00:00+00,minimal change nefrotisk syndrom,
6431,S67600,NORPAT,2001-12-31 23:00:00+00,,interstitiell nyresykdom,
6432,S67630,NORPAT,2001-12-31 23:00:00+00,2017-10-13 22:00:00+00,akutt tubulointerstitiell nefritt,
6433,S67631,NORPAT,2017-10-14 22:00:00+00,,tubulointerstitiell nefritt med uveitt,
6434,S67632,NORPAT,2017-10-14 22:00:00+00,,"aristolochiasyrenefropati (Balkan nefropati, Chinese herb nephropathy)",
6435,S67633,NORPAT,2017-10-14 22:00:00+00,,litiumnefropati,
6436,S67634,NORPAT,2017-10-14 22:00:00+00,,fosfatnefropati,
6437,S67635,NORPAT,2017-10-14 22:00:00+00,,oksalatnefropati,
6438,S67636,NORPAT,2017-10-14 22:00:00+00,,karyomegal intestitiell nefropati,
6439,S67640,NORPAT,2017-10-14 22:00:00+00,,kalsinevrinhemmer-toksisitet,
6440,S67700,NORPAT,2021-12-31 23:00:00+00,,diabetisk nefropati,
6441,S67910,NORPAT,2001-12-31 23:00:00+00,,ureterobstruksjon,
6442,S68000,NORPAT,2001-12-31 23:00:00+00,,nedre urinveissykdom,
6443,S68010,NORPAT,2001-12-31 23:00:00+00,,nedre urinveisinfeksjon,
6444,S68030,NORPAT,2001-12-31 23:00:00+00,,nedre urinveisobstruksjon,
6445,S68160,NORPAT,2001-12-31 23:00:00+00,,postgonoreisk urethritt,
6446,S68450,NORPAT,2001-12-31 23:00:00+00,,obstruktiv prostatasykdom,
6447,S70320,NORPAT,2001-12-31 23:00:00+00,,medfødt hjertesykdom,
6448,S70340,NORPAT,2001-12-31 23:00:00+00,,miltagenesisyndrom,
6449,S70370,NORPAT,2001-12-31 23:00:00+00,,Eisenmengers syndrom,
6450,S70440,NORPAT,2001-12-31 23:00:00+00,,akutt hjertesvikt,
6451,S70450,NORPAT,2001-12-31 23:00:00+00,,akutt høyrehjertesvikt,
6452,S70460,NORPAT,2001-12-31 23:00:00+00,,akutt venstrehjertesvikt,
6453,S70470,NORPAT,2001-12-31 23:00:00+00,,kronisk hjertesvikt,
6454,S70480,NORPAT,2001-12-31 23:00:00+00,,kronisk høyrehjertesvikt,
6455,S70490,NORPAT,2001-12-31 23:00:00+00,,kronisk venstrehjertesvikt,
6456,S70500,NORPAT,2001-12-31 23:00:00+00,,hjertesvikt,
6457,S70510,NORPAT,2001-12-31 23:00:00+00,,høyrehjertesvikt,
6458,S70520,NORPAT,2001-12-31 23:00:00+00,,venstrehjertesvikt,
6459,S71000,NORPAT,2001-12-31 23:00:00+00,,kardiomyopati,
6460,S71001,NORPAT,2001-12-31 23:00:00+00,,idiopatisk kardiomyopati,
6461,S71010,NORPAT,2001-12-31 23:00:00+00,,dilatert kardiomyopati,
6462,S71020,NORPAT,2001-12-31 23:00:00+00,,familiær hjertemuskel-sykdom,
6463,S71030,NORPAT,2001-12-31 23:00:00+00,,alkoholisk hjertemuskel-sykdom,
6464,S71070,NORPAT,2001-12-31 23:00:00+00,,restriktiv kardiomyopati,
6465,S71080,NORPAT,2001-12-31 23:00:00+00,,postpartum hjertemuskel-sykdom,
6466,S71090,NORPAT,2001-12-31 23:00:00+00,,sekundær hjertemuskel-sykdom,
6467,S71100,NORPAT,2001-12-31 23:00:00+00,,hypertrofisk kardiomyopati,
6468,S71110,NORPAT,2001-12-31 23:00:00+00,,obstruktiv hypertrofisk kardiomyopati,
6469,S71410,NORPAT,2001-12-31 23:00:00+00,,"eosinofil endomyokardial sykdom, Löffler",
6470,S71500,NORPAT,2001-12-31 23:00:00+00,,reumatisk hjertesykdom,
6471,S72080,NORPAT,2001-12-31 23:00:00+00,,reumatisk klaffesykdom,
6472,S72100,NORPAT,2001-12-31 23:00:00+00,,infeksiøs endokarditt,
6473,S72120,NORPAT,2001-12-31 23:00:00+00,,akutt bakteriell endokarditt,
6474,S72130,NORPAT,2001-12-31 23:00:00+00,,subakutt bakteriell endokarditt,
6475,S72150,NORPAT,2001-12-31 23:00:00+00,,mykotisk endokarditt,
6476,S72160,NORPAT,2001-12-31 23:00:00+00,,ikke-infeksiøs endokarditt,
6477,S72520,NORPAT,2001-12-31 23:00:00+00,,kronisk iskemisk hjertesykdom,
6478,S72530,NORPAT,2001-12-31 23:00:00+00,,angina pectoris,
6479,S72550,NORPAT,2001-12-31 23:00:00+00,,akutt koronarinsuffisiens-syndrom,
6480,S72650,NORPAT,2001-12-31 23:00:00+00,,kardiogent sjokk-syndrom,
6481,S73030,NORPAT,2001-12-31 23:00:00+00,,arteriell karsykdom,
6482,S73040,NORPAT,2001-12-31 23:00:00+00,,kapillær karsykdom,
6483,S73050,NORPAT,2017-10-14 22:00:00+00,,mikroskopisk polyangiitt,
6484,S73100,NORPAT,2001-12-31 23:00:00+00,,medfødt karsykdom,
6485,S73200,NORPAT,2001-12-31 23:00:00+00,,systemisk vaskulitt,
6486,S73210,NORPAT,2001-12-31 23:00:00+00,,periarteritis nodosa,
6487,S73240,NORPAT,2001-12-31 23:00:00+00,,temporalarteritt,
6488,S73250,NORPAT,2001-12-31 23:00:00+00,,"allergisk granulomatose, Churg-Strauss",
6489,S73260,NORPAT,2001-12-31 23:00:00+00,,Raynauds sykdom,
6490,S73300,NORPAT,2001-12-31 23:00:00+00,,erytromelalgi,
6491,S73500,NORPAT,2001-12-31 23:00:00+00,,generalisert arteriosklerose,
6492,S73550,NORPAT,2001-12-31 23:00:00+00,,okkluderende aterosklerose,
6493,S73680,NORPAT,2001-12-31 23:00:00+00,,Takayasus syndrom,
6494,S73700,NORPAT,2001-12-31 23:00:00+00,,hypertensivt kardiovaskulært syndrom,
6495,S73710,NORPAT,2001-12-31 23:00:00+00,,hypertensiv hjertesykdom,
6496,S73800,NORPAT,2001-12-31 23:00:00+00,,primær essensiell hypertensjon,
6497,S73820,NORPAT,2001-12-31 23:00:00+00,,malign hypertensjon,
6498,S73900,NORPAT,2001-12-31 23:00:00+00,,diabetisk angiopati,
6499,S74020,NORPAT,2001-12-31 23:00:00+00,,medfødt venøs karsykdom,
6500,S74100,NORPAT,2001-12-31 23:00:00+00,,vena cava-syndrom,
6501,S74150,NORPAT,2001-12-31 23:00:00+00,,portal hypertensjon-syndrom,
6502,S74200,NORPAT,2001-12-31 23:00:00+00,,posttromboflebittsyndrom,
6503,S74300,NORPAT,2001-12-31 23:00:00+00,,lymfangiopati,
6504,S74410,NORPAT,2001-12-31 23:00:00+00,,pulmonal karsykdom,
6505,S74430,NORPAT,2001-12-31 23:00:00+00,,hypertensiv pulmonal arteriesykdom,
6506,S74450,NORPAT,2001-12-31 23:00:00+00,,pulmonal veneokklusjon,
6507,S74820,NORPAT,2001-12-31 23:00:00+00,,kronisk konstriktiv perikarditt-syndrom,
6508,S75020,NORPAT,2001-12-31 23:00:00+00,,akutt lungeødem-syndrom,
6509,S75040,NORPAT,2001-12-31 23:00:00+00,,krupp,
6510,S75050,NORPAT,2001-12-31 23:00:00+00,,øvre luftveisinfeksjon,
6511,S75060,NORPAT,2001-12-31 23:00:00+00,,nedre luftveisinfeksjon,
6512,S75100,NORPAT,2001-12-31 23:00:00+00,,ervervsrelatert lungesykdom,
6513,S75110,NORPAT,2001-12-31 23:00:00+00,,allergisk alveolitt,
6514,S76000,NORPAT,2001-12-31 23:00:00+00,,pneumokoniose,
6515,S76030,NORPAT,2001-12-31 23:00:00+00,,asbestose,
6516,S76100,NORPAT,2001-12-31 23:00:00+00,,antrakose,
6517,S76210,NORPAT,2001-12-31 23:00:00+00,,silikose,
6518,S76510,NORPAT,2001-12-31 23:00:00+00,,kronisk obstruktiv lungelidelse,
6519,S76550,NORPAT,2001-12-31 23:00:00+00,,interstitiell lungesykdom,
6520,S76580,NORPAT,2001-12-31 23:00:00+00,,Pancoasts syndrom,
6521,S76830,NORPAT,2001-12-31 23:00:00+00,,idiopatisk fibroserende alveolitt,
6522,S76850,NORPAT,2001-12-31 23:00:00+00,,Hamman-Richs syndrom,
6523,S76950,NORPAT,2001-12-31 23:00:00+00,,granulomatøs polyangitt (Wegeners granulomatose),
6524,S76960,NORPAT,2001-12-31 23:00:00+00,2017-10-13 22:00:00+00,"Wegeners granulomatose, lokalisert form",
6525,S77020,NORPAT,2001-12-31 23:00:00+00,2017-10-13 22:00:00+00,reumatoid pneumoni-syndrom,
6526,S77050,NORPAT,2001-12-31 23:00:00+00,,respiratorisk distress-syndrom,
6527,S77060,NORPAT,2001-12-31 23:00:00+00,2017-10-13 22:00:00+00,respiratorisk distress-syndrom hos nyfødt,
6528,S77090,NORPAT,2001-12-31 23:00:00+00,2017-10-13 22:00:00+00,respiratorisk distress-syndrom hos voksen,
6529,S77150,NORPAT,2001-12-31 23:00:00+00,,cilieakinesisyndrom,
6530,S77200,NORPAT,2001-12-31 23:00:00+00,2017-10-13 22:00:00+00,posttraumatisk respirasjonsinsuffisiens,
6531,S80000,NORPAT,2001-12-31 23:00:00+00,,nevromuskulær sykdom/syndrom,
6532,S80020,NORPAT,2001-12-31 23:00:00+00,,nervesystemsykdom/-syndrom,
6533,S80040,NORPAT,2001-12-31 23:00:00+00,,myopati,
6534,S80050,NORPAT,2001-12-31 23:00:00+00,,endokrin myopati,
6535,S80100,NORPAT,2001-12-31 23:00:00+00,,myoglobinurisyndrom,
6536,S80170,NORPAT,2001-12-31 23:00:00+00,,iskemisk muskelnekrose-syndrom,
6537,S80200,NORPAT,2001-12-31 23:00:00+00,,muskeldystrofi,
6538,S80210,NORPAT,2001-12-31 23:00:00+00,,progressiv muskeldystrofi,
6539,S80220,NORPAT,2001-12-31 23:00:00+00,,"progressiv muskeldystrofi, Duchenne",
6540,S80290,NORPAT,2001-12-31 23:00:00+00,,"okulær myopati, von Graefe-Fuchs",
6541,S80320,NORPAT,2001-12-31 23:00:00+00,,dystrofia myotonica,
6542,S80340,NORPAT,2001-12-31 23:00:00+00,,"progressiv muskeldystrofi, ""limb-girdle""-type",
6543,S80400,NORPAT,2001-12-31 23:00:00+00,,paralytisk nevromuskulær sykdom,
6544,S80410,NORPAT,2001-12-31 23:00:00+00,,myasthenia gravis,
6545,S80420,NORPAT,2001-12-31 23:00:00+00,,myastenikrise,
6546,S80500,NORPAT,2001-12-31 23:00:00+00,,myoton sykdom,
6547,S80600,NORPAT,2001-12-31 23:00:00+00,,sekundær myopati,
6548,S80640,NORPAT,2001-12-31 23:00:00+00,,multi-core kongenital myopati,
6549,S80650,NORPAT,2001-12-31 23:00:00+00,,nemalin myopati,
6550,S80660,NORPAT,2001-12-31 23:00:00+00,,myotubulær myopati,
6551,S80670,NORPAT,2001-12-31 23:00:00+00,,centronukleær myopati,
6552,S80680,NORPAT,2001-12-31 23:00:00+00,,medfødt disproporsjonal fibertypemyopati,
6553,S80700,NORPAT,2001-12-31 23:00:00+00,,finger-print myopati,
6554,S80701,NORPAT,2001-12-31 23:00:00+00,,mitokondriemyopati,
6555,S80730,NORPAT,2001-12-31 23:00:00+00,,benign arvelig myopati,
6556,S80760,NORPAT,2001-12-31 23:00:00+00,,Lufts hypermetabolske myopati,
6557,S80770,NORPAT,2001-12-31 23:00:00+00,,"""ragged red fibre"" myopati",
6558,S80800,NORPAT,2001-12-31 23:00:00+00,,kollagenoserelatert muskelsykdom,
6559,S80810,NORPAT,2001-12-31 23:00:00+00,,dermatomyositt,
6560,S80910,NORPAT,2001-12-31 23:00:00+00,,polymyosittsyndrom,
6561,S80920,NORPAT,2020-01-30 23:00:00+00,,Inklusjonslegememyositt,
6562,S81000,NORPAT,2001-12-31 23:00:00+00,,motorisk sykdom,
6563,S81100,NORPAT,2001-12-31 23:00:00+00,,cerebral parese,
6564,S81400,NORPAT,2001-12-31 23:00:00+00,,sykdom i motorisk nevron,
6565,S81410,NORPAT,2001-12-31 23:00:00+00,,amyotrofisk lateralsklerose,
6566,S81450,NORPAT,2001-12-31 23:00:00+00,,"progressiv spinal muskelatrofi type 1, Werdnig-Hoffman",
6567,S81460,NORPAT,2001-12-31 23:00:00+00,,progressiv spinal muskelatrofi type 2,
6568,S81470,NORPAT,2001-12-31 23:00:00+00,,"progressiv spinal muskelatrofi type 3, Kugelberg-Welander",
6569,S82000,NORPAT,2001-12-31 23:00:00+00,,sensorisk sykdom,
6570,S82110,NORPAT,2001-12-31 23:00:00+00,,kronisk smertesyndrom,
6571,S82500,NORPAT,2001-12-31 23:00:00+00,,migrene,
6572,S83000,NORPAT,2001-12-31 23:00:00+00,,hjernenervesykdom,
6573,S83130,NORPAT,2001-12-31 23:00:00+00,,opticusneuritt,
6574,S83420,NORPAT,2001-12-31 23:00:00+00,,trigeminusneuralgi,
6575,S83740,NORPAT,2001-12-31 23:00:00+00,,Menieres sykdom,
6576,S83910,NORPAT,2001-12-31 23:00:00+00,,nervus vagus-syndrom,
6577,S84000,NORPAT,2001-12-31 23:00:00+00,,multippel hjernenervesykdom,
6578,S84110,NORPAT,2001-12-31 23:00:00+00,,"cheilitis granulomatosa, Melkersson-Rosenthal",
6579,S84300,NORPAT,2001-12-31 23:00:00+00,,bevegelses-/koordinasjonssykdom,
6580,S84320,NORPAT,2001-12-31 23:00:00+00,,chorea syndrom,
6581,S84410,NORPAT,2001-12-31 23:00:00+00,,arvelig kronisk progressiv chorea,
6582,S84500,NORPAT,2001-12-31 23:00:00+00,,Parkinsons sykdom,
6583,S84510,NORPAT,2001-12-31 23:00:00+00,,sekundær parkinsonisme,
6584,S84670,NORPAT,2001-12-31 23:00:00+00,,torticollis spasmodica,
6585,S84770,NORPAT,2001-12-31 23:00:00+00,,Gilles de la Tourettes syndrom,
6586,S84810,NORPAT,2001-12-31 23:00:00+00,,arvelig ataksi,
6587,S84870,NORPAT,2001-12-31 23:00:00+00,,olivopontocerebellar atrofi,
6588,S84890,NORPAT,2001-12-31 23:00:00+00,,olivocerebellar atrofi,
6589,S84900,NORPAT,2001-12-31 23:00:00+00,,tabes dorsalis,
6590,S84930,NORPAT,2001-12-31 23:00:00+00,,ataksi-telangiektasi-syndrom,
6591,S85020,NORPAT,2001-12-31 23:00:00+00,,minimal hjerneskade-syndrom,
6592,S85030,NORPAT,2001-12-31 23:00:00+00,,infantil minimal hjerneskade-syndrom,
6593,S85400,NORPAT,2001-12-31 23:00:00+00,,demens,
6594,S85410,NORPAT,2001-12-31 23:00:00+00,,Alzheimers sykdom,
6595,S85420,NORPAT,2001-12-31 23:00:00+00,,senil demens,
6596,S85430,NORPAT,2001-12-31 23:00:00+00,,presenil demens,
6597,S85450,NORPAT,2001-12-31 23:00:00+00,,demens med psykose,
6598,S85480,NORPAT,2001-12-31 23:00:00+00,,"senil demens, Pick",
6599,S85490,NORPAT,2001-12-31 23:00:00+00,,progressiv supranukleær parese,
6600,S85500,NORPAT,2001-12-31 23:00:00+00,,afasisyndrom,
6601,S85700,NORPAT,2001-12-31 23:00:00+00,,krampesykdom,
6602,S85710,NORPAT,2001-12-31 23:00:00+00,,idiopatisk epilepsi,
6603,S85750,NORPAT,2001-12-31 23:00:00+00,,epileptisk encefalopati,
6604,S85790,NORPAT,2001-12-31 23:00:00+00,,"myoklon epilepsi, Lafora",
6605,S87000,NORPAT,2001-12-31 23:00:00+00,,nevrotoksisk syndrom,
6606,S87200,NORPAT,2001-12-31 23:00:00+00,,metabolsk encefalopati,
6607,S87210,NORPAT,2001-12-31 23:00:00+00,,leverencefalopati,
6608,S87220,NORPAT,2001-12-31 23:00:00+00,,postshunt encefalopati,
6609,S87230,NORPAT,2001-12-31 23:00:00+00,,anoksisk hjerneskadesyndrom,
6610,S87240,NORPAT,2001-12-31 23:00:00+00,,uremisk encefalopati,
6611,S87250,NORPAT,2001-12-31 23:00:00+00,,Wilsons sykdom,
6612,S87400,NORPAT,2001-12-31 23:00:00+00,,degenerativ sykdom i nervesystemet,
6613,S87600,NORPAT,2001-12-31 23:00:00+00,,feilernæringsbetinget CNS-sykdom,
6614,S87620,NORPAT,2001-12-31 23:00:00+00,,thiaminmangelsyndrom i nervesystemet,
6615,S87700,NORPAT,2001-12-31 23:00:00+00,,alkoholrelatert sykdom,
6616,S87701,NORPAT,2001-12-31 23:00:00+00,,føtalt alkohol-syndrom,
6617,S87710,NORPAT,2001-12-31 23:00:00+00,,akutt alkoholisme,
6618,S87720,NORPAT,2001-12-31 23:00:00+00,,kronisk alkoholisme,
6619,S87760,NORPAT,2001-12-31 23:00:00+00,,delirium tremens,
6620,S87770,NORPAT,2001-12-31 23:00:00+00,,Wernickes encefalopati,
6621,S87810,NORPAT,2001-12-31 23:00:00+00,,akutt alkoholforgiftning,
6622,S87850,NORPAT,2001-12-31 23:00:00+00,,alkoholisk cerebellaratrofi,
6623,S87860,NORPAT,2001-12-31 23:00:00+00,,Korsakoffs psykose,
6624,S87870,NORPAT,2001-12-31 23:00:00+00,,Marchiafava-Bignamis sykdom,
6625,S88000,NORPAT,2001-12-31 23:00:00+00,,komplekst nevrologisk syndrom,
6626,S88070,NORPAT,2001-12-31 23:00:00+00,,phakomatose,
6627,S88320,NORPAT,2001-12-31 23:00:00+00,,Reyes' syndrom,
6628,S88460,NORPAT,2001-12-31 23:00:00+00,,døvstumhet,
6629,S88500,NORPAT,2001-12-31 23:00:00+00,,encefalopati,
6630,S88510,NORPAT,2001-12-31 23:00:00+00,,leukoencefalopati,
6631,S88520,NORPAT,2001-12-31 23:00:00+00,,polioencefalopati,
6632,S88580,NORPAT,2001-12-31 23:00:00+00,,organisk hjernesyndrom,
6633,S88700,NORPAT,2001-12-31 23:00:00+00,,demyeliniserende tilstand,
6634,S88710,NORPAT,2001-12-31 23:00:00+00,,multippel sklerose,
6635,S88730,NORPAT,2001-12-31 23:00:00+00,,adrenoleukodystrofi,
6636,S89000,NORPAT,2001-12-31 23:00:00+00,,sirkulasjonsbetinget sykdom i nervesystemet,
6637,S89010,NORPAT,2001-12-31 23:00:00+00,,reumatisk karsykdom i CNS,
6638,S89020,NORPAT,2001-12-31 23:00:00+00,,cerebrovaskulær insuffisiens-syndrom,
6639,S89030,NORPAT,2001-12-31 23:00:00+00,,cerebrovaskulært insult,
6640,S89040,NORPAT,2001-12-31 23:00:00+00,,cerebral arterieokklusjon-syndrom,
6641,S89050,NORPAT,2001-12-31 23:00:00+00,,cerebral veneokklusjon-syndrom,
6642,S89100,NORPAT,2001-12-31 23:00:00+00,,arteria basilaris-syndrom,
6643,S89110,NORPAT,2001-12-31 23:00:00+00,,arteria vertebralis-syndrom,
6644,S89130,NORPAT,2001-12-31 23:00:00+00,,arteria cerebellaris posterior inferior-syndrom,
6645,S89140,NORPAT,2001-12-31 23:00:00+00,,hypertensiv encefalopati-syndrom,
6646,S89160,NORPAT,2001-12-31 23:00:00+00,,hypertensiv krise,
6647,S89180,NORPAT,2001-12-31 23:00:00+00,,nevrologisk insult,
6648,S89310,NORPAT,2001-12-31 23:00:00+00,,transitorisk iskemisk attakk,
6649,S89320,NORPAT,2001-12-31 23:00:00+00,,reversibelt iskemisk nevrologisk utfallssyndrom,
6650,S89340,NORPAT,2001-12-31 23:00:00+00,,progredierende nevrologisk insult,
6651,S89380,NORPAT,2001-12-31 23:00:00+00,,fullt utviklet nevrologisk insult,
6652,S8X000,NORPAT,2001-12-31 23:00:00+00,,myelopati,
6653,S8X070,NORPAT,2001-12-31 23:00:00+00,,tverrsnittssyndrom,
6654,S8X180,NORPAT,2001-12-31 23:00:00+00,,cauda equina-syndrom,
6655,S8X300,NORPAT,2001-12-31 23:00:00+00,,nevropati,
6656,S8X305,NORPAT,2001-12-31 23:00:00+00,,polynevropati,
6657,S8X320,NORPAT,2001-12-31 23:00:00+00,,sekundær perifer nevropati,
6658,S8X340,NORPAT,2001-12-31 23:00:00+00,,toksisk perifer nevropati,
6659,S8X370,NORPAT,2001-12-31 23:00:00+00,,mononevropati multiplex-syndrom,
6660,S8X400,NORPAT,2001-12-31 23:00:00+00,,perifer nevropati pga vitaminmangel,
6661,S8X440,NORPAT,2001-12-31 23:00:00+00,,iskemisk perifer nevropati,
6662,S8X500,NORPAT,2001-12-31 23:00:00+00,,sykdomsrelatert perifer nevropati,
6663,S8X520,NORPAT,2001-12-31 23:00:00+00,,diabetisk nevropati,
6664,S8X580,NORPAT,2001-12-31 23:00:00+00,,uremisk nevropati,
6665,S8X630,NORPAT,2001-12-31 23:00:00+00,,levercirrhoserelatert nevropati,
6666,S8X800,NORPAT,2001-12-31 23:00:00+00,,autonom nervesystem-sykdom,
6667,S8X840,NORPAT,2001-12-31 23:00:00+00,,Horners syndrom,
6668,S8X850,NORPAT,2001-12-31 23:00:00+00,,autonom nevropati,
6669,S8X900,NORPAT,2001-12-31 23:00:00+00,,arvelig sensorisk-motorisk nevropati,
6670,S8X990,NORPAT,2001-12-31 23:00:00+00,,peroneal muskelatrofi-syndrom,
6671,S8XX00,NORPAT,2001-12-31 23:00:00+00,,arvelig sensorisk nevropati,
6672,S90000,NORPAT,2001-12-31 23:00:00+00,,psykiatrisk sykdom,
6673,S90300,NORPAT,2001-12-31 23:00:00+00,,psykose,
6674,S90600,NORPAT,2001-12-31 23:00:00+00,,schizofreni,
6675,S91000,NORPAT,2001-12-31 23:00:00+00,,affektiv psykose,
6676,S91010,NORPAT,2001-12-31 23:00:00+00,,manio-depressiv psykose,
6677,S91090,NORPAT,2001-12-31 23:00:00+00,,endogen depresjon,
6678,S91500,NORPAT,2001-12-31 23:00:00+00,,paranoid tilstand,
6679,S91510,NORPAT,2001-12-31 23:00:00+00,,paranoia,
6680,S91700,NORPAT,2001-12-31 23:00:00+00,,reaktiv psykose,
6681,S91740,NORPAT,2001-12-31 23:00:00+00,,akutt paranoid reaksjon,
6682,S92700,NORPAT,2001-12-31 23:00:00+00,,medikamentavhengighet-syndrom,
6683,S92720,NORPAT,2001-12-31 23:00:00+00,,medikamentabstinens-syndrom,
6684,S92800,NORPAT,2001-12-31 23:00:00+00,,medikamentoverdose-syndrom,
6685,S92830,NORPAT,2001-12-31 23:00:00+00,,medikamentindusert paranoid tilstand,
6686,S93310,NORPAT,2001-12-31 23:00:00+00,,selvpåført sykdom,
6687,S93350,NORPAT,2001-12-31 23:00:00+00,,nektelse av behandling for fysisk lidelse,
6688,S93360,NORPAT,2001-12-31 23:00:00+00,,nektelse av behandling for psykisk lidelse,
6689,SX0010,NORPAT,2001-12-31 23:00:00+00,,sympatisk oftalmi,
6690,SX0110,NORPAT,2001-12-31 23:00:00+00,,retinopati,
6691,SX0300,NORPAT,2001-12-31 23:00:00+00,,retinitis pigmentosa,
6692,SX0400,NORPAT,2001-12-31 23:00:00+00,,diabetes-retinopati,
6693,SX0500,NORPAT,2001-12-31 23:00:00+00,,makulær degenerasjon-syndrom,
6694,SX0620,NORPAT,2001-12-31 23:00:00+00,,cicatrisielt øyepemfigoid,
6695,SX1030,NORPAT,2001-12-31 23:00:00+00,,hypertensiv retinopati,
6696,SX1220,NORPAT,2001-12-31 23:00:00+00,,keratoconjunctivitis sicca,
6697,SX2200,NORPAT,2001-12-31 23:00:00+00,,oftalmoplegisyndrom,
6698,SX3000,NORPAT,2001-12-31 23:00:00+00,,glaukom,
6699,SX3010,NORPAT,2001-12-31 23:00:00+00,,primært glaukom,
6700,SX3020,NORPAT,2001-12-31 23:00:00+00,,sekundært glaukom,
6701,SX3600,NORPAT,2001-12-31 23:00:00+00,,fulminant glaukom,
6702,SX3620,NORPAT,2001-12-31 23:00:00+00,,glaukom etter operasjon for retinaavløsning,
6703,SX3640,NORPAT,2001-12-31 23:00:00+00,,glaukom etter perforasjonsskade,
6704,SX3650,NORPAT,2001-12-31 23:00:00+00,,glaukom etter kontusjon,
6705,SY0000,NORPAT,2001-12-31 23:00:00+00,,påvist udiagnostisert sykdom,
6706,SY0090,NORPAT,2001-12-31 23:00:00+00,,subklinisk sykdom,
6707,SY0100,NORPAT,2001-12-31 23:00:00+00,,medfødt sykdom,
6708,SY0180,NORPAT,2001-12-31 23:00:00+00,,stråleindusert sykdom,
6709,SY0200,NORPAT,2001-12-31 23:00:00+00,,miljøbetinget sykdom,
6710,SY0240,NORPAT,2001-12-31 23:00:00+00,,industrimiljøbetinget sykdom,
6711,SY0340,NORPAT,2001-12-31 23:00:00+00,,familiær neoplastisk sykdom,
6712,SY0350,NORPAT,2001-12-31 23:00:00+00,,paraneoplastisk syndrom,
6713,SY0360,NORPAT,2021-01-28 23:00:00+00,,Li-Fraumenis syndrom,
6714,SY0500,NORPAT,2001-12-31 23:00:00+00,,forgiftning,
6715,SY0530,NORPAT,2001-12-31 23:00:00+00,,karbonmonoksyd forgiftningssykdom,
6716,T00000,NORPAT,2019-01-15 23:00:00+00,,topografi,
6717,T00001,NORPAT,2001-12-31 23:00:00+00,,ukjent topografi,6716
6718,T00003,NORPAT,2001-12-31 23:00:00+00,,topografi ikke angitt,6716
6719,T00010,NORPAT,2001-12-31 23:00:00+00,,hele individet,6716
6720,T00020,NORPAT,2001-12-31 23:00:00+00,,multippel topografi,6716
6721,T00100,NORPAT,2001-12-31 23:00:00+00,,reseksjonsrand,6716
6722,T00220,NORPAT,2001-12-31 23:00:00+00,,donorsted,6716
6723,T00230,NORPAT,2001-12-31 23:00:00+00,,recipientsted,6716
6724,T00250,NORPAT,2019-01-15 23:00:00+00,,epitel,6716
6725,T00260,NORPAT,2019-01-15 23:00:00+00,,plateepitel,6724
6726,T00460,NORPAT,2019-01-15 23:00:00+00,,sylinderepitel,6724
6727,T00600,NORPAT,2001-12-31 23:00:00+00,2017-10-13 22:00:00+00,ukjent topografi for primærtumor,
6728,T00900,NORPAT,2019-01-15 23:00:00+00,,hud og underhud,6716
6729,T01000,NORPAT,2001-12-31 23:00:00+00,,hud,6728
6730,T01100,NORPAT,2001-12-31 23:00:00+00,,epidermis,6729
6731,T01110,NORPAT,2019-01-15 23:00:00+00,,stratum corneum,6730
6732,T01151,NORPAT,2019-01-15 23:00:00+00,,melanocytt,8589
6733,T01152,NORPAT,2019-01-15 23:00:00+00,,keratinocytt,8589
6734,T01153,NORPAT,2019-01-15 23:00:00+00,,langerhanscelle,8589
6735,T01200,NORPAT,2001-12-31 23:00:00+00,,dermis,6729
6736,T01211,NORPAT,2019-01-15 23:00:00+00,,stratum papillare,6735
6737,T01221,NORPAT,2019-01-15 23:00:00+00,,stratum reticulare,6735
6738,T01225,NORPAT,2019-01-15 23:00:00+00,,subepidermale dermis,6735
6739,T01227,NORPAT,2019-01-15 23:00:00+00,,blodkar i dermis,6740
6740,T01230,NORPAT,2019-01-15 23:00:00+00,,blodkar i hud,7338
6741,T01300,NORPAT,2001-12-31 23:00:00+00,,hudadneks,6729
6742,T01310,NORPAT,2001-12-31 23:00:00+00,,talgkjertel,6741
6743,T01320,NORPAT,2001-12-31 23:00:00+00,,apokrin svettekjertel,6741
6744,T01330,NORPAT,2001-12-31 23:00:00+00,,ekkrin svettekjertel,6741
6745,T01400,NORPAT,2001-12-31 23:00:00+00,,hår,6741
6746,T01414,NORPAT,2019-01-15 23:00:00+00,,hårsekk,6741
6747,T01520,NORPAT,2019-01-15 23:00:00+00,,øyenbryn,8405
6748,T01600,NORPAT,2001-12-31 23:00:00+00,,negl,6741
6749,T01609,NORPAT,2001-12-31 23:00:00+00,,neglseng,6748
6750,T01614,NORPAT,2019-01-15 23:00:00+00,,tånegl,6748
6751,T02000,NORPAT,2019-01-15 23:00:00+00,,"hud, region",6729
6752,T02100,NORPAT,2001-12-31 23:00:00+00,,hud på hode,6775
6753,T02102,NORPAT,2001-12-31 23:00:00+00,,hud på skalp,6752
6754,T02104,NORPAT,2019-01-15 23:00:00+00,,hud på panne,6759
6755,T02105,NORPAT,2019-01-15 23:00:00+00,,hud på supraorbitale region,6759
6756,T02111,NORPAT,2019-01-15 23:00:00+00,,hud på tinning,6752
6757,T02113,NORPAT,2019-01-15 23:00:00+00,,hud på postaurikulære region,6752
6758,T02114,NORPAT,2019-01-15 23:00:00+00,,hud på preaurikulære region,6752
6759,T02120,NORPAT,2001-12-31 23:00:00+00,,hud på ansikt,6752
6760,T02121,NORPAT,2019-01-15 23:00:00+00,,hud på kinn,6759
6761,T02130,NORPAT,2001-12-31 23:00:00+00,,hud på øyelokk,6759
6762,T02131,NORPAT,2001-12-31 23:00:00+00,,hud på øvre øyelokk,6761
6763,T02132,NORPAT,2001-12-31 23:00:00+00,,hud på nedre øyelokk,6761
6764,T02133,NORPAT,2019-01-15 23:00:00+00,,hud på periorbitale region,6759
6765,T02134,NORPAT,2019-01-15 23:00:00+00,,hud i øyekrok,6759
6766,T02140,NORPAT,2001-12-31 23:00:00+00,,hud på nese,6759
6767,T02150,NORPAT,2001-12-31 23:00:00+00,,hud på leppe,6759
6768,T02151,NORPAT,2019-01-15 23:00:00+00,,hud på overleppe,6759
6769,T02152,NORPAT,2019-01-15 23:00:00+00,,hud på underleppe,6759
6770,T02155,NORPAT,2019-01-15 23:00:00+00,,hud på hake,6759
6771,T02200,NORPAT,2001-12-31 23:00:00+00,,hud på ytre øre,6775
6772,T02219,NORPAT,2001-12-31 23:00:00+00,,hud i ytre øregang,6752
6773,T02300,NORPAT,2001-12-31 23:00:00+00,,hud på hals,6775
6774,T02305,NORPAT,2001-12-31 23:00:00+00,,hud på nakke,6773
6775,T02390,NORPAT,2019-01-15 23:00:00+00,,hud på hode og hals,6729
6776,T02400,NORPAT,2001-12-31 23:00:00+00,,hud på truncus,6729
6777,T02401,NORPAT,2019-01-15 23:00:00+00,,hud på thorax,6776
6778,T02403,NORPAT,2019-01-15 23:00:00+00,,hud på flanke,6776
6779,T02410,NORPAT,2001-12-31 23:00:00+00,,hud på skulder,6777
6780,T02420,NORPAT,2001-12-31 23:00:00+00,,hud i armhule,6777
6781,T02424,NORPAT,2001-12-31 23:00:00+00,,hud på bryst,6776
6782,T02430,NORPAT,2001-12-31 23:00:00+00,,hud på mamma,6776
6783,T02431,NORPAT,2001-12-31 23:00:00+00,,hud på papilla mammae,6782
6784,T02432,NORPAT,2001-12-31 23:00:00+00,,hud på areola mammae,6782
6785,T02450,NORPAT,2001-12-31 23:00:00+00,,hud på rygg,6776
6786,T02460,NORPAT,2001-12-31 23:00:00+00,,hud på lende/flanke,6776
6787,T02470,NORPAT,2001-12-31 23:00:00+00,,hud på hofte,6809
6788,T02471,NORPAT,2001-12-31 23:00:00+00,,hud på sete,6809
6789,T02480,NORPAT,2001-12-31 23:00:00+00,,hud på mage,6776
6790,T02487,NORPAT,2001-12-31 23:00:00+00,,hud i lyske,6729
6791,T02500,NORPAT,2001-12-31 23:00:00+00,,hud på perineum,6729
6792,T02501,NORPAT,2001-12-31 23:00:00+00,,hud på ytre genitalia,6729
6793,T02503,NORPAT,2019-01-15 23:00:00+00,,hud på pubis,6729
6794,T02507,NORPAT,2001-12-31 23:00:00+00,,hud på perianalregion,6729
6795,T02511,NORPAT,2001-12-31 23:00:00+00,,hud på vulva,6729
6796,T02520,NORPAT,2001-12-31 23:00:00+00,,hud på labium,6729
6797,T02530,NORPAT,2001-12-31 23:00:00+00,,hud på penis,6729
6798,T02531,NORPAT,2001-12-31 23:00:00+00,,hud på glans penis,6729
6799,T02540,NORPAT,2001-12-31 23:00:00+00,,hud på preputiet,6729
6800,T02545,NORPAT,2001-12-31 23:00:00+00,,hud på scrotum,6729
6801,T02600,NORPAT,2001-12-31 23:00:00+00,,hud på overekstremitet,6751
6802,T02610,NORPAT,2001-12-31 23:00:00+00,,hud på overarm,6801
6803,T02620,NORPAT,2001-12-31 23:00:00+00,,hud på albue,6801
6804,T02630,NORPAT,2001-12-31 23:00:00+00,,hud på underarm,6801
6805,T02650,NORPAT,2001-12-31 23:00:00+00,,hud på hånd,6801
6806,T02651,NORPAT,2001-12-31 23:00:00+00,,hud på håndrygg,6805
6807,T02652,NORPAT,2001-12-31 23:00:00+00,,hud på håndflate,6805
6808,T02670,NORPAT,2001-12-31 23:00:00+00,,hud på finger,6805
6809,T02800,NORPAT,2001-12-31 23:00:00+00,,hud på underekstremitet,6751
6810,T02810,NORPAT,2001-12-31 23:00:00+00,,hud på lår,6809
6811,T02820,NORPAT,2001-12-31 23:00:00+00,,hud på kne,6809
6812,T02830,NORPAT,2001-12-31 23:00:00+00,,hud på legg,6809
6813,T02850,NORPAT,2001-12-31 23:00:00+00,,hud på fot,6809
6814,T02851,NORPAT,2001-12-31 23:00:00+00,,hud på fotrygg,6813
6815,T02852,NORPAT,2001-12-31 23:00:00+00,,hud på fotsåle,6813
6816,T02870,NORPAT,2001-12-31 23:00:00+00,,hud på tå,6813
6817,T02999,NORPAT,2001-12-31 23:00:00+00,,"hud, multiple lokalisasjoner",6729
6818,T03000,NORPAT,2001-12-31 23:00:00+00,,underhud,6728
6819,T03010,NORPAT,2019-01-15 23:00:00+00,,retinaculum cutis,6818
6820,T03020,NORPAT,2017-10-14 22:00:00+00,,subkutant fettvev,7154
6821,T03100,NORPAT,2001-12-31 23:00:00+00,,underhud på hode,6818
6822,T03300,NORPAT,2001-12-31 23:00:00+00,,underhud på hals,6818
6823,T03400,NORPAT,2001-12-31 23:00:00+00,,underhud på truncus,6818
6824,T03420,NORPAT,2001-12-31 23:00:00+00,,underhud i armhule,6818
6825,T03430,NORPAT,2001-12-31 23:00:00+00,,underhud på mamma,6818
6826,T03487,NORPAT,2001-12-31 23:00:00+00,,underhud i lyske,6818
6827,T03500,NORPAT,2019-01-15 23:00:00+00,,underhud på perineum,6823
6828,T03501,NORPAT,2001-12-31 23:00:00+00,,underhud på genitalia externa,6818
6829,T03600,NORPAT,2001-12-31 23:00:00+00,,underhud på overekstremitet,6818
6830,T03800,NORPAT,2001-12-31 23:00:00+00,,underhud på underekstremitet,6818
6831,T03900,NORPAT,2019-01-15 23:00:00+00,,mamma og endokrine system,6716
6832,T04000,NORPAT,2001-12-31 23:00:00+00,,mamma,6831
6833,T04010,NORPAT,2001-12-31 23:00:00+00,,mamma hos kvinne,6832
6834,T04020,NORPAT,2001-12-31 23:00:00+00,,høyre mamma hos kvinne,6833
6835,T04030,NORPAT,2001-12-31 23:00:00+00,,venstre mamma hos kvinne,6833
6836,T04040,NORPAT,2001-12-31 23:00:00+00,,mamma hos mann,6832
6837,T04050,NORPAT,2001-12-31 23:00:00+00,,høyre mamma hos mann,6836
6838,T04060,NORPAT,2001-12-31 23:00:00+00,,venstre mamma hos mann,6836
6839,T04100,NORPAT,2001-12-31 23:00:00+00,,papilla mammae,6832
6840,T04101,NORPAT,2001-12-31 23:00:00+00,,høyre papilla mammae,6839
6841,T04102,NORPAT,2001-12-31 23:00:00+00,,venstre papilla mammae,6839
6842,T04103,NORPAT,2001-12-31 23:00:00+00,,begge papillae mammae,6839
6843,T041X0,NORPAT,2001-12-31 23:00:00+00,,sekret fra papilla mammae,6839
6844,T041X1,NORPAT,2001-12-31 23:00:00+00,,sekret fra høyre papilla mammae,6843
6845,T041X2,NORPAT,2001-12-31 23:00:00+00,,sekret fra venstre papilla mammae,6843
6846,T041X3,NORPAT,2001-12-31 23:00:00+00,2019-01-14 23:00:00+00,sekret fra begge papillae mammae,
6847,T04200,NORPAT,2001-12-31 23:00:00+00,,areola mammae,6832
6848,T04202,NORPAT,2019-01-15 23:00:00+00,,papilla og areola mammae,6832
6849,T04280,NORPAT,2019-01-15 23:00:00+00,,processus axillaris mammae,6832
6850,T04400,NORPAT,2019-01-15 23:00:00+00,,lobus glandulae mammaria,6832
6851,T04600,NORPAT,2019-01-15 23:00:00+00,,lakterende mamma,6832
6852,T04800,NORPAT,2001-12-31 23:00:00+00,,begge mammae,6832
6853,T04810,NORPAT,2001-12-31 23:00:00+00,,begge mammae hos kvinne,6833
6854,T04840,NORPAT,2001-12-31 23:00:00+00,,begge mammae hos mann,6836
6855,T04900,NORPAT,2019-01-15 23:00:00+00,,hematologisk og lymfatisk system,6716
6856,T05000,NORPAT,2019-01-15 23:00:00+00,,hematopoetiske og retikuloendoteliale system,6855
6857,T05050,NORPAT,2019-01-15 23:00:00+00,,hematopoetiske system,6856
6858,T05100,NORPAT,2019-01-15 23:00:00+00,,retikuloendoteliale system,6856
6859,T05105,NORPAT,2001-12-31 23:00:00+00,2017-10-13 22:00:00+00,retikuloendotelial celle,
6860,T05110,NORPAT,2001-12-31 23:00:00+00,2017-10-13 22:00:00+00,retikulum celle,
6861,T05111,NORPAT,2001-12-31 23:00:00+00,2017-10-13 22:00:00+00,dendritisk retikulum celle,
6862,T05120,NORPAT,2001-12-31 23:00:00+00,2017-10-13 22:00:00+00,histiocytt UNS,
6863,T05128,NORPAT,2001-12-31 23:00:00+00,2017-10-13 22:00:00+00,makrofag,
6864,T05130,NORPAT,2001-12-31 23:00:00+00,2017-10-13 22:00:00+00,endotelcelle,
6865,T05140,NORPAT,2019-01-15 23:00:00+00,,mastcelle,8589
6866,T05200,NORPAT,2019-01-15 23:00:00+00,,lymfatisk vev,6858
6867,T05210,NORPAT,2019-01-15 23:00:00+00,,lymfoblast,8589
6868,T05221,NORPAT,2001-12-31 23:00:00+00,2017-10-13 22:00:00+00,centrocytt,
6869,T05230,NORPAT,2001-12-31 23:00:00+00,2017-10-13 22:00:00+00,lymfoid celle UNS,
6870,T05231,NORPAT,2001-12-31 23:00:00+00,2017-10-13 22:00:00+00,immunoblast,
6871,T05240,NORPAT,2001-12-31 23:00:00+00,2017-10-13 22:00:00+00,liten lymfocytt,
6872,T05250,NORPAT,2001-12-31 23:00:00+00,2017-10-13 22:00:00+00,middels stor lymfoidcelle,
6873,T05260,NORPAT,2001-12-31 23:00:00+00,2017-10-13 22:00:00+00,centroblast,
6874,T05310,NORPAT,2001-12-31 23:00:00+00,2017-10-13 22:00:00+00,plasmablast,
6875,T05320,NORPAT,2019-01-15 23:00:00+00,,plasmacelle,8589
6876,T05420,NORPAT,2001-12-31 23:00:00+00,2017-10-13 22:00:00+00,monocytt UNS,
6877,T05500,NORPAT,2001-12-31 23:00:00+00,2017-10-13 22:00:00+00,leukocytt UNS,
6878,T06000,NORPAT,2001-12-31 23:00:00+00,,benmarg,6857
6879,T06001,NORPAT,2019-01-15 23:00:00+00,,sternalmarg,6878
6880,T06002,NORPAT,2001-12-31 23:00:00+00,,benmarg fra crista iliaca,6878
6881,T06003,NORPAT,2019-01-15 23:00:00+00,,benmarg fra corpus vertebrae,6878
6882,T06006,NORPAT,2019-01-15 23:00:00+00,,rød benmarg,6878
6883,T06007,NORPAT,2019-01-15 23:00:00+00,,gul benmarg,6878
6884,T06008,NORPAT,2019-01-15 23:00:00+00,,fettvev fra benmarg,7154
6885,T06009,NORPAT,2019-01-15 23:00:00+00,,bentrabekler i benmarg,6878
6886,T06010,NORPAT,2001-12-31 23:00:00+00,2017-10-13 22:00:00+00,retikuloendotelial celle i benmarg UNS,
6887,T06011,NORPAT,2019-01-15 23:00:00+00,,stamcelle,8589
6888,T06100,NORPAT,2019-01-15 23:00:00+00,,erytropoetisk vev,6857
6889,T06110,NORPAT,2001-12-31 23:00:00+00,2017-10-13 22:00:00+00,erytroblast,
6890,T06140,NORPAT,2019-01-15 23:00:00+00,,normoblast,8589
6891,T06160,NORPAT,2001-12-31 23:00:00+00,2017-10-13 22:00:00+00,erytrocytt i benmarg UNS,
6892,T06200,NORPAT,2019-01-15 23:00:00+00,,myelopoetisk vev,6878
6893,T06210,NORPAT,2001-12-31 23:00:00+00,2017-10-13 22:00:00+00,"myeloblast, promyelocytt UNS",
6894,T06211,NORPAT,2001-12-31 23:00:00+00,2017-10-13 22:00:00+00,promyelocytt UNS,
6895,T06220,NORPAT,2001-12-31 23:00:00+00,2017-10-13 22:00:00+00,neutrofil promyelocytt,
6896,T06230,NORPAT,2001-12-31 23:00:00+00,2017-10-13 22:00:00+00,neutrofil myelocytt,
6897,T06240,NORPAT,2001-12-31 23:00:00+00,2017-10-13 22:00:00+00,neutrofil metamyelocytt,
6898,T06260,NORPAT,2001-12-31 23:00:00+00,2017-10-13 22:00:00+00,neutrofil granulocytt i benmarg,
6899,T06320,NORPAT,2001-12-31 23:00:00+00,2017-10-13 22:00:00+00,eosinofil myelocytt,
6900,T06340,NORPAT,2001-12-31 23:00:00+00,2017-10-13 22:00:00+00,eosinofil granulocytt i benmarg,
6901,T06440,NORPAT,2001-12-31 23:00:00+00,2017-10-13 22:00:00+00,basofil granulocytt i benmarg,
6902,T06460,NORPAT,2001-12-31 23:00:00+00,2017-10-13 22:00:00+00,leukocytt i benmarg UNS,
6903,T06510,NORPAT,2001-12-31 23:00:00+00,2017-10-13 22:00:00+00,megakaryoblast,
6904,T06540,NORPAT,2001-12-31 23:00:00+00,2017-10-13 22:00:00+00,megakaryocytt UNS,
6905,T06570,NORPAT,2001-12-31 23:00:00+00,2017-10-13 22:00:00+00,mastcelle i benmarg,
6906,T06600,NORPAT,2001-12-31 23:00:00+00,2017-10-13 22:00:00+00,lymfoid vev i benmarg UNS,
6907,T06660,NORPAT,2001-12-31 23:00:00+00,2017-10-13 22:00:00+00,lymfocytt i benmarg UNS,
6908,T06700,NORPAT,2001-12-31 23:00:00+00,2017-10-13 22:00:00+00,monocytt i benmarg UNS,
6909,T06710,NORPAT,2001-12-31 23:00:00+00,2017-10-13 22:00:00+00,monoblast i benmarg,
6910,T06730,NORPAT,2001-12-31 23:00:00+00,2017-10-13 22:00:00+00,monocytoid celle i benmarg,
6911,T06750,NORPAT,2001-12-31 23:00:00+00,2017-10-13 22:00:00+00,plasmacelle i benmarg UNS,
6912,T06760,NORPAT,2001-12-31 23:00:00+00,2017-10-13 22:00:00+00,plasmablast i benmarg,
6913,T06770,NORPAT,2019-01-15 23:00:00+00,,plasmacytoid lymfocytt,8589
6914,T06810,NORPAT,2001-12-31 23:00:00+00,2017-10-13 22:00:00+00,myelomonocytt i benmarg UNS,
6915,T06920,NORPAT,2001-12-31 23:00:00+00,2017-10-13 22:00:00+00,fibroblast i benmarg.,
6916,T07000,NORPAT,2001-12-31 23:00:00+00,,milt,6858
6917,T07010,NORPAT,2019-01-15 23:00:00+00,,miltkapsel,6916
6918,T07020,NORPAT,2019-01-15 23:00:00+00,,milthilus,6916
6919,T07030,NORPAT,2019-01-15 23:00:00+00,,hvit miltpulpa,6916
6920,T07040,NORPAT,2019-01-15 23:00:00+00,,rød miltpulpa,6916
6921,T07070,NORPAT,2019-01-15 23:00:00+00,,hemolymfeknute,6923
6922,T07080,NORPAT,2019-01-15 23:00:00+00,,miltpulpa,6916
6923,T08000,NORPAT,2001-12-31 23:00:00+00,,lymfeknute,6855
6924,T08010,NORPAT,2019-01-15 23:00:00+00,,lymfeknutekapsel,6923
6925,T08020,NORPAT,2019-01-15 23:00:00+00,,lymfeknutesinus,6923
6926,T08030,NORPAT,2019-01-15 23:00:00+00,,lymfefollikel,6923
6927,T08040,NORPAT,2019-01-15 23:00:00+00,,margstreng i lymfeknute,6923
6928,T08060,NORPAT,2019-01-15 23:00:00+00,,kimsenter i lymfefollikel,6926
6929,T08090,NORPAT,2019-01-15 23:00:00+00,,paracortex i lymfeknute,6923
6930,T08092,NORPAT,2019-01-15 23:00:00+00,,T-sone i lymfeknute,6923
6931,T08094,NORPAT,2019-01-15 23:00:00+00,,B-sone i lymfeknute,6923
6932,T08100,NORPAT,2001-12-31 23:00:00+00,,lymfeknute i hoderegion,6923
6933,T08140,NORPAT,2001-12-31 23:00:00+00,,lymfeknute i glandula parotis,6932
6934,T08160,NORPAT,2019-01-15 23:00:00+00,,submandibulær lymfeknute,6938
6935,T08170,NORPAT,2019-01-15 23:00:00+00,,submental lymfeknute,6932
6936,T08180,NORPAT,2019-01-15 23:00:00+00,,mandibulær lymfeknute,6932
6937,T08190,NORPAT,2019-01-15 23:00:00+00,2020-01-29 23:00:00+00,submaksillær lymfeknute,6932
6938,T08200,NORPAT,2001-12-31 23:00:00+00,,halslymfeknute,6923
6939,T08220,NORPAT,2019-01-15 23:00:00+00,,supraklavikulær lymfeknute,6938
6940,T08230,NORPAT,2019-01-15 23:00:00+00,,jugulær lymfeknute,6938
6941,T08250,NORPAT,2019-01-15 23:00:00+00,,retrofaryngeal lymfeknute,6938
6942,T08260,NORPAT,2019-01-15 23:00:00+00,,prelaryngeal lymfeknute,6938
6943,T08270,NORPAT,2019-01-15 23:00:00+00,,pretrakeal lymfeknute,6938
6944,T08280,NORPAT,2019-01-15 23:00:00+00,,infraklavikulær lymfeknute,6938
6945,T08300,NORPAT,2001-12-31 23:00:00+00,,lymfeknute i thorax,6923
6946,T08310,NORPAT,2001-12-31 23:00:00+00,,lymfeknute i lunge,6945
6947,T08320,NORPAT,2001-12-31 23:00:00+00,,bronkopulmonal lymfeknute,6945
6948,T08330,NORPAT,2001-12-31 23:00:00+00,,trakeobronkial lymfeknute,6945
6949,T08340,NORPAT,2001-12-31 23:00:00+00,,paratrakeal lymfeknute,6952
6950,T08350,NORPAT,2019-01-15 23:00:00+00,,parasternal lymfeknute,6952
6951,T08352,NORPAT,2019-01-15 23:00:00+00,,lymfeknute i mamma,6923
6952,T08360,NORPAT,2001-12-31 23:00:00+00,,mediastinal lymfeknute,6945
6953,T08400,NORPAT,2001-12-31 23:00:00+00,,abdominal lymfeknute,6923
6954,T08440,NORPAT,2001-12-31 23:00:00+00,,lymfeknute i porta hepatis,6953
6955,T08450,NORPAT,2001-12-31 23:00:00+00,,gastrisk lymfeknute,6953
6956,T08458,NORPAT,2019-01-15 23:00:00+00,,lymfeknute i gastrokoliske ligament,6953
6957,T08472,NORPAT,2001-12-31 23:00:00+00,,lymfeknute i milthilus,6953
6958,T08474,NORPAT,2001-12-31 23:00:00+00,,pankreatisk lymfeknute,6953
6959,T08480,NORPAT,2001-12-31 23:00:00+00,,paraaortal lymfeknute,6923
6960,T08500,NORPAT,2001-12-31 23:00:00+00,,intestinal lymfeknute,6923
6961,T08510,NORPAT,2001-12-31 23:00:00+00,,mesenterial lymfeknute,6953
6962,T08520,NORPAT,2001-12-31 23:00:00+00,,ileokolisk lymfeknute,6963
6963,T08560,NORPAT,2001-12-31 23:00:00+00,,mesokolisk lymfeknute,6953
6964,T08565,NORPAT,2019-01-15 23:00:00+00,,mesorektal lymfeknute,6953
6965,T08570,NORPAT,2019-01-15 23:00:00+00,,lymfeknute i nyrehilus,6966
6966,T08580,NORPAT,2001-12-31 23:00:00+00,,retroperitoneal lymfeknute,6953
6967,T08600,NORPAT,2001-12-31 23:00:00+00,,lymfeknute i pelvis,6923
6968,T08610,NORPAT,2001-12-31 23:00:00+00,,lymfeknute i regio iliaca,6967
6969,T08630,NORPAT,2019-01-15 23:00:00+00,,lymfeknute i fossa obturatoria,6967
6970,T08660,NORPAT,2001-12-31 23:00:00+00,,parametrial lymfeknute,6967
6971,T08690,NORPAT,2001-12-31 23:00:00+00,,uterin paracervical lymfeknute,6967
6972,T08700,NORPAT,2001-12-31 23:00:00+00,,lymfeknute på overekstremitet,6923
6973,T08710,NORPAT,2001-12-31 23:00:00+00,,aksillær lymfeknute,6972
6974,T08711,NORPAT,2019-01-15 23:00:00+00,,lymfeknute i høyre aksille,6973
6975,T08712,NORPAT,2019-01-15 23:00:00+00,,lymfeknute i venstre aksille,6973
6976,T08720,NORPAT,2019-01-15 23:00:00+00,,lymfeknute i processus axillaris,6973
6977,T08800,NORPAT,2001-12-31 23:00:00+00,,lymfeknute på underekstremitet,6923
6978,T08810,NORPAT,2001-12-31 23:00:00+00,,inguinal lymfeknute,6977
6979,T08900,NORPAT,2019-01-15 23:00:00+00,,"lymfeknuter, generalisert",6923
6980,T09000,NORPAT,2001-12-31 23:00:00+00,,lymfatisk system,7270
6981,T09010,NORPAT,2001-12-31 23:00:00+00,,lymfekar,6980
6982,T09020,NORPAT,2001-12-31 23:00:00+00,,lymfe,7270
6983,T09400,NORPAT,2019-01-15 23:00:00+00,,lymfekar i thorax,6981
6984,T09420,NORPAT,2019-01-15 23:00:00+00,,lymfekar i mamma,6983
6985,T09510,NORPAT,2019-01-15 23:00:00+00,,ductus thoracicus,6981
6986,T09550,NORPAT,2019-01-15 23:00:00+00,,lymfekar i lunge,6983
6987,T09600,NORPAT,2019-01-15 23:00:00+00,,lymfekar i abdomen,6981
6988,T09620,NORPAT,2019-01-15 23:00:00+00,,lymfekar i magesekk,6987
6989,T09640,NORPAT,2019-01-15 23:00:00+00,,lymfekar i tynntarm,6987
6990,T09650,NORPAT,2019-01-15 23:00:00+00,,lymfekar i appendix og tykktarm,6987
6991,T09690,NORPAT,2019-01-15 23:00:00+00,,lymfekar i nyre,6987
6992,T09710,NORPAT,2019-01-15 23:00:00+00,,lymfekar i ureter og urinblære,6987
6993,T09720,NORPAT,2019-01-15 23:00:00+00,,lymfekar i ovarier og tube,6987
6994,T09730,NORPAT,2019-01-15 23:00:00+00,,lymfekar i uterus,6987
6995,T09760,NORPAT,2019-01-15 23:00:00+00,,lymfekar i prostata og mannlig urethra,6987
6996,T09770,NORPAT,2019-01-15 23:00:00+00,,lymfekar i testis,6987
6997,T0X000,NORPAT,2001-12-31 23:00:00+00,,blod,6857
6998,T0X001,NORPAT,2017-10-14 22:00:00+00,,arterieblod,6997
6999,T0X002,NORPAT,2017-10-14 22:00:00+00,,veneblod,6997
7000,T0X003,NORPAT,2017-10-14 22:00:00+00,,kapillærblod,6997
7001,T0X100,NORPAT,2019-01-15 23:00:00+00,,blodcelle,8589
7002,T0X110,NORPAT,2001-12-31 23:00:00+00,2017-10-13 22:00:00+00,erytroid celle i blod UNS,
7003,T0X120,NORPAT,2019-01-15 23:00:00+00,,erytrocytt,8589
7004,T0X130,NORPAT,2019-01-15 23:00:00+00,,retikulocytt,8589
7005,T0X140,NORPAT,2019-01-15 23:00:00+00,,leukocytt,8589
7006,T0X150,NORPAT,2019-01-15 23:00:00+00,,granulocytt,8589
7007,T0X160,NORPAT,2019-01-15 23:00:00+00,,nøytrofil granulocytt,8589
7008,T0X170,NORPAT,2019-01-15 23:00:00+00,,eosinofil granulocytt,8589
7009,T0X180,NORPAT,2019-01-15 23:00:00+00,,basofil granulocytt,8589
7010,T0X210,NORPAT,2019-01-15 23:00:00+00,,lymfocytt,8589
7011,T0X220,NORPAT,2001-12-31 23:00:00+00,2017-10-13 22:00:00+00,lymfocytt i perifert blod,
7012,T0X270,NORPAT,2001-12-31 23:00:00+00,2017-10-13 22:00:00+00,plasmacelle i perifert blod,
7013,T0X280,NORPAT,2019-01-15 23:00:00+00,,monocytt,8589
7014,T0X320,NORPAT,2019-01-15 23:00:00+00,,megakaryocytt,8589
7015,T0X330,NORPAT,2019-01-15 23:00:00+00,,trombocytt,8589
7016,T0X340,NORPAT,2001-12-31 23:00:00+00,2017-10-13 22:00:00+00,andre celler i perifert blod,
7017,T0X400,NORPAT,2001-12-31 23:00:00+00,,plasma,6997
7018,T0X500,NORPAT,2001-12-31 23:00:00+00,,serum,6997
7019,T0Y200,NORPAT,2001-12-31 23:00:00+00,2019-01-14 23:00:00+00,cytologisk materiale fra hud,
7020,T0Y900,NORPAT,2019-01-15 23:00:00+00,,ben og bløtvev,6716
7021,T10000,NORPAT,2017-10-14 22:00:00+00,,skjelett,7020
7022,T10020,NORPAT,2001-12-31 23:00:00+00,2017-10-13 22:00:00+00,skjelett UNS,
7023,T10090,NORPAT,2019-01-15 23:00:00+00,,skjelett og ledd,7021
7024,T10100,NORPAT,2019-01-15 23:00:00+00,,ansikts- og kranieknokler,7021
7025,T10101,NORPAT,2001-12-31 23:00:00+00,,kranium,7021
7026,T10110,NORPAT,2001-12-31 23:00:00+00,,panneben,7025
7027,T10120,NORPAT,2001-12-31 23:00:00+00,,os parietale,7025
7028,T10130,NORPAT,2001-12-31 23:00:00+00,,os temporale,7025
7029,T10132,NORPAT,2001-12-31 23:00:00+00,,tinningbenpyramiden,7025
7030,T10133,NORPAT,2001-12-31 23:00:00+00,,processus mastoideus ossis temporalis,7025
7031,T10140,NORPAT,2001-12-31 23:00:00+00,,os occipitale,7025
7032,T10150,NORPAT,2001-12-31 23:00:00+00,,os sphenoidale et ethmoidale,7025
7033,T10160,NORPAT,2001-12-31 23:00:00+00,,os zygomaticum et palatinum,7025
7034,T10170,NORPAT,2001-12-31 23:00:00+00,,maksille,7025
7035,T10180,NORPAT,2001-12-31 23:00:00+00,,mandibel,7038
7036,T10190,NORPAT,2001-12-31 23:00:00+00,,tungeben,7021
7037,T10195,NORPAT,2001-12-31 23:00:00+00,,kalvariet,7025
7038,T10196,NORPAT,2001-12-31 23:00:00+00,,ansiktsknokkel,7021
7039,T10300,NORPAT,2001-12-31 23:00:00+00,,brystkassens skjelett,7021
7040,T10310,NORPAT,2001-12-31 23:00:00+00,,sternum,7039
7041,T10350,NORPAT,2001-12-31 23:00:00+00,,costa,7039
7042,T10400,NORPAT,2001-12-31 23:00:00+00,,kostalbrusk,8474
7043,T10500,NORPAT,2001-12-31 23:00:00+00,,columna,7021
7044,T10501,NORPAT,2017-10-14 22:00:00+00,,columna cervicalis,7043
7045,T10502,NORPAT,2017-10-14 22:00:00+00,,columna thoracalis,7043
7046,T10503,NORPAT,2017-10-14 22:00:00+00,,columna lumbalis,7043
7047,T10510,NORPAT,2001-12-31 23:00:00+00,,vertebra,7043
7048,T10515,NORPAT,2001-12-31 23:00:00+00,,arcus vertebrae,7047
7049,T10517,NORPAT,2001-12-31 23:00:00+00,,corpus vertebrae,7047
7050,T10519,NORPAT,2001-12-31 23:00:00+00,,spinalkanalen,7047
7051,T10595,NORPAT,2001-12-31 23:00:00+00,,vertebra cervicalis,7047
7052,T10600,NORPAT,2001-12-31 23:00:00+00,,vertebra thoracalis,7047
7053,T10740,NORPAT,2001-12-31 23:00:00+00,,vertebra lumbalis,7047
7054,T10800,NORPAT,2001-12-31 23:00:00+00,,os sacrum,7047
7055,T10830,NORPAT,2001-12-31 23:00:00+00,,os coccygis,7047
7056,T10900,NORPAT,2019-01-15 23:00:00+00,,columna og kranium,7021
7057,T10940,NORPAT,2019-01-15 23:00:00+00,,os sacrum og os coccygis,7043
7058,T11110,NORPAT,2017-10-14 22:00:00+00,2019-01-14 23:00:00+00,os frontalis,
7059,T11140,NORPAT,2017-10-14 22:00:00+00,2019-01-14 23:00:00+00,os occipitalis,
7060,T11280,NORPAT,2001-12-31 23:00:00+00,,scapula,7061
7061,T11300,NORPAT,2019-01-15 23:00:00+00,,scapula og clavicula,7021
7062,T11310,NORPAT,2001-12-31 23:00:00+00,,clavicula,7061
7063,T11339,NORPAT,2001-12-31 23:00:00+00,,crista iliaca,7064
7064,T11340,NORPAT,2001-12-31 23:00:00+00,,os ilii,7067
7065,T11350,NORPAT,2001-12-31 23:00:00+00,,os ischii,7067
7066,T11360,NORPAT,2001-12-31 23:00:00+00,,os pubis,7067
7067,T11380,NORPAT,2001-12-31 23:00:00+00,,bekkenben,8505
7068,T11390,NORPAT,2017-10-14 22:00:00+00,,acetabulum,7067
7069,T11400,NORPAT,2001-12-31 23:00:00+00,,overekstremitetknokkel,7021
7070,T11410,NORPAT,2001-12-31 23:00:00+00,,humerus,7069
7071,T11411,NORPAT,2001-12-31 23:00:00+00,,caput humeri,7069
7072,T11412,NORPAT,2001-12-31 23:00:00+00,,corpus humeri,7070
7073,T11420,NORPAT,2001-12-31 23:00:00+00,,radius,7069
7074,T11430,NORPAT,2001-12-31 23:00:00+00,,ulna,7069
7075,T11431,NORPAT,2001-12-31 23:00:00+00,,olecranon,7074
7076,T11440,NORPAT,2001-12-31 23:00:00+00,,håndrotknokkel,7069
7077,T11500,NORPAT,2001-12-31 23:00:00+00,,håndknokkel,7069
7078,T11540,NORPAT,2001-12-31 23:00:00+00,,mellomhåndknokkel,7077
7079,T11610,NORPAT,2001-12-31 23:00:00+00,,fingerknokkel,7077
7080,T11700,NORPAT,2001-12-31 23:00:00+00,,underekstremitetknokkel,7021
7081,T11710,NORPAT,2001-12-31 23:00:00+00,,femur,7080
7082,T11711,NORPAT,2001-12-31 23:00:00+00,,caput femoris,7081
7083,T11712,NORPAT,2001-12-31 23:00:00+00,,collum femoris,7081
7084,T11720,NORPAT,2001-12-31 23:00:00+00,,patella,7080
7085,T11730,NORPAT,2001-12-31 23:00:00+00,,tibia,7080
7086,T11740,NORPAT,2001-12-31 23:00:00+00,,fibula,7080
7087,T11750,NORPAT,2001-12-31 23:00:00+00,,fotrotknokkel,7088
7088,T11755,NORPAT,2001-12-31 23:00:00+00,,fotknokkel,7080
7089,T11760,NORPAT,2017-10-14 22:00:00+00,,calcaneus,7087
7090,T11770,NORPAT,2017-10-14 22:00:00+00,,talus,7087
7091,T11840,NORPAT,2001-12-31 23:00:00+00,,mellomfotknokkel,7088
7092,T11910,NORPAT,2001-12-31 23:00:00+00,,tåknokler,7088
7093,T12000,NORPAT,2001-12-31 23:00:00+00,,ledd,7023
7094,T12010,NORPAT,2001-12-31 23:00:00+00,,leddbrusk,7164
7095,T12020,NORPAT,2001-12-31 23:00:00+00,,leddkapsel,7093
7096,T12040,NORPAT,2001-12-31 23:00:00+00,,synovialt vev,7151
7097,T12050,NORPAT,2001-12-31 23:00:00+00,,synovialmembran,7151
7098,T12082,NORPAT,2017-10-14 22:00:00+00,,kraniesutur,7093
7099,T12102,NORPAT,2001-12-31 23:00:00+00,,intervertebralledd,7093
7100,T12103,NORPAT,2001-12-31 23:00:00+00,,discus intervertebralis,7164
7101,T12105,NORPAT,2001-12-31 23:00:00+00,,nucleus pulposus,7100
7102,T12292,NORPAT,2019-01-15 23:00:00+00,,discus articularis articulationis temporomandibularis,7093
7103,T12400,NORPAT,2001-12-31 23:00:00+00,,overekstremitetledd,7093
7104,T12410,NORPAT,2001-12-31 23:00:00+00,,skulderledd,7093
7105,T12430,NORPAT,2001-12-31 23:00:00+00,,albueledd,7093
7106,T12460,NORPAT,2001-12-31 23:00:00+00,2022-12-30 23:00:00+00,håndledd,7103
7107,T12490,NORPAT,2001-12-31 23:00:00+00,,håndrotledd,7103
7108,T12515,NORPAT,2001-12-31 23:00:00+00,,ledd i hånden,7103
7109,T12530,NORPAT,2001-12-31 23:00:00+00,,mellomhåndledd,7108
7110,T12590,NORPAT,2001-12-31 23:00:00+00,,fingerledd,7108
7111,T12600,NORPAT,2001-12-31 23:00:00+00,,truncusledd,7093
7112,T12690,NORPAT,2001-12-31 23:00:00+00,,symfyse,7093
7113,T12700,NORPAT,2001-12-31 23:00:00+00,,underekstremitetledd,7093
7114,T12710,NORPAT,2001-12-31 23:00:00+00,,hofteledd,7093
7115,T12720,NORPAT,2001-12-31 23:00:00+00,,kneledd,7093
7116,T12722,NORPAT,2001-12-31 23:00:00+00,,menisk,7115
7117,T12750,NORPAT,2001-12-31 23:00:00+00,,ankelledd,7093
7118,T12770,NORPAT,2001-12-31 23:00:00+00,,fotrotledd,7093
7119,T12800,NORPAT,2001-12-31 23:00:00+00,,ledd i foten,7113
7120,T12810,NORPAT,2001-12-31 23:00:00+00,,mellomfotledd,7093
7121,T12870,NORPAT,2001-12-31 23:00:00+00,,tåledd,7119
7122,T13000,NORPAT,2001-12-31 23:00:00+00,,skjelettmuskulatur,7151
7123,T13010,NORPAT,2001-12-31 23:00:00+00,2017-10-13 22:00:00+00,skjelettmuskelfiber UNS,
7124,T13011,NORPAT,2001-12-31 23:00:00+00,2017-10-13 22:00:00+00,"skjelettmuskelfiber, type I",
7125,T13012,NORPAT,2001-12-31 23:00:00+00,2017-10-13 22:00:00+00,"skjelettmuskelfiber, type II",
7126,T13013,NORPAT,2001-12-31 23:00:00+00,2017-10-13 22:00:00+00,"skjelettmuskelfiber, type IIa",
7127,T13014,NORPAT,2001-12-31 23:00:00+00,2017-10-13 22:00:00+00,"skjelettmuskelfiber, type IIb",
7128,T13015,NORPAT,2001-12-31 23:00:00+00,2017-10-13 22:00:00+00,"skjelettmuskelfiber, type IIc",
7129,T13100,NORPAT,2001-12-31 23:00:00+00,,hodemuskulatur,7122
7130,T13300,NORPAT,2001-12-31 23:00:00+00,,halsmuskulatur,7122
7131,T13600,NORPAT,2001-12-31 23:00:00+00,,"overekstremitetmuskulatur, inkludert skulder",7122
7132,T14000,NORPAT,2001-12-31 23:00:00+00,,truncusmuskulatur,7122
7133,T14100,NORPAT,2001-12-31 23:00:00+00,,thoraxmuskulatur,7132
7134,T14200,NORPAT,2001-12-31 23:00:00+00,,abdominalmuskulatur,7132
7135,T14300,NORPAT,2001-12-31 23:00:00+00,,perineummuskulatur,7132
7136,T14400,NORPAT,2001-12-31 23:00:00+00,,hofte- og underekstremitetmuskulatur,7122
7137,T14700,NORPAT,2017-10-14 22:00:00+00,,muskulatur på legg,7136
7138,T14900,NORPAT,2017-10-14 22:00:00+00,,muskulatur på fot,7136
7139,T16000,NORPAT,2001-12-31 23:00:00+00,,bursa,7151
7140,T17000,NORPAT,2019-01-15 23:00:00+00,,sene og seneskjede,7151
7141,T17010,NORPAT,2001-12-31 23:00:00+00,,sene,7140
7142,T17050,NORPAT,2001-12-31 23:00:00+00,,seneskjede,7140
7143,T17860,NORPAT,2017-10-14 22:00:00+00,,akillessene,7141
7144,T18010,NORPAT,2001-12-31 23:00:00+00,,ligament,7157
7145,T18020,NORPAT,2017-10-14 22:00:00+00,,ligamentum flavum,7144
7146,T18030,NORPAT,2017-10-14 22:00:00+00,,ligamentum falciforme hepatis,7144
7147,T18600,NORPAT,2001-12-31 23:00:00+00,,fascie,7157
7148,T18610,NORPAT,2017-10-14 22:00:00+00,,aponevrose,7157
7149,T18840,NORPAT,2001-12-31 23:00:00+00,,palmar aponevrose,7148
7150,T18951,NORPAT,2001-12-31 23:00:00+00,,plantar aponevrose,7148
7151,T1X000,NORPAT,2001-12-31 23:00:00+00,,bløtvev,7020
7152,T1X007,NORPAT,2019-01-15 23:00:00+00,,interstitielt vev,7157
7153,T1X008,NORPAT,2019-01-15 23:00:00+00,,interstitielt rom,7151
7154,T1X010,NORPAT,2001-12-31 23:00:00+00,,fettvev,7151
7155,T1X130,NORPAT,2001-12-31 23:00:00+00,,mesotel,7151
7156,T1X140,NORPAT,2019-01-15 23:00:00+00,,mesotelcelle,8589
7157,T1X200,NORPAT,2001-12-31 23:00:00+00,,bindevev,7151
7158,T1X300,NORPAT,2001-12-31 23:00:00+00,,glatt muskulatur,7151
7159,T1X500,NORPAT,2001-12-31 23:00:00+00,,benvev,7021
7160,T1X510,NORPAT,2001-12-31 23:00:00+00,,periost,7159
7161,T1X550,NORPAT,2017-10-14 22:00:00+00,,epifyse,7159
7162,T1X560,NORPAT,2017-10-14 22:00:00+00,,metafyse,7159
7163,T1X570,NORPAT,2017-10-14 22:00:00+00,,diafyse,7159
7164,T1X700,NORPAT,2001-12-31 23:00:00+00,,brusk,7157
7165,T1X705,NORPAT,2001-12-31 23:00:00+00,,perichondrium,7164
7166,T1Y010,NORPAT,2017-10-14 22:00:00+00,2019-01-14 23:00:00+00,cytologisk materiale fra synovia/ledd,
7167,T1Y090,NORPAT,2019-01-15 23:00:00+00,,respiratoriske system,6716
7168,T20000,NORPAT,2001-12-31 23:00:00+00,,luftveier,7167
7169,T20100,NORPAT,2001-12-31 23:00:00+00,,øvre luftveier,7168
7170,T20200,NORPAT,2001-12-31 23:00:00+00,,nedre luftveier,7168
7171,T20300,NORPAT,2019-01-15 23:00:00+00,,respiratorisk epitel,6724
7172,T21000,NORPAT,2001-12-31 23:00:00+00,,nese,8405
7173,T21010,NORPAT,2019-01-15 23:00:00+00,,neseslimhinne,7172
7174,T21120,NORPAT,2019-01-15 23:00:00+00,,neserygg,7172
7175,T21140,NORPAT,2019-01-15 23:00:00+00,,ala nasi,7172
7176,T21200,NORPAT,2001-12-31 23:00:00+00,,nesebrusk,7164
7177,T21230,NORPAT,2019-01-15 23:00:00+00,,nesebrusk i septum,7176
7178,T21320,NORPAT,2001-12-31 23:00:00+00,,vestibulum nasi,7252
7179,T21340,NORPAT,2019-01-15 23:00:00+00,,neseseptum,7172
7180,T21350,NORPAT,2019-01-15 23:00:00+00,,choana,7188
7181,T21360,NORPAT,2019-01-15 23:00:00+00,,concha,7252
7182,T22000,NORPAT,2001-12-31 23:00:00+00,,bihule,7169
7183,T22010,NORPAT,2019-01-15 23:00:00+00,,bihuleslimhinne,7182
7184,T22100,NORPAT,2019-01-15 23:00:00+00,,sinus maxillaris,7182
7185,T22200,NORPAT,2019-01-15 23:00:00+00,,sinus frontalis,7182
7186,T22300,NORPAT,2019-01-15 23:00:00+00,,sinus ethmoidalis,7182
7187,T22400,NORPAT,2019-01-15 23:00:00+00,,sinus sphenoidalis,7182
7188,T23000,NORPAT,2001-12-31 23:00:00+00,,nasopharynx,7638
7189,T24000,NORPAT,2019-01-15 23:00:00+00,,larynx og epiglottis,7169
7190,T24010,NORPAT,2001-12-31 23:00:00+00,,epiglottis,7194
7191,T24011,NORPAT,2019-01-15 23:00:00+00,,fremre del av epiglottis,7190
7192,T24012,NORPAT,2019-01-15 23:00:00+00,,bakre del av epiglottis,7190
7193,T24030,NORPAT,2019-01-15 23:00:00+00,,epiglottisbrusk,7196
7194,T24100,NORPAT,2001-12-31 23:00:00+00,,larynx,7169
7195,T24110,NORPAT,2019-01-15 23:00:00+00,,larynksslimhinne,7194
7196,T24150,NORPAT,2019-01-15 23:00:00+00,,larynksbrusk,7194
7197,T24170,NORPAT,2019-01-15 23:00:00+00,,cartilago cricoidea,7196
7198,T24180,NORPAT,2019-01-15 23:00:00+00,,cartilago arytenoidea,7196
7199,T24310,NORPAT,2019-01-15 23:00:00+00,,plica aryepiglottica,7194
7200,T24320,NORPAT,2019-01-15 23:00:00+00,,plica ventricularis,7194
7201,T24321,NORPAT,2019-01-15 23:00:00+00,,høyre plica ventricularis,7200
7202,T24322,NORPAT,2019-01-15 23:00:00+00,,venstre plica ventricularis,7200
7203,T24340,NORPAT,2019-01-15 23:00:00+00,,ventriculus laryngis,7194
7204,T24350,NORPAT,2019-01-15 23:00:00+00,,supraglottisk larynx,7643
7205,T24400,NORPAT,2001-12-31 23:00:00+00,,stemmebånd,7208
7206,T24410,NORPAT,2001-12-31 23:00:00+00,,høyre stemmebånd,7205
7207,T24420,NORPAT,2001-12-31 23:00:00+00,,venstre stemmebånd,7205
7208,T24440,NORPAT,2001-12-31 23:00:00+00,,glottis,7194
7209,T24450,NORPAT,2019-01-15 23:00:00+00,,infraglottis,7194
7210,T24470,NORPAT,2019-01-15 23:00:00+00,,commissura laryngis,7208
7211,T25000,NORPAT,2001-12-31 23:00:00+00,,trachea,7169
7212,T25010,NORPAT,2019-01-15 23:00:00+00,,trakealslimhinne,7211
7213,T25100,NORPAT,2019-01-15 23:00:00+00,,trakealbrusk,7211
7214,T25201,NORPAT,2019-01-15 23:00:00+00,,carina,7169
7215,T25900,NORPAT,2019-01-15 23:00:00+00,,trachea og øsofagus,7211
7216,T25910,NORPAT,2019-01-15 23:00:00+00,,trachea og bronchus,7211
7217,T26000,NORPAT,2001-12-31 23:00:00+00,,bronkie,7170
7218,T26010,NORPAT,2019-01-15 23:00:00+00,,bronkialslimhinne,7217
7219,T26100,NORPAT,2019-01-15 23:00:00+00,,høyre hovedbronchus,7217
7220,T26200,NORPAT,2019-01-15 23:00:00+00,,høyre overlappsbronchus,7217
7221,T26300,NORPAT,2019-01-15 23:00:00+00,,høyre midtlappsbronchus,7217
7222,T26400,NORPAT,2019-01-15 23:00:00+00,,høyre underlappsbronchus,7217
7223,T26500,NORPAT,2019-01-15 23:00:00+00,,venstre hovedbronchus,7217
7224,T26600,NORPAT,2019-01-15 23:00:00+00,,venstre overlappsbronchus,7217
7225,T26700,NORPAT,2019-01-15 23:00:00+00,,venstre underlappsbronhus,7217
7226,T26910,NORPAT,2019-01-15 23:00:00+00,,bronkus og øsofagus,7167
7227,T26980,NORPAT,2019-01-15 23:00:00+00,,bronchus og lunge,7170
7228,T27000,NORPAT,2019-01-15 23:00:00+00,,bronkiole,7170
7229,T27900,NORPAT,2019-01-15 23:00:00+00,,bronkiole og lungevev,7170
7230,T28000,NORPAT,2001-12-31 23:00:00+00,,lunge,7170
7231,T28010,NORPAT,2019-01-15 23:00:00+00,,alveole,7170
7232,T28080,NORPAT,2019-01-15 23:00:00+00,,lungehilus,7230
7233,T28100,NORPAT,2001-12-31 23:00:00+00,,høyre lunge,7230
7234,T28160,NORPAT,2019-01-15 23:00:00+00,,del av høyre lunge,7233
7235,T28200,NORPAT,2019-01-15 23:00:00+00,,høyre lunges overlapp,7243
7236,T28300,NORPAT,2019-01-15 23:00:00+00,,høyre lunges midtlapp,7243
7237,T28400,NORPAT,2019-01-15 23:00:00+00,,høyre lunges underlapp,7243
7238,T28500,NORPAT,2001-12-31 23:00:00+00,,venstre lunge,7230
7239,T28560,NORPAT,2019-01-15 23:00:00+00,,del av venstre lunge,7243
7240,T28600,NORPAT,2019-01-15 23:00:00+00,,venstre lunges overlapp,7243
7241,T28610,NORPAT,2019-01-15 23:00:00+00,,venstre lunges lingula,7240
7242,T28700,NORPAT,2019-01-15 23:00:00+00,,venstre lunges underlapp,7243
7243,T28770,NORPAT,2019-01-15 23:00:00+00,,lungelapp,7230
7244,T28780,NORPAT,2019-01-15 23:00:00+00,,interstitielt lungevev,7230
7245,T28800,NORPAT,2001-12-31 23:00:00+00,,begge lunger,7230
7246,T29000,NORPAT,2001-12-31 23:00:00+00,,pleura,7230
7247,T29030,NORPAT,2019-01-15 23:00:00+00,,viscerale pleurablad,7246
7248,T29040,NORPAT,2019-01-15 23:00:00+00,,parietale pleurablad,7246
7249,T29100,NORPAT,2001-12-31 23:00:00+00,,høyre pleura,7246
7250,T29500,NORPAT,2001-12-31 23:00:00+00,,venstre pleura,7246
7251,T2X111,NORPAT,2001-12-31 23:00:00+00,2019-01-14 23:00:00+00,cytologisk materiale fra nese,
7252,T2X120,NORPAT,2001-12-31 23:00:00+00,,nesekavitet,7169
7253,T2X210,NORPAT,2001-12-31 23:00:00+00,2019-01-14 23:00:00+00,cytologisk materiale fra bihule,
7254,T2X311,NORPAT,2001-12-31 23:00:00+00,2019-01-14 23:00:00+00,cytologisk materiale fra rinopharynx,
7255,T2Y030,NORPAT,2001-12-31 23:00:00+00,,ekspektorat,7217
7256,T2Y210,NORPAT,2001-12-31 23:00:00+00,2019-01-14 23:00:00+00,cytologisk materiale fra larynx,
7257,T2Y310,NORPAT,2001-12-31 23:00:00+00,2019-01-14 23:00:00+00,cytologisk materiale fra trachea,
7258,T2Y410,NORPAT,2001-12-31 23:00:00+00,2019-01-14 23:00:00+00,cytologisk materiale fra bronkie,
7259,T2Y412,NORPAT,2001-12-31 23:00:00+00,2020-01-29 23:00:00+00,bronkialt børstemateriale,7217
7260,T2Y414,NORPAT,2001-12-31 23:00:00+00,2020-01-29 23:00:00+00,bronkialt skyllemateriale,7217
7261,T2Y415,NORPAT,2001-12-31 23:00:00+00,2020-01-29 23:00:00+00,bronkoalveolær lavage,7217
7262,T2Y420,NORPAT,2001-12-31 23:00:00+00,2019-01-14 23:00:00+00,cytologisk materiale fra høyre bronkie,
7263,T2Y460,NORPAT,2001-12-31 23:00:00+00,2019-01-14 23:00:00+00,cytologisk materiale fra venstre bronkie,
7264,T2Y610,NORPAT,2001-12-31 23:00:00+00,2019-01-14 23:00:00+00,cytologisk materiale fra pleura,
7265,T2Y611,NORPAT,2001-12-31 23:00:00+00,2019-01-14 23:00:00+00,cytologisk materiale fra høyre pleura,
7266,T2Y620,NORPAT,2001-12-31 23:00:00+00,2019-01-14 23:00:00+00,cytologisk materiale fra venstre pleura,
7267,T2Y700,NORPAT,2019-01-15 23:00:00+00,,pleurahule,8456
7268,T2Y710,NORPAT,2019-01-15 23:00:00+00,,høyre pleurahule,7267
7269,T2Y720,NORPAT,2019-01-15 23:00:00+00,,venstre pleurahule,7267
7270,T30000,NORPAT,2019-01-15 23:00:00+00,,kardiovaskulære system,6716
7271,T30100,NORPAT,2019-01-15 23:00:00+00,,store kretsløp,7270
7272,T30200,NORPAT,2019-01-15 23:00:00+00,,lille kretsløp,7270
7273,T31000,NORPAT,2001-12-31 23:00:00+00,,perikard,7297
7274,T31010,NORPAT,2019-01-15 23:00:00+00,,epikard,7277
7275,T31020,NORPAT,2019-01-15 23:00:00+00,,parietale perikard,7273
7276,T31910,NORPAT,2019-01-15 23:00:00+00,,perikard og mediastinum,8456
7277,T32000,NORPAT,2001-12-31 23:00:00+00,,hjerte,7297
7278,T32010,NORPAT,2001-12-31 23:00:00+00,,høyre hjertehalvdel,7277
7279,T32020,NORPAT,2001-12-31 23:00:00+00,,venstre hjertehalvdel,7277
7280,T32100,NORPAT,2001-12-31 23:00:00+00,,atrium,7277
7281,T32110,NORPAT,2019-01-15 23:00:00+00,,aurikkel hjertet,7280
7282,T32120,NORPAT,2001-12-31 23:00:00+00,,atrieseptum,7280
7283,T32130,NORPAT,2001-12-31 23:00:00+00,,foramen ovale,7282
7284,T32150,NORPAT,2001-12-31 23:00:00+00,,septum primum,7282
7285,T32160,NORPAT,2001-12-31 23:00:00+00,,septum secundum,7282
7286,T32200,NORPAT,2001-12-31 23:00:00+00,,høyre atrium,7280
7287,T32210,NORPAT,2019-01-15 23:00:00+00,,aurikkel hjerte høyre atrium,7281
7288,T32300,NORPAT,2001-12-31 23:00:00+00,,venstre atrium,7280
7289,T32310,NORPAT,2019-01-15 23:00:00+00,,aurikkel hjerte venstre atrium,7281
7290,T32340,NORPAT,2019-01-15 23:00:00+00,,atrioventrikulære septum,7277
7291,T32400,NORPAT,2001-12-31 23:00:00+00,,hjerteventrikkel,7277
7292,T32410,NORPAT,2001-12-31 23:00:00+00,,hjerteventrikkelseptum,7277
7293,T32420,NORPAT,2019-01-15 23:00:00+00,,membranøs del av interventrikulære septum,7292
7294,T32500,NORPAT,2001-12-31 23:00:00+00,,"hjerteventrikkel, høyre",7291
7295,T32600,NORPAT,2001-12-31 23:00:00+00,,"hjerteventrikkel, venstre",7291
7296,T32900,NORPAT,2019-01-15 23:00:00+00,,hjerte og lunge,7277
7297,T32910,NORPAT,2019-01-15 23:00:00+00,,hjerte og perikard,7270
7298,T33000,NORPAT,2019-01-15 23:00:00+00,,myokard og ledningssystem,7277
7299,T33010,NORPAT,2001-12-31 23:00:00+00,,myokard,7277
7300,T33020,NORPAT,2001-12-31 23:00:00+00,,myokard i forvegg,7299
7301,T33030,NORPAT,2001-12-31 23:00:00+00,,myokard i bakvegg,7299
7302,T33040,NORPAT,2019-01-15 23:00:00+00,,subendokardialt myokard,7299
7303,T33260,NORPAT,2019-01-15 23:00:00+00,,papillemuskel,7317
7304,T33300,NORPAT,2001-12-31 23:00:00+00,,"myokard, høyre hjerteventrikkel",7299
7305,T33310,NORPAT,2019-01-15 23:00:00+00,,"papillemuskel, høyre hjerteventrikkel",7303
7306,T33400,NORPAT,2001-12-31 23:00:00+00,,"myokard, venstre hjerteventrikkel",7299
7307,T33410,NORPAT,2019-01-15 23:00:00+00,,"papillemuskel, venstre hjerteventrikkel",7299
7308,T33600,NORPAT,2001-12-31 23:00:00+00,,hjertets ledningssystem,7277
7309,T33700,NORPAT,2019-01-15 23:00:00+00,,sinusknute,7308
7310,T33750,NORPAT,2019-01-15 23:00:00+00,,atrioventrikulært ledningssystem,7308
7311,T33800,NORPAT,2019-01-15 23:00:00+00,,atrioventrikulærknute,7308
7312,T33900,NORPAT,2019-01-15 23:00:00+00,,hisbunt,7308
7313,T33910,NORPAT,2019-01-15 23:00:00+00,,høyre grenbunt,7315
7314,T33940,NORPAT,2019-01-15 23:00:00+00,,venstre grenbunt,7315
7315,T33970,NORPAT,2019-01-15 23:00:00+00,,grenbunter,7308
7316,T34000,NORPAT,2019-01-15 23:00:00+00,,endokard,7277
7317,T35000,NORPAT,2001-12-31 23:00:00+00,,hjerteklaff,7277
7318,T35010,NORPAT,2019-01-15 23:00:00+00,,atrioventrikulærklaff,7317
7319,T36000,NORPAT,2001-12-31 23:00:00+00,,trikuspidalklaff,7317
7320,T36010,NORPAT,2019-01-15 23:00:00+00,,anulus fibrosus dexter,7277
7321,T36020,NORPAT,2001-12-31 23:00:00+00,,trikuspidalostium,7277
7322,T36400,NORPAT,2019-01-15 23:00:00+00,,chordae tendineae valvae tricuspidalis,7277
7323,T37000,NORPAT,2001-12-31 23:00:00+00,,pulmonalklaff,7317
7324,T37010,NORPAT,2019-01-15 23:00:00+00,,anulus fibrosus trunci pulmonalis,7277
7325,T37020,NORPAT,2001-12-31 23:00:00+00,,pulmonalostium,7277
7326,T38000,NORPAT,2001-12-31 23:00:00+00,,mitralklaff,7317
7327,T38010,NORPAT,2019-01-15 23:00:00+00,,mitralostiets anulus fibrosus,7317
7328,T38020,NORPAT,2001-12-31 23:00:00+00,,mitralostium,7277
7329,T38300,NORPAT,2019-01-15 23:00:00+00,,chordae tendineae valvae mitralis,7277
7330,T39000,NORPAT,2001-12-31 23:00:00+00,,aortaklaff,7317
7331,T39010,NORPAT,2019-01-15 23:00:00+00,,aortaostiets anulus fibrosus,7277
7332,T39020,NORPAT,2001-12-31 23:00:00+00,,aortaostium,7277
7333,T39900,NORPAT,2019-01-15 23:00:00+00,,aorta- og mitralklaffer,7277
7334,T3X000,NORPAT,2019-01-15 23:00:00+00,,perikardvæske og perikardhule,7277
7335,T3X100,NORPAT,2019-01-15 23:00:00+00,,perikardvæske,7277
7336,T3X110,NORPAT,2001-12-31 23:00:00+00,2019-01-14 23:00:00+00,cytologisk materiale fra perikard,
7337,T3X200,NORPAT,2001-12-31 23:00:00+00,,perikardhule,8466
7338,T40000,NORPAT,2001-12-31 23:00:00+00,,blodkar,7270
7339,T40010,NORPAT,2001-12-31 23:00:00+00,,arteriole,7347
7340,T40050,NORPAT,2001-12-31 23:00:00+00,,kapillær,7338
7341,T40060,NORPAT,2019-01-15 23:00:00+00,,vasa vasorum,7338
7342,T40080,NORPAT,2019-01-15 23:00:00+00,,perivaskulært rom,7338
7343,T40090,NORPAT,2019-01-15 23:00:00+00,,perifert kretsløp,7271
7344,T40100,NORPAT,2019-01-15 23:00:00+00,,arteriovenøs anastomose,7338
7345,T40910,NORPAT,2019-01-15 23:00:00+00,,arterie og vene,7338
7346,T40920,NORPAT,2001-12-31 23:00:00+00,,store kar,7338
7347,T41000,NORPAT,2001-12-31 23:00:00+00,,arterie,7338
7348,T41010,NORPAT,2019-01-15 23:00:00+00,,arteriell intima,7347
7349,T41020,NORPAT,2019-01-15 23:00:00+00,,arteriell media,7347
7350,T41030,NORPAT,2019-01-15 23:00:00+00,,arteriell adventitia,7347
7351,T41040,NORPAT,2019-01-15 23:00:00+00,,arteriell lamina elastica interna,7347
7352,T41900,NORPAT,2019-01-15 23:00:00+00,,arterie og arterie,7347
7353,T42000,NORPAT,2001-12-31 23:00:00+00,,aorta,7346
7354,T42100,NORPAT,2001-12-31 23:00:00+00,,aorta ascendens,7357
7355,T42110,NORPAT,2019-01-15 23:00:00+00,,"aorta ascendens, supravalvulært område",7357
7356,T42300,NORPAT,2001-12-31 23:00:00+00,,arcus aortae,7357
7357,T42400,NORPAT,2001-12-31 23:00:00+00,,aorta thoracalis,7353
7358,T42500,NORPAT,2001-12-31 23:00:00+00,,aorta abdominalis,7353
7359,T42580,NORPAT,2019-01-15 23:00:00+00,,aortabifurkatur,7358
7360,T42900,NORPAT,2019-01-15 23:00:00+00,,aorta og aorta,7353
7361,T42910,NORPAT,2019-01-15 23:00:00+00,,aorta og koronararterie,7338
7362,T43000,NORPAT,2001-12-31 23:00:00+00,,koronararterie,7277
7363,T43100,NORPAT,2001-12-31 23:00:00+00,,venstre koronararterie,7362
7364,T43110,NORPAT,2001-12-31 23:00:00+00,,ramus descendens anterior (LAD),7363
7365,T43120,NORPAT,2001-12-31 23:00:00+00,,ramus circumflexus,7363
7366,T43200,NORPAT,2001-12-31 23:00:00+00,,høyre koronararterie,7362
7367,T43910,NORPAT,2019-01-15 23:00:00+00,,koronararterie og koronararterie,7362
7368,T43920,NORPAT,2019-01-15 23:00:00+00,,koronararterie og arteria mammaria interna,7347
7369,T44000,NORPAT,2001-12-31 23:00:00+00,,arteria pulmonalis,7346
7370,T44200,NORPAT,2001-12-31 23:00:00+00,,høyre pulmonalarterie,7369
7371,T44400,NORPAT,2001-12-31 23:00:00+00,,venstre pulmonalarterie,7369
7372,T44800,NORPAT,2019-01-15 23:00:00+00,,perifere lungearterier,7347
7373,T45000,NORPAT,2001-12-31 23:00:00+00,,arterie til hode/hals/hjerne,7347
7374,T45010,NORPAT,2001-12-31 23:00:00+00,,arteria carotis,7373
7375,T45100,NORPAT,2019-01-15 23:00:00+00,,arteria carotis communis,7374
7376,T45110,NORPAT,2001-12-31 23:00:00+00,,høyre arteria carotis communis,7375
7377,T45120,NORPAT,2001-12-31 23:00:00+00,,venstre arteria carotis communis,7375
7378,T45170,NORPAT,2019-01-15 23:00:00+00,,carotis-sinus,8422
7379,T45200,NORPAT,2019-01-15 23:00:00+00,,arteria carotis externa,7374
7380,T45201,NORPAT,2019-01-15 23:00:00+00,,høyre arteria carotis externa,7379
7381,T45202,NORPAT,2019-01-15 23:00:00+00,,venstre arteria carotis externa,7379
7382,T45270,NORPAT,2001-12-31 23:00:00+00,,arteria temporalis superficialis,7347
7383,T45300,NORPAT,2019-01-15 23:00:00+00,,arteria carotis interna,7374
7384,T45301,NORPAT,2019-01-15 23:00:00+00,,høyre arteria carotis interna,7383
7385,T45302,NORPAT,2019-01-15 23:00:00+00,,venstre arteria carotis interna,7383
7386,T45320,NORPAT,2019-01-15 23:00:00+00,,arteria communicans posterior,7389
7387,T45430,NORPAT,2019-01-15 23:00:00+00,,arteria retinae centralis,7373
7388,T45510,NORPAT,2001-12-31 23:00:00+00,,hjernearterie,7373
7389,T45520,NORPAT,2001-12-31 23:00:00+00,,circulus arteriosus Willisi,7373
7390,T45521,NORPAT,2019-01-15 23:00:00+00,,sentral gren av circulus arteriosus Willisi,7389
7391,T45522,NORPAT,2019-01-15 23:00:00+00,,anteromedial gren av circulus arteriosus Willisi,7389
7392,T45523,NORPAT,2019-01-15 23:00:00+00,,posteromedial gren av circulus arteriosus Willisi,7389
7393,T45524,NORPAT,2019-01-15 23:00:00+00,,anterolateral gren av circulus arteriosus Willisi,7389
7394,T45525,NORPAT,2019-01-15 23:00:00+00,,posterolateral gren av circulus arteriosus Willisi,7389
7395,T45530,NORPAT,2001-12-31 23:00:00+00,,arteria communicans anterior,7389
7396,T45540,NORPAT,2001-12-31 23:00:00+00,,arteria cerebri anterior,7388
7397,T45550,NORPAT,2001-12-31 23:00:00+00,,høyre arteria cerebri anterior,7396
7398,T45560,NORPAT,2001-12-31 23:00:00+00,,venstre arteria cerebri anterior,7396
7399,T45600,NORPAT,2001-12-31 23:00:00+00,,arteria cerebri media,7388
7400,T45610,NORPAT,2001-12-31 23:00:00+00,,høyre arteria cerebri media,7399
7401,T45620,NORPAT,2001-12-31 23:00:00+00,,venstre arteria cerebri media,7399
7402,T45700,NORPAT,2001-12-31 23:00:00+00,,arteria vertebralis,7373
7403,T45710,NORPAT,2001-12-31 23:00:00+00,,høyre arteria vertebralis,7402
7404,T45720,NORPAT,2001-12-31 23:00:00+00,,venstre arteria vertebralis,7402
7405,T45730,NORPAT,2001-12-31 23:00:00+00,,arteria spinalis anterior,7373
7406,T45740,NORPAT,2001-12-31 23:00:00+00,,arteria spinalis posterior,7373
7407,T45750,NORPAT,2001-12-31 23:00:00+00,,arteria cerebellaris posterior inferior,7409
7408,T45800,NORPAT,2001-12-31 23:00:00+00,,arteria basilaris,7373
7409,T45850,NORPAT,2001-12-31 23:00:00+00,,arterie i cerebellum,7373
7410,T45900,NORPAT,2001-12-31 23:00:00+00,,arteria cerebralis posterior,7388
7411,T45910,NORPAT,2001-12-31 23:00:00+00,,høyre arteria cerebralis posterior,7410
7412,T45920,NORPAT,2001-12-31 23:00:00+00,,venstre arteria cerebralis posterior,7410
7413,T46000,NORPAT,2019-01-15 23:00:00+00,,arterie i thorax og abdomen,7347
7414,T46100,NORPAT,2019-01-15 23:00:00+00,,arteria subclavia,7413
7415,T46110,NORPAT,2001-12-31 23:00:00+00,,høyre arteria subclavia,7414
7416,T46120,NORPAT,2001-12-31 23:00:00+00,,venstre arteria subclavia,7414
7417,T46200,NORPAT,2019-01-15 23:00:00+00,,arteria mammaria interna,7347
7418,T46310,NORPAT,2019-01-15 23:00:00+00,,bronkialarterie,7413
7419,T46400,NORPAT,2019-01-15 23:00:00+00,,truncus coeliacus,7413
7420,T46420,NORPAT,2019-01-15 23:00:00+00,,arteria hepatica,7413
7421,T46460,NORPAT,2019-01-15 23:00:00+00,,arteria lienalis,7419
7422,T46500,NORPAT,2001-12-31 23:00:00+00,,mesenterial arterie,7413
7423,T46510,NORPAT,2019-01-15 23:00:00+00,,arteria mesenterica superior,7422
7424,T46525,NORPAT,2019-01-15 23:00:00+00,,arteria mesenterica inferior,7422
7425,T46600,NORPAT,2001-12-31 23:00:00+00,,arteria renalis,7347
7426,T46610,NORPAT,2001-12-31 23:00:00+00,,høyre arteria renalis,7425
7427,T46620,NORPAT,2001-12-31 23:00:00+00,,venstre arteria renalis,7425
7428,T46670,NORPAT,2019-01-15 23:00:00+00,,intrarenal arterie,7413
7429,T46675,NORPAT,2019-01-15 23:00:00+00,,afferent glomerulus-arteriole,7428
7430,T46676,NORPAT,2019-01-15 23:00:00+00,,efferent arteriole,7428
7431,T46681,NORPAT,2019-01-15 23:00:00+00,,glomerulært kapillærnøste,7844
7432,T46700,NORPAT,2019-01-15 23:00:00+00,,arteria iliaca,7413
7433,T46710,NORPAT,2019-01-15 23:00:00+00,,arteria iliaca communis,7432
7434,T46720,NORPAT,2019-01-15 23:00:00+00,,høyre arteria iliaca communis,7433
7435,T46730,NORPAT,2019-01-15 23:00:00+00,,venstre arteria iliaca communis,7433
7436,T46740,NORPAT,2019-01-15 23:00:00+00,,arteria iliaca interna,7347
7437,T46741,NORPAT,2019-01-15 23:00:00+00,,høyre arteria iliaca interna,7436
7438,T46742,NORPAT,2019-01-15 23:00:00+00,,venstre arteria iliaca interna,7436
7439,T46910,NORPAT,2019-01-15 23:00:00+00,,arteria iliaca externa,7432
7440,T46911,NORPAT,2019-01-15 23:00:00+00,,høyre arteria iliaca externa,7439
7441,T46912,NORPAT,2019-01-15 23:00:00+00,,venstre arteria iliaca externa,7439
7442,T47000,NORPAT,2001-12-31 23:00:00+00,,ekstremitetsarterie,7347
7443,T47020,NORPAT,2001-12-31 23:00:00+00,,overekstremitetsarterie,7442
7444,T47040,NORPAT,2001-12-31 23:00:00+00,,underekstremitetsarterie,7442
7445,T47100,NORPAT,2019-01-15 23:00:00+00,,arteria axillaris,7443
7446,T47110,NORPAT,2019-01-15 23:00:00+00,,høyre arteria axillaris,7445
7447,T47200,NORPAT,2019-01-15 23:00:00+00,,arteria ulnaris,7443
7448,T47300,NORPAT,2019-01-15 23:00:00+00,,arteria radialis,7443
7449,T47400,NORPAT,2019-01-15 23:00:00+00,,arteria femoralis,7444
7450,T47410,NORPAT,2019-01-15 23:00:00+00,,høyre arteria femoralis,7449
7451,T47420,NORPAT,2019-01-15 23:00:00+00,,venstre arteria femoralis,7449
7452,T47500,NORPAT,2019-01-15 23:00:00+00,,arteria poplitea,7444
7453,T47600,NORPAT,2019-01-15 23:00:00+00,,arteria tibialis posterior,7444
7454,T47700,NORPAT,2019-01-15 23:00:00+00,,arteria tibialis anterior,7444
7455,T47720,NORPAT,2019-01-15 23:00:00+00,,venstre arteria axillaris,7445
7456,T48000,NORPAT,2001-12-31 23:00:00+00,,vene,7338
7457,T48010,NORPAT,2001-12-31 23:00:00+00,,venyle,7456
7458,T48100,NORPAT,2001-12-31 23:00:00+00,,hode- og halsvene,7456
7459,T48150,NORPAT,2019-01-15 23:00:00+00,,vena jugularis,7456
7460,T48160,NORPAT,2019-01-15 23:00:00+00,,vena jugularis externa,7459
7461,T48170,NORPAT,2019-01-15 23:00:00+00,,vena jugularis interna,7459
7462,T48200,NORPAT,2001-12-31 23:00:00+00,,intrakranielle vener,7456
7463,T48270,NORPAT,2019-01-15 23:00:00+00,,vena cerebralis magna,7462
7464,T48300,NORPAT,2001-12-31 23:00:00+00,,vene i thorax,8436
7465,T48500,NORPAT,2019-01-15 23:00:00+00,,vena pulmonalis,7456
7466,T48600,NORPAT,2001-12-31 23:00:00+00,,vena cava,7346
7467,T48610,NORPAT,2019-01-15 23:00:00+00,,vena cava superior,7466
7468,T48670,NORPAT,2019-01-15 23:00:00+00,,venepleksus i øsofagus,7456
7469,T48710,NORPAT,2019-01-15 23:00:00+00,,vena cava inferior,7466
7470,T48720,NORPAT,2019-01-15 23:00:00+00,,vena hepatica,7456
7471,T48730,NORPAT,2019-01-15 23:00:00+00,,sentralvene i lever,7470
7472,T48740,NORPAT,2019-01-15 23:00:00+00,,vena renalis,7456
7473,T48744,NORPAT,2019-01-15 23:00:00+00,,intrarenal vene,7456
7474,T48800,NORPAT,2019-01-15 23:00:00+00,,vena portae-systemet,7271
7475,T48810,NORPAT,2001-12-31 23:00:00+00,,vena portae,7456
7476,T48811,NORPAT,2019-01-15 23:00:00+00,,ekstrahepatisk del av vena portae,7475
7477,T48812,NORPAT,2019-01-15 23:00:00+00,,intrahepatisk del av vena portae,7475
7478,T48920,NORPAT,2019-01-15 23:00:00+00,,vena iliaca communis,7481
7479,T48942,NORPAT,2019-01-15 23:00:00+00,,plexus haemorrhoidalis,7481
7480,T48945,NORPAT,2019-01-15 23:00:00+00,,periprostatiske vener,7481
7481,T49080,NORPAT,2001-12-31 23:00:00+00,,bekkenvene,7456
7482,T49100,NORPAT,2001-12-31 23:00:00+00,,overekstremitetsvene,7456
7483,T49102,NORPAT,2019-01-15 23:00:00+00,,dyp overekstremitetsvene,7482
7484,T49400,NORPAT,2001-12-31 23:00:00+00,,underekstremitetsvene,7456
7485,T49402,NORPAT,2019-01-15 23:00:00+00,,dyp underekstremitetsvene,7484
7486,T49410,NORPAT,2019-01-15 23:00:00+00,,vena femoralis,7484
7487,T49530,NORPAT,2019-01-15 23:00:00+00,,vena saphena magna,7484
7488,T49650,NORPAT,2019-01-15 23:00:00+00,,vena poplitea,7484
7489,T49910,NORPAT,2019-01-15 23:00:00+00,,vena portae og vena cava inferior,7456
7490,T49980,NORPAT,2019-01-15 23:00:00+00,,vena iliaca og vena femoralis,7456
7491,T50000,NORPAT,2019-01-15 23:00:00+00,,fordøyelsessystem,6716
7492,T50100,NORPAT,2019-01-15 23:00:00+00,,magetarmkanal,7491
7493,T50500,NORPAT,2019-01-15 23:00:00+00,,tarm,7491
7494,T51000,NORPAT,2001-12-31 23:00:00+00,,munn,7491
7495,T51002,NORPAT,2001-12-31 23:00:00+00,,"leppekommissur, innside",7507
7496,T51010,NORPAT,2001-12-31 23:00:00+00,,vestibulum oris,7494
7497,T51020,NORPAT,2001-12-31 23:00:00+00,,cavum oris proprium,7494
7498,T51030,NORPAT,2001-12-31 23:00:00+00,,munnslimhinne,7494
7499,T51100,NORPAT,2001-12-31 23:00:00+00,,gane,7494
7500,T51110,NORPAT,2001-12-31 23:00:00+00,,harde gane,7499
7501,T51120,NORPAT,2001-12-31 23:00:00+00,,bløte gane,7499
7502,T51130,NORPAT,2001-12-31 23:00:00+00,,uvula,7501
7503,T51140,NORPAT,2001-12-31 23:00:00+00,,ganeslimhinne,7498
7504,T51200,NORPAT,2001-12-31 23:00:00+00,,munngulv,7494
7505,T51300,NORPAT,2001-12-31 23:00:00+00,,kinnslimhinne,7498
7506,T51400,NORPAT,2001-12-31 23:00:00+00,,fauces,7494
7507,T52000,NORPAT,2001-12-31 23:00:00+00,,leppe,7494
7508,T52003,NORPAT,2019-01-15 23:00:00+00,,"leppekommissur, utside",7507
7509,T52100,NORPAT,2001-12-31 23:00:00+00,,overleppe,7507
7510,T52110,NORPAT,2001-12-31 23:00:00+00,,slimhinne på overleppe,7515
7511,T52200,NORPAT,2001-12-31 23:00:00+00,,underleppe,7507
7512,T52210,NORPAT,2001-12-31 23:00:00+00,,slimhinne på underleppe,7515
7513,T52230,NORPAT,2019-01-15 23:00:00+00,,lepperødt på overleppe,7509
7514,T52240,NORPAT,2019-01-15 23:00:00+00,,lepperødt på underleppe,7511
7515,T52250,NORPAT,2001-12-31 23:00:00+00,,leppeslimhinne,7498
7516,T52260,NORPAT,2001-12-31 23:00:00+00,,lepperødt,7507
7517,T52910,NORPAT,2019-01-15 23:00:00+00,,leppe og kjeve,8405
7518,T52930,NORPAT,2019-01-15 23:00:00+00,,"overleppe, overkjeve og gane",8405
7519,T52931,NORPAT,2019-01-15 23:00:00+00,,"overleppe, overkjeve og gane, begge sider",8405
7520,T52932,NORPAT,2019-01-15 23:00:00+00,,"overleppe, overkjeve og gane, høyre side",8405
7521,T52933,NORPAT,2019-01-15 23:00:00+00,,"overleppe, overkjeve og gane, venstre side",8405
7522,T52934,NORPAT,2019-01-15 23:00:00+00,,"overleppe, overkjeve og gane, midtlinje",8405
7523,T52940,NORPAT,2019-01-15 23:00:00+00,,overleppe og overkjeve,8405
7524,T53000,NORPAT,2001-12-31 23:00:00+00,,tunge,7494
7525,T53002,NORPAT,2001-12-31 23:00:00+00,,tungespiss,7524
7526,T53010,NORPAT,2001-12-31 23:00:00+00,,tungeslimhinne,7498
7527,T53100,NORPAT,2001-12-31 23:00:00+00,,tungerygg,7524
7528,T53130,NORPAT,2001-12-31 23:00:00+00,,tungerot,7640
7529,T53300,NORPAT,2001-12-31 23:00:00+00,,tungerand,7524
7530,T53301,NORPAT,2001-12-31 23:00:00+00,,høyre tungerand,7529
7531,T53302,NORPAT,2001-12-31 23:00:00+00,,venstre tungerand,7529
7532,T53400,NORPAT,2001-12-31 23:00:00+00,,underside av tunge,7524
7533,T54000,NORPAT,2019-01-15 23:00:00+00,,"tann, periodontium og gingiva",8410
7534,T54010,NORPAT,2001-12-31 23:00:00+00,,tann,7533
7535,T54011,NORPAT,2019-01-15 23:00:00+00,,tanntyggeflate,7534
7536,T54020,NORPAT,2019-01-15 23:00:00+00,,tannkrone,7534
7537,T54030,NORPAT,2019-01-15 23:00:00+00,,tannhals,7534
7538,T54040,NORPAT,2001-12-31 23:00:00+00,,tannrot,7534
7539,T54041,NORPAT,2001-12-31 23:00:00+00,,tannrotsapeks,7538
7540,T54060,NORPAT,2019-01-15 23:00:00+00,,tannpulpa,7533
7541,T54070,NORPAT,2019-01-15 23:00:00+00,,dentin,7534
7542,T54080,NORPAT,2019-01-15 23:00:00+00,,emalje,7534
7543,T54090,NORPAT,2019-01-15 23:00:00+00,,sement,7534
7544,T54100,NORPAT,2019-01-15 23:00:00+00,,tann under utvikling,7534
7545,T54110,NORPAT,2019-01-15 23:00:00+00,,tannanlegg,7544
7546,T54200,NORPAT,2019-01-15 23:00:00+00,,permanent tann,7534
7547,T54530,NORPAT,2019-01-15 23:00:00+00,,visdomstann,7546
7548,T54600,NORPAT,2019-01-15 23:00:00+00,,temporær tann,7534
7549,T54900,NORPAT,2019-01-15 23:00:00+00,,periodontalt vev og gingiva,7533
7550,T54910,NORPAT,2001-12-31 23:00:00+00,,gingiva,7549
7551,T54920,NORPAT,2001-12-31 23:00:00+00,,gingiva i overkjeve,7550
7552,T54930,NORPAT,2001-12-31 23:00:00+00,,gingiva i underkjeve,7550
7553,T54990,NORPAT,2001-12-31 23:00:00+00,,periodontalt vev,7549
7554,T55000,NORPAT,2001-12-31 23:00:00+00,,spyttkjertel,7491
7555,T55080,NORPAT,2001-12-31 23:00:00+00,,spyttkjertelgang,7554
7556,T55100,NORPAT,2001-12-31 23:00:00+00,,glandula parotis,7554
7557,T55110,NORPAT,2001-12-31 23:00:00+00,,høyre glandula parotis,7556
7558,T55120,NORPAT,2001-12-31 23:00:00+00,,venstre glandula parotis,7556
7559,T55130,NORPAT,2019-01-15 23:00:00+00,,ductus parotideus,7556
7560,T55200,NORPAT,2001-12-31 23:00:00+00,,glandula sublingualis,7554
7561,T55210,NORPAT,2001-12-31 23:00:00+00,,høyre glandula sublingualis,7560
7562,T55220,NORPAT,2001-12-31 23:00:00+00,,venstre glandula sublingualis,7560
7563,T55300,NORPAT,2001-12-31 23:00:00+00,,glandula submandibularis,7554
7564,T55310,NORPAT,2001-12-31 23:00:00+00,,høyre glandula submandibularis,7563
7565,T55320,NORPAT,2001-12-31 23:00:00+00,,venstre glandula submandibularis,7563
7566,T55330,NORPAT,2019-01-15 23:00:00+00,,ductus submandibularis,7555
7567,T55400,NORPAT,2001-12-31 23:00:00+00,,liten spyttkjertel,7554
7568,T56000,NORPAT,2001-12-31 23:00:00+00,,lever,7491
7569,T56010,NORPAT,2001-12-31 23:00:00+00,,høyre leverlapp,7568
7570,T56020,NORPAT,2001-12-31 23:00:00+00,,venstre leverlapp,7568
7571,T56030,NORPAT,2019-01-15 23:00:00+00,,lobus quadratus hepatis,7570
7572,T56040,NORPAT,2019-01-15 23:00:00+00,,lobus caudatus hepatis,7570
7573,T56050,NORPAT,2001-12-31 23:00:00+00,2017-10-13 22:00:00+00,Riedels lapp,
7574,T56060,NORPAT,2019-01-15 23:00:00+00,,leverkapsel,7568
7575,T56070,NORPAT,2019-01-15 23:00:00+00,,porta hepatis,7568
7580,T56150,NORPAT,2019-01-15 23:00:00+00,,gallekanalikulus,7568
7581,T56200,NORPAT,2019-01-15 23:00:00+00,,leverlobulus,7568
7582,T56210,NORPAT,2019-01-15 23:00:00+00,,sentrilobulær sone,7581
7583,T56220,NORPAT,2019-01-15 23:00:00+00,,midtsone i leverlobulus,7568
7584,T56230,NORPAT,2019-01-15 23:00:00+00,,perifer sone i leverlobulus,7568
7585,T56240,NORPAT,2019-01-15 23:00:00+00,,leversinusoide,7581
7586,T56245,NORPAT,2019-01-15 23:00:00+00,,itocelle,8589
7587,T56250,NORPAT,2019-01-15 23:00:00+00,,kupffercelle,8589
7588,T56260,NORPAT,2019-01-15 23:00:00+00,,hepatocytt,8589
7589,T56270,NORPAT,2019-01-15 23:00:00+00,,interlobulær leverarterie,7413
7590,T56280,NORPAT,2019-01-15 23:00:00+00,,interlobulær levervene,7456
7591,T56290,NORPAT,2019-01-15 23:00:00+00,,Disses rom,7568
7592,T56400,NORPAT,2019-01-15 23:00:00+00,,perihepatisk område,7568
7593,T56970,NORPAT,2019-01-15 23:00:00+00,,lever og milt,7491
7594,T57000,NORPAT,2001-12-31 23:00:00+00,,galleblære,7491
7595,T57010,NORPAT,2019-01-15 23:00:00+00,,fundus i galleblære,7594
7596,T57020,NORPAT,2019-01-15 23:00:00+00,,corpus i galleblære,7594
7597,T57030,NORPAT,2019-01-15 23:00:00+00,,collum i galleblære,7594
7598,T57100,NORPAT,2019-01-15 23:00:00+00,,slimhinne i galleblære,7594
7599,T57200,NORPAT,2019-01-15 23:00:00+00,,høyre ductus hepaticus,7594
7600,T57300,NORPAT,2019-01-15 23:00:00+00,,venstre ductus hepaticus,7594
7601,T57900,NORPAT,2019-01-15 23:00:00+00,,galleblære og tarm,7491
7602,T57910,NORPAT,2019-01-15 23:00:00+00,,galleblære og jejunum,7491
7603,T57920,NORPAT,2019-01-15 23:00:00+00,,galleblære og galleganger,7491
7604,T57930,NORPAT,2019-01-15 23:00:00+00,,galleblære og ekstrahepatiske galleganger,7491
7605,T57940,NORPAT,2019-01-15 23:00:00+00,,galleblære og ductus choledochus,7491
7606,T57950,NORPAT,2019-01-15 23:00:00+00,,galleblære og duodenum,7491
7607,T57970,NORPAT,2019-01-15 23:00:00+00,,galleblære og magesekk,7491
7608,T58000,NORPAT,2001-12-31 23:00:00+00,,ekstrahepatisk gallegang,7491
7609,T58010,NORPAT,2019-01-15 23:00:00+00,,slimhinne i ekstrahepatisk gallegang,7608
7610,T58100,NORPAT,2001-12-31 23:00:00+00,,ductus hepaticus,7491
7611,T58350,NORPAT,2019-01-15 23:00:00+00,,ductus hepaticus communis,7608
7612,T58400,NORPAT,2001-12-31 23:00:00+00,,ductus cysticus,7608
7613,T58500,NORPAT,2001-12-31 23:00:00+00,,ductus choledochus,7608
7614,T58510,NORPAT,2019-01-15 23:00:00+00,,slimhinne i ductus choledochus,7613
7615,T58600,NORPAT,2019-01-15 23:00:00+00,,sphincter Oddi,7714
7616,T58700,NORPAT,2001-12-31 23:00:00+00,,ampulla Vateri,7621
7617,T587A0,NORPAT,2019-01-15 23:00:00+00,,periampullær region,7711
7618,T58940,NORPAT,2019-01-15 23:00:00+00,,gallegang og jejunum,7491
7619,T59000,NORPAT,2001-12-31 23:00:00+00,,pancreas,7491
7620,T59005,NORPAT,2019-01-15 23:00:00+00,,eksokrin pancreas,7619
7621,T59010,NORPAT,2019-01-15 23:00:00+00,,pankreasgang,7619
7622,T59020,NORPAT,2001-12-31 23:00:00+00,2017-10-13 22:00:00+00,ductus Wirsungi,
7623,T59040,NORPAT,2019-01-15 23:00:00+00,,ductus Santorini,7619
7624,T59090,NORPAT,2019-01-15 23:00:00+00,,endestykke i pancreaskjertel,7619
7625,T59100,NORPAT,2001-12-31 23:00:00+00,,pancreashodet,7619
7626,T59200,NORPAT,2001-12-31 23:00:00+00,,pancreaskroppen,7619
7627,T59300,NORPAT,2001-12-31 23:00:00+00,,pancreashalen,7619
7628,T59500,NORPAT,2019-01-15 23:00:00+00,,interstitielt vev i pancreas,7619
7629,T59510,NORPAT,2001-12-31 23:00:00+00,,peripancreatisk vev,7619
7630,T59900,NORPAT,2019-01-15 23:00:00+00,,pancreas og duodenum,7491
7631,T59910,NORPAT,2019-01-15 23:00:00+00,,pancreas og magesekk,7491
7632,T59920,NORPAT,2019-01-15 23:00:00+00,,pancreas og jejunum,7491
7633,T59950,NORPAT,2019-01-15 23:00:00+00,,pancreas og gallegang,7491
7634,T5X100,NORPAT,2001-12-31 23:00:00+00,2019-01-14 23:00:00+00,cytologisk materiale fra munnhule,
7635,T5Y200,NORPAT,2001-12-31 23:00:00+00,2019-01-14 23:00:00+00,cytologisk materiale fra galleblære,
7636,T5Y300,NORPAT,2001-12-31 23:00:00+00,2019-01-14 23:00:00+00,cytologisk materiale fra gallegang,
7637,T5Y410,NORPAT,2001-12-31 23:00:00+00,2019-01-14 23:00:00+00,cytologisk materiale fra pancreas,
7638,T60000,NORPAT,2001-12-31 23:00:00+00,,pharynx,7167
7639,T60010,NORPAT,2019-01-15 23:00:00+00,,pharynxslimhinne,7638
7640,T60200,NORPAT,2001-12-31 23:00:00+00,,oropharynx,7638
7641,T60230,NORPAT,2019-01-15 23:00:00+00,,vallecula epiglottica,7169
7642,T60240,NORPAT,2019-01-15 23:00:00+00,,oropharynxslimhinne,7640
7643,T60300,NORPAT,2001-12-31 23:00:00+00,,hypopharynx,7638
7644,T60320,NORPAT,2019-01-15 23:00:00+00,,recessus piriformis,7169
7645,T60330,NORPAT,2019-01-15 23:00:00+00,,hypopharynxslimhinne,7643
7646,T61000,NORPAT,2001-12-31 23:00:00+00,,tonsiller og adenoid vev,6857
7647,T61010,NORPAT,2019-01-15 23:00:00+00,,Waldeyers ring,7646
7648,T61100,NORPAT,2019-01-15 23:00:00+00,,ganetonsille,7646
7649,T61110,NORPAT,2001-12-31 23:00:00+00,,høyre ganetonsille,7648
7650,T61120,NORPAT,2001-12-31 23:00:00+00,,venstre ganetonsille,7648
7651,T61130,NORPAT,2001-12-31 23:00:00+00,,begge ganetonsiller,7648
7652,T61140,NORPAT,2019-01-15 23:00:00+00,,lingual tonsille,7646
7653,T61150,NORPAT,2019-01-15 23:00:00+00,,ganebue,7640
7654,T61180,NORPAT,2019-01-15 23:00:00+00,,tonsille kapsel,7646
7655,T61230,NORPAT,2019-01-15 23:00:00+00,,peritonsillært vev,7640
7656,T61240,NORPAT,2019-01-15 23:00:00+00,,fossa tonsillaris,7646
7657,T61300,NORPAT,2019-01-15 23:00:00+00,2022-12-30 23:00:00+00,ganetonsille,7646
7658,T61310,NORPAT,2019-01-15 23:00:00+00,,høyre adenoid,7646
7659,T61320,NORPAT,2019-01-15 23:00:00+00,,venstre adenoid,7646
7660,T61330,NORPAT,2019-01-15 23:00:00+00,,tubar tonsille,7646
7661,T62000,NORPAT,2001-12-31 23:00:00+00,,øsofagus,7491
7662,T62010,NORPAT,2001-12-31 23:00:00+00,,øsofagusslimhinne,7661
7663,T62020,NORPAT,2019-01-15 23:00:00+00,,øsofaguskjertel,7661
7664,T62050,NORPAT,2019-01-15 23:00:00+00,,øsofagusvegg,7661
7665,T62110,NORPAT,2019-01-15 23:00:00+00,,"øsofagus, øvre 1/3",7661
7666,T62210,NORPAT,2019-01-15 23:00:00+00,,"øsofagus, midtre 1/3",7661
7667,T62310,NORPAT,2019-01-15 23:00:00+00,,"øsofagus, nedre 1/3",7661
7668,T62350,NORPAT,2001-12-31 23:00:00+00,,øsofagokardiale overgang,7667
7669,T62400,NORPAT,2019-01-15 23:00:00+00,,periøsofagealt vev,7661
7670,T62900,NORPAT,2019-01-15 23:00:00+00,,øsofagus og duodenum,7491
7671,T62910,NORPAT,2019-01-15 23:00:00+00,,øsofagus og magesekk,7491
7672,T62920,NORPAT,2019-01-15 23:00:00+00,,øsofagus og jejunum,7491
7673,T62940,NORPAT,2021-12-31 23:00:00+00,,"øsofagus, magesekk og duodenum",7491
7674,T63000,NORPAT,2001-12-31 23:00:00+00,,magesekk,7491
7675,T63010,NORPAT,2001-12-31 23:00:00+00,,magesekkslimhinne,7674
7676,T63011,NORPAT,2019-01-15 23:00:00+00,,magesekkslimhinnefolder,7675
7677,T63065,NORPAT,2019-01-15 23:00:00+00,,magesekkepitel,7675
7678,T63090,NORPAT,2019-01-15 23:00:00+00,,argentaffin celle i magesekk,8117
7679,T63140,NORPAT,2019-01-15 23:00:00+00,,magesekkserosa,7674
7680,T63210,NORPAT,2019-01-15 23:00:00+00,,curvatura minor,7674
7681,T63220,NORPAT,2019-01-15 23:00:00+00,,curvatura major,7674
7682,T63240,NORPAT,2019-01-15 23:00:00+00,,fremre magesekkvegg,7674
7683,T63250,NORPAT,2019-01-15 23:00:00+00,,bakre magesekkvegg,7674
7684,T63300,NORPAT,2001-12-31 23:00:00+00,,cardia ventriculi,7674
7685,T63310,NORPAT,2019-01-15 23:00:00+00,,slimhinne i cardia ventriculi,7684
7686,T63400,NORPAT,2001-12-31 23:00:00+00,,fundus ventriculi,7674
7687,T63500,NORPAT,2001-12-31 23:00:00+00,,corpus ventriculi,7674
7688,T63510,NORPAT,2019-01-15 23:00:00+00,,slimhinne i corpus ventriculi,7684
7689,T63520,NORPAT,2019-01-15 23:00:00+00,,pars pylorica ventriculi,7674
7690,T63530,NORPAT,2019-01-15 23:00:00+00,,pylorusslimhinne,7684
7691,T63600,NORPAT,2001-12-31 23:00:00+00,,antrum ventriculi,7674
7692,T63601,NORPAT,2019-01-15 23:00:00+00,,canalis pylori,7674
7693,T63700,NORPAT,2001-12-31 23:00:00+00,,pylorus,7674
7694,T63850,NORPAT,2001-12-31 23:00:00+00,,oment,7151
7695,T63860,NORPAT,2001-12-31 23:00:00+00,,omentum majus,7694
7696,T63870,NORPAT,2001-12-31 23:00:00+00,,omentum minus,7694
7697,T63900,NORPAT,2019-01-15 23:00:00+00,,magesekk og hud,7491
7698,T63910,NORPAT,2019-01-15 23:00:00+00,,magesekk og jejunum,7491
7699,T63920,NORPAT,2019-01-15 23:00:00+00,,magesekk og colon,7491
7700,T63930,NORPAT,2019-01-15 23:00:00+00,,magesekk og duodenum,7491
7701,T63950,NORPAT,2019-01-15 23:00:00+00,,magesekk og tynntarm,7491
7702,T64000,NORPAT,2001-12-31 23:00:00+00,,tynntarm,7493
7703,T64010,NORPAT,2017-10-14 22:00:00+00,,tynntarmslimhinne,7702
7704,T64020,NORPAT,2001-12-31 23:00:00+00,2017-10-13 22:00:00+00,tynntarmslimhinne,
7705,T64040,NORPAT,2019-01-15 23:00:00+00,,tynntarmvillus,7703
7706,T64082,NORPAT,2019-01-15 23:00:00+00,,lymfoid vev i tynntarm,6866
7707,T64120,NORPAT,2019-01-15 23:00:00+00,,tynntarmsserosa,7702
7708,T64140,NORPAT,2019-01-15 23:00:00+00,,argentaffin celle,8589
7709,T64200,NORPAT,2001-12-31 23:00:00+00,,mesenterium,8503
7710,T64210,NORPAT,2001-12-31 23:00:00+00,,tynntarmskrøs,8503
7711,T64300,NORPAT,2001-12-31 23:00:00+00,,duodenum,7702
7712,T64310,NORPAT,2001-12-31 23:00:00+00,,duodenalslimhinne,7711
7713,T64320,NORPAT,2019-01-15 23:00:00+00,,Brunner-kjertel,7712
7714,T64390,NORPAT,2001-12-31 23:00:00+00,,papilla Vateri,7702
7715,T64391,NORPAT,2019-01-15 23:00:00+00,,papilla duodeni major,7702
7716,T64400,NORPAT,2019-01-15 23:00:00+00,,pars superior duodeni,7711
7717,T64500,NORPAT,2019-01-15 23:00:00+00,,pars descendens duodeni,7711
7718,T64600,NORPAT,2019-01-15 23:00:00+00,,pars inferior duodeni,7711
7719,T64900,NORPAT,2019-01-15 23:00:00+00,,tynntarm og tynntarm,7702
7720,T64910,NORPAT,2019-01-15 23:00:00+00,,tynntarm og tykktarm,7493
7721,T64920,NORPAT,2019-01-15 23:00:00+00,,duodenum og abdominalvegg,7491
7722,T64930,NORPAT,2019-01-15 23:00:00+00,,tynntarm og gallegang,7491
7723,T64950,NORPAT,2019-01-15 23:00:00+00,,duodenum og jejunum,7702
7724,T65000,NORPAT,2019-01-15 23:00:00+00,,jejunum og ileum,7702
7725,T65100,NORPAT,2001-12-31 23:00:00+00,,jejunum,7702
7726,T65110,NORPAT,2019-01-15 23:00:00+00,,jejunumslimhinne,7703
7727,T65200,NORPAT,2001-12-31 23:00:00+00,,ileum,7702
7728,T65210,NORPAT,2019-01-15 23:00:00+00,,ileumslimhinne,7703
7729,T65300,NORPAT,2019-01-15 23:00:00+00,,ileocøkalklaff,7758
7730,T65400,NORPAT,2019-01-15 23:00:00+00,,jejunumkrøs,7710
7731,T65410,NORPAT,2019-01-15 23:00:00+00,,ileumkrøs,7710
7732,T65520,NORPAT,2019-01-15 23:00:00+00,,terminale ileum,7727
7733,T65600,NORPAT,2019-01-15 23:00:00+00,,Meckels divertikkel,7702
7734,T65900,NORPAT,2019-01-15 23:00:00+00,,ileum og colon,7493
7735,T65905,NORPAT,2001-12-31 23:00:00+00,2017-10-13 22:00:00+00,jejunum og ileum,
7736,T65910,NORPAT,2019-01-15 23:00:00+00,,jejunum og colon,7493
7737,T65915,NORPAT,2019-01-15 23:00:00+00,,jejunum og jejunum,7493
7738,T65920,NORPAT,2019-01-15 23:00:00+00,,ileum og hud,7491
7739,T65925,NORPAT,2019-01-15 23:00:00+00,,ileum og rectum,7493
7740,T65930,NORPAT,2019-01-15 23:00:00+00,,jejunum og hud,7491
7741,T65950,NORPAT,2001-12-31 23:00:00+00,,ileostoma,7491
7742,T65955,NORPAT,2019-01-15 23:00:00+00,,ileum og vagina,7491
7743,T65960,NORPAT,2019-01-15 23:00:00+00,,ileum og coecum,7493
7744,T65965,NORPAT,2019-01-15 23:00:00+00,,ileum og colon transversum,7493
7745,T65970,NORPAT,2019-01-15 23:00:00+00,,ileum og sigmoideum,7493
7746,T65980,NORPAT,2019-01-15 23:00:00+00,,ileum og ileum,7727
7747,T65990,NORPAT,2019-01-15 23:00:00+00,,jejunum og coecum,7493
7748,T65995,NORPAT,2021-12-31 23:00:00+00,,"ileum, colon og rectum",7493
7749,T66000,NORPAT,2001-12-31 23:00:00+00,,appendix vermiformis,7491
7750,T66010,NORPAT,2019-01-15 23:00:00+00,,appendixslimhinne,7749
7751,T66100,NORPAT,2019-01-15 23:00:00+00,,mesoappendix,7749
7752,T66200,NORPAT,2019-01-15 23:00:00+00,,periappendikalt vev,7749
7753,T67000,NORPAT,2001-12-31 23:00:00+00,,colon,7493
7754,T67010,NORPAT,2001-12-31 23:00:00+00,,colonslimhinne,7753
7755,T67050,NORPAT,2019-01-15 23:00:00+00,,lymfoid vev i colon,7753
7756,T67060,NORPAT,2001-12-31 23:00:00+00,,appendix epiploica,7491
7757,T67090,NORPAT,2019-01-15 23:00:00+00,,colonserosa,8490
7758,T67100,NORPAT,2001-12-31 23:00:00+00,,coecum,7493
7759,T67105,NORPAT,2019-01-15 23:00:00+00,,coecumslimhinne,7758
7760,T67200,NORPAT,2001-12-31 23:00:00+00,,colon ascendens,7779
7761,T67210,NORPAT,2019-01-15 23:00:00+00,,slimhinne i colon ascendens,7760
7762,T67300,NORPAT,2001-12-31 23:00:00+00,,høyre colonfleksur,7753
7763,T67310,NORPAT,2019-01-15 23:00:00+00,,slimhinne i høyre colonfleksur,7762
7764,T67400,NORPAT,2001-12-31 23:00:00+00,,colon transversum,7753
7765,T67410,NORPAT,2019-01-15 23:00:00+00,,slimhinne i colon transversum,7764
7766,T67500,NORPAT,2001-12-31 23:00:00+00,,venstre colonfleksur,7753
7767,T67510,NORPAT,2019-01-15 23:00:00+00,,slimhinne i venstre colonfleksur,7766
7768,T67600,NORPAT,2001-12-31 23:00:00+00,,colon descendens,7753
7769,T67610,NORPAT,2019-01-15 23:00:00+00,,slimhinne i colon descendens,7768
7770,T67700,NORPAT,2001-12-31 23:00:00+00,,colon sigmoideum,7753
7771,T67710,NORPAT,2019-01-15 23:00:00+00,,slimhinne i colon sigmoideum,7770
7772,T67800,NORPAT,2001-12-31 23:00:00+00,,mesocolon,8503
7773,T67840,NORPAT,2019-01-15 23:00:00+00,,mesosigmoideum,8503
7774,T67860,NORPAT,2001-12-31 23:00:00+00,,pericolisk vev,7753
7775,T67900,NORPAT,2019-01-15 23:00:00+00,,colon og colon,7753
7776,T67910,NORPAT,2019-01-15 23:00:00+00,,colon og abdominalvegg,7491
7777,T67920,NORPAT,2019-01-15 23:00:00+00,,colon og rectum,7493
7778,T67950,NORPAT,2019-01-15 23:00:00+00,,colon og hud,7491
7779,T67965,NORPAT,2019-01-15 23:00:00+00,,høyre hemicolon,7753
7780,T67966,NORPAT,2019-01-15 23:00:00+00,,høyre hemicolon og transversum,7753
7781,T67995,NORPAT,2019-01-15 23:00:00+00,,venstre hemicolon,7753
7782,T67996,NORPAT,2019-01-15 23:00:00+00,,venstre hemicolon og transversum,7753
7783,T68000,NORPAT,2001-12-31 23:00:00+00,,rectum,7493
7784,T68005,NORPAT,2019-01-15 23:00:00+00,,rectumvegg,7783
7785,T68010,NORPAT,2001-12-31 23:00:00+00,,rectumslimhinne,7783
7786,T68060,NORPAT,2001-12-31 23:00:00+00,,perirektalt vev,7783
7787,T68065,NORPAT,2019-01-15 23:00:00+00,,rectumserosa,7783
7788,T68070,NORPAT,2019-01-15 23:00:00+00,,septum rectovaginale,7983
7789,T68200,NORPAT,2001-12-31 23:00:00+00,,rectosigmoid,7793
7790,T68910,NORPAT,2019-01-15 23:00:00+00,,rectum og hud,7491
7791,T68920,NORPAT,2019-01-15 23:00:00+00,,rectum og vagina,7491
7792,T68930,NORPAT,2019-01-15 23:00:00+00,,rectum og urinblære,7491
7793,T68950,NORPAT,2019-01-15 23:00:00+00,,rectum og sigmodeum,7493
7794,T69000,NORPAT,2001-12-31 23:00:00+00,,anus,8450
7795,T69010,NORPAT,2019-01-15 23:00:00+00,,analkanal,7794
7796,T69110,NORPAT,2019-01-15 23:00:00+00,,slimhinne i analkanal,7795
7797,T69120,NORPAT,2019-01-15 23:00:00+00,,slimhinne i overgangssonen i anus,7795
7798,T69200,NORPAT,2001-12-31 23:00:00+00,,perianalt vev,7794
7799,T69900,NORPAT,2019-01-15 23:00:00+00,,anus og rectum,7493
7800,T6X020,NORPAT,2019-01-15 23:00:00+00,,gastrointestinalt lumen,7492
7801,T6X210,NORPAT,2001-12-31 23:00:00+00,2019-01-14 23:00:00+00,cytologisk materiale fra oesophagus,
7802,T6X310,NORPAT,2001-12-31 23:00:00+00,2019-01-14 23:00:00+00,cytologisk materiale fra ventrikkel,
7803,T6X510,NORPAT,2001-12-31 23:00:00+00,2019-01-14 23:00:00+00,cytologisk materiale fra duodenum,
7804,T6X810,NORPAT,2001-12-31 23:00:00+00,2019-01-14 23:00:00+00,cytologisk materiale fra colon,
7805,T6X910,NORPAT,2001-12-31 23:00:00+00,2019-01-14 23:00:00+00,cytologisk materiale fra rectum,
7806,T6X920,NORPAT,2017-10-14 22:00:00+00,2020-01-29 23:00:00+00,cytologisk materiale fra anus,7796
7807,T6X940,NORPAT,2001-12-31 23:00:00+00,2019-01-14 23:00:00+00,cytologisk materiale fra peritoneum,
7808,T6X942,NORPAT,2001-12-31 23:00:00+00,2019-01-14 23:00:00+00,peritoneal skyllevæske,
7809,T6X944,NORPAT,2001-12-31 23:00:00+00,2019-01-14 23:00:00+00,peritonealt avskrap,
7810,T6Y030,NORPAT,2001-12-31 23:00:00+00,,magesekkinnhold,7492
7811,T6Y040,NORPAT,2001-12-31 23:00:00+00,,tynntarminnhold,7492
7812,T6Y050,NORPAT,2001-12-31 23:00:00+00,,appendixinnhold,7492
7813,T6Y060,NORPAT,2001-12-31 23:00:00+00,,tykktarminnhold,7493
7814,T6Y070,NORPAT,2001-12-31 23:00:00+00,,rectuminnhold,7783
7815,T6Y100,NORPAT,2001-12-31 23:00:00+00,,avføring,7814
7816,T70000,NORPAT,2001-12-31 23:00:00+00,,urogenitalsystem,6716
7817,T70010,NORPAT,2019-01-15 23:00:00+00,,kvinnelig urogenitalsystem,7816
7818,T70020,NORPAT,2019-01-15 23:00:00+00,,mannlig urogenitalsystem,7816
7819,T70100,NORPAT,2019-01-15 23:00:00+00,,urinveier,7816
7820,T70110,NORPAT,2019-01-15 23:00:00+00,,øvre urinveier,7819
7821,T70120,NORPAT,2019-01-15 23:00:00+00,,nedre urinveier,7819
7822,T70130,NORPAT,2019-01-15 23:00:00+00,,urotel,6724
7823,T70135,NORPAT,2019-01-15 23:00:00+00,,urotelcelle,8589
7824,T70200,NORPAT,2019-01-15 23:00:00+00,,genitalsystem,7816
7825,T70205,NORPAT,2019-01-15 23:00:00+00,,gonade,7824
7826,T70210,NORPAT,2019-01-15 23:00:00+00,,genitalia externa,7824
7827,T70420,NORPAT,2019-01-15 23:00:00+00,,genitalia interna femina,7817
7828,T71000,NORPAT,2001-12-31 23:00:00+00,,nyre,7816
7829,T71003,NORPAT,2001-12-31 23:00:00+00,,nyrehilus,7828
7830,T71007,NORPAT,2001-12-31 23:00:00+00,,øvre nyrepol,7828
7831,T71008,NORPAT,2001-12-31 23:00:00+00,,nedre nyrepol,7828
7832,T71010,NORPAT,2001-12-31 23:00:00+00,,høyre nyre,7828
7833,T71020,NORPAT,2001-12-31 23:00:00+00,,venstre nyre,7828
7834,T71030,NORPAT,2001-12-31 23:00:00+00,,nyrekapsel,7828
7835,T71040,NORPAT,2001-12-31 23:00:00+00,,interstitielt vev i nyre,7828
7836,T71050,NORPAT,2001-12-31 23:00:00+00,,nyrebark,7828
7837,T71060,NORPAT,2019-01-15 23:00:00+00,,interstitielt vev i nyrecortex,7835
7838,T71065,NORPAT,2019-01-15 23:00:00+00,,kortikomedullært i nyre,7828
7839,T71070,NORPAT,2001-12-31 23:00:00+00,,nyremarg,7828
7840,T71080,NORPAT,2001-12-31 23:00:00+00,,interstitielt vev i nyremarg,7835
7841,T71110,NORPAT,2001-12-31 23:00:00+00,,nyrepyramide,7828
7842,T71120,NORPAT,2001-12-31 23:00:00+00,,nyrepapille,7828
7843,T71160,NORPAT,2019-01-15 23:00:00+00,,perirenalt vev,7828
7844,T71200,NORPAT,2019-01-15 23:00:00+00,,glomerulus,7828
7845,T71205,NORPAT,2019-01-15 23:00:00+00,,Bowmans rom,7828
7846,T71210,NORPAT,2019-01-15 23:00:00+00,,"Bowmans kapsel, viscerale lag",7844
7847,T71220,NORPAT,2019-01-15 23:00:00+00,,"Bowmans kapsel, parietale lag",7844
7848,T71230,NORPAT,2019-01-15 23:00:00+00,,glomerulær kapillær basalmembran,7431
7849,T71240,NORPAT,2019-01-15 23:00:00+00,,glomerulært endotel,7431
7850,T71250,NORPAT,2019-01-15 23:00:00+00,,glomerulær vaskulær pol,7844
7851,T71270,NORPAT,2019-01-15 23:00:00+00,,juxtaglomerulære apparat,7828
7852,T71280,NORPAT,2019-01-15 23:00:00+00,,juxtaglomerulær celle,8589
7853,T71290,NORPAT,2019-01-15 23:00:00+00,,glomerulært mesangium,7844
7854,T71300,NORPAT,2019-01-15 23:00:00+00,,nyretubulus,7828
7855,T71310,NORPAT,2019-01-15 23:00:00+00,,tubulær basalmembran,7828
7856,T71330,NORPAT,2019-01-15 23:00:00+00,,proksimale tubulus i nyre,7828
7857,T71800,NORPAT,2001-12-31 23:00:00+00,,begge nyrer,7828
7858,T71850,NORPAT,2001-12-31 23:00:00+00,,nyrebark i begge nyrer,7828
7859,T71900,NORPAT,2019-01-15 23:00:00+00,,nyre og nyrebekken,7828
7860,T72000,NORPAT,2001-12-31 23:00:00+00,,nyrebekken,7820
7861,T72010,NORPAT,2001-12-31 23:00:00+00,,høyre nyrebekken,7860
7862,T72020,NORPAT,2001-12-31 23:00:00+00,,venstre nyrebekken,7860
7863,T72030,NORPAT,2019-01-15 23:00:00+00,,nyrebekkenslimhinne,7860
7864,T72050,NORPAT,2019-01-15 23:00:00+00,,nyrebekkenmuskularis,7860
7865,T72100,NORPAT,2019-01-15 23:00:00+00,,calyx,7820
7866,T72800,NORPAT,2001-12-31 23:00:00+00,,begge nyrebekken,7860
7867,T73000,NORPAT,2001-12-31 23:00:00+00,,ureter,7820
7868,T73003,NORPAT,2001-12-31 23:00:00+00,,ureteropelvine overgang,7867
7869,T73010,NORPAT,2001-12-31 23:00:00+00,,høyre ureter,7867
7870,T73020,NORPAT,2001-12-31 23:00:00+00,,venstre ureter,7867
7871,T73030,NORPAT,2001-12-31 23:00:00+00,,ureterslimhinne,7867
7872,T73050,NORPAT,2019-01-15 23:00:00+00,,uretermuskularis,7867
7873,T73070,NORPAT,2019-01-15 23:00:00+00,,periureteralt vev,7901
7874,T73800,NORPAT,2001-12-31 23:00:00+00,,begge ureteres,7867
7875,T73900,NORPAT,2019-01-15 23:00:00+00,,ureter og hud,7867
7876,T73920,NORPAT,2019-01-15 23:00:00+00,,ureter og ileum,7867
7877,T73940,NORPAT,2019-01-15 23:00:00+00,,ureter og tynntarm,7867
7878,T73970,NORPAT,2019-01-15 23:00:00+00,,ureter og colon,7867
7879,T74000,NORPAT,2001-12-31 23:00:00+00,,urinblære,7821
7880,T74010,NORPAT,2001-12-31 23:00:00+00,,urinblæreslimhinne,7879
7881,T74015,NORPAT,2019-01-15 23:00:00+00,,overgangsepitel i urinblæren,6724
7882,T74017,NORPAT,2019-01-15 23:00:00+00,,paraplycelle,8589
7883,T74020,NORPAT,2019-01-15 23:00:00+00,,submucosa og lamina propria i urinblæren,7879
7884,T74030,NORPAT,2019-01-15 23:00:00+00,,muscularis i urinblæren,7879
7885,T74050,NORPAT,2019-01-15 23:00:00+00,,urinblæreserosa,7879
7886,T74055,NORPAT,2019-01-15 23:00:00+00,,interstitielt vev i urinblæren,7879
7887,T74060,NORPAT,2019-01-15 23:00:00+00,,urinblærevegg,7879
7888,T74120,NORPAT,2001-12-31 23:00:00+00,,urachus,7816
7889,T74310,NORPAT,2019-01-15 23:00:00+00,,trigonum i urinblæren,7879
7890,T74320,NORPAT,2001-12-31 23:00:00+00,,ureterostium,7879
7891,T74400,NORPAT,2001-12-31 23:00:00+00,,blærehals,7879
7892,T74410,NORPAT,2019-01-15 23:00:00+00,,indre urethralåpning,7901
7893,T74420,NORPAT,2019-01-15 23:00:00+00,,urinblæresfinkter,7884
7894,T74800,NORPAT,2001-12-31 23:00:00+00,,begge ureteralåpninger,7867
7895,T74900,NORPAT,2019-01-15 23:00:00+00,,urinblære og vagina,7879
7896,T74905,NORPAT,2019-01-15 23:00:00+00,,urinblære og cervix,7879
7897,T74910,NORPAT,2019-01-15 23:00:00+00,,urinblære og ureter,7879
7898,T74930,NORPAT,2019-01-15 23:00:00+00,,urinblære og tynntarm,7879
7899,T74990,NORPAT,2019-01-15 23:00:00+00,,urinblære og bukvegg,7879
7900,T74995,NORPAT,2019-01-15 23:00:00+00,,urinblære og hud,7879
7901,T75000,NORPAT,2001-12-31 23:00:00+00,,urethra,7821
7902,T75010,NORPAT,2001-12-31 23:00:00+00,,uretralslimhinne,7901
7903,T75020,NORPAT,2019-01-15 23:00:00+00,,urethral kjertel,7901
7904,T75050,NORPAT,2019-01-15 23:00:00+00,,"urethra, mann",7901
7905,T75060,NORPAT,2019-01-15 23:00:00+00,,"urethra, kvinne",7901
7906,T75100,NORPAT,2001-12-31 23:00:00+00,2017-10-13 22:00:00+00,"urethra, pars prostatica",
7907,T75110,NORPAT,2001-12-31 23:00:00+00,,pars prostatica urethrae,7919
7908,T75161,NORPAT,2019-01-15 23:00:00+00,,fossa navicularis,7901
7909,T75170,NORPAT,2019-01-15 23:00:00+00,,bulbourethral kjertel,7901
7910,T75180,NORPAT,2019-01-15 23:00:00+00,,meatus urethrae,7901
7911,T75210,NORPAT,2019-01-15 23:00:00+00,,periuretralt vev,7867
7912,T75900,NORPAT,2019-01-15 23:00:00+00,,urethra og rectum,7901
7913,T76000,NORPAT,2001-12-31 23:00:00+00,,penis,7818
7914,T76210,NORPAT,2001-12-31 23:00:00+00,,corpus cavernosum,7913
7915,T76300,NORPAT,2001-12-31 23:00:00+00,,glans penis,7913
7916,T76330,NORPAT,2001-12-31 23:00:00+00,,preputium,7913
7917,T76910,NORPAT,2019-01-15 23:00:00+00,,glans penis og preputium,7913
7918,T77000,NORPAT,2019-01-15 23:00:00+00,,prostata og vesicula seminalis,7818
7919,T77100,NORPAT,2001-12-31 23:00:00+00,,prostata,7918
7920,T77120,NORPAT,2019-01-15 23:00:00+00,,prostatagang,7919
7921,T77220,NORPAT,2001-12-31 23:00:00+00,,høyre prostatalapp,7919
7922,T77230,NORPAT,2001-12-31 23:00:00+00,,venstre prostatalapp,7919
7923,T77500,NORPAT,2001-12-31 23:00:00+00,,vesicula seminalis,7918
7924,T77510,NORPAT,2001-12-31 23:00:00+00,,høyre vesicula seminalis,7923
7925,T77520,NORPAT,2001-12-31 23:00:00+00,,venstre vesicula seminalis,7923
7926,T77580,NORPAT,2019-01-15 23:00:00+00,,perioprostatisk vev,7919
7927,T77900,NORPAT,2019-01-15 23:00:00+00,,prostata og urinblære,7818
7928,T78000,NORPAT,2001-12-31 23:00:00+00,,testis,7818
7929,T78001,NORPAT,2019-01-15 23:00:00+00,,"testis, øvre pol",7928
7930,T78002,NORPAT,2019-01-15 23:00:00+00,,"testis, nedre pol",7928
7931,T78010,NORPAT,2001-12-31 23:00:00+00,,høyre testis,7928
7932,T78020,NORPAT,2001-12-31 23:00:00+00,,venstre testis,7928
7933,T78030,NORPAT,2019-01-15 23:00:00+00,,tunica albuginea testis,7928
7934,T78100,NORPAT,2017-10-14 22:00:00+00,,tubuli seminiferi,7928
7935,T78110,NORPAT,2019-01-15 23:00:00+00,,sertolicelle,8589
7936,T78120,NORPAT,2019-01-15 23:00:00+00,,germinalceller,8589
7937,T78180,NORPAT,2019-01-15 23:00:00+00,,spermatozoa,8589
7938,T78210,NORPAT,2019-01-15 23:00:00+00,,leydigcelle,8589
7939,T78300,NORPAT,2019-01-15 23:00:00+00,,rete testis,7928
7940,T78400,NORPAT,2019-01-15 23:00:00+00,,tunica vaginalis,7928
7941,T78800,NORPAT,2001-12-31 23:00:00+00,,begge testes,7928
7942,T79100,NORPAT,2001-12-31 23:00:00+00,,epididymis,7818
7943,T79110,NORPAT,2001-12-31 23:00:00+00,,høyre epididymis,7942
7944,T79120,NORPAT,2001-12-31 23:00:00+00,,venstre epididymis,7942
7945,T79130,NORPAT,2019-01-15 23:00:00+00,,corpus epididymis,7942
7946,T79140,NORPAT,2019-01-15 23:00:00+00,,caput epididymis,7942
7947,T79150,NORPAT,2019-01-15 23:00:00+00,,cauda epididymis,7942
7948,T79180,NORPAT,2001-12-31 23:00:00+00,,appendix testis,7928
7949,T79181,NORPAT,2017-10-14 22:00:00+00,,appendix epididymis,7942
7950,T79200,NORPAT,2001-12-31 23:00:00+00,,ductus deferens,7818
7951,T79210,NORPAT,2001-12-31 23:00:00+00,,høyre ductus deferens,7950
7952,T79220,NORPAT,2001-12-31 23:00:00+00,,venstre ductus deferens,7950
7953,T79300,NORPAT,2001-12-31 23:00:00+00,,funiculus spermaticus,7818
7954,T79310,NORPAT,2019-01-15 23:00:00+00,,høyre funiculus spermaticus,7953
7955,T79320,NORPAT,2019-01-15 23:00:00+00,,venstre funiculus spermaticus,7953
7956,T79400,NORPAT,2001-12-31 23:00:00+00,,scrotum,7826
7957,T79800,NORPAT,2001-12-31 23:00:00+00,,begge ductus deferentes,7950
7958,T7X100,NORPAT,2001-12-31 23:00:00+00,,urin,7879
7959,T7X210,NORPAT,2001-12-31 23:00:00+00,2019-01-14 23:00:00+00,cytologisk materiale fra nyrebekken,
7960,T7X310,NORPAT,2001-12-31 23:00:00+00,2019-01-14 23:00:00+00,cytologisk materiale fra ureter,
7961,T7X410,NORPAT,2001-12-31 23:00:00+00,2019-01-14 23:00:00+00,cytologisk materiale fra urinblæren,
7962,T7X411,NORPAT,2001-12-31 23:00:00+00,2019-01-14 23:00:00+00,kateterurin/cystoskopiurin,
7963,T7X412,NORPAT,2001-12-31 23:00:00+00,2019-01-14 23:00:00+00,blæreskyllevæske,
7964,T7X413,NORPAT,2017-10-14 22:00:00+00,2019-01-14 23:00:00+00,cytologisk materiale fra ileumblære,
7965,T7X510,NORPAT,2001-12-31 23:00:00+00,2019-01-14 23:00:00+00,cytologisk materiale fra urethra,
7966,T7Y100,NORPAT,2019-01-15 23:00:00+00,,sædvæske,7967
7967,T7Y500,NORPAT,2001-12-31 23:00:00+00,,sæd,7818
7968,T7Y510,NORPAT,2001-12-31 23:00:00+00,2019-01-14 23:00:00+00,cytologisk materiale fra prostata,
7969,T80000,NORPAT,2019-01-15 23:00:00+00,,"vulva, labia, klitoris og Bartholins kjertel",7817
7970,T80100,NORPAT,2001-12-31 23:00:00+00,,vulva,7969
7971,T80110,NORPAT,2001-12-31 23:00:00+00,,"vulva, høyre side",7970
7972,T80120,NORPAT,2001-12-31 23:00:00+00,,"vulva, venstre side",7970
7973,T80130,NORPAT,2019-01-15 23:00:00+00,,vulvaslimhinne,7970
7974,T80200,NORPAT,2001-12-31 23:00:00+00,,mons pubis,7970
7975,T80210,NORPAT,2001-12-31 23:00:00+00,,labium,7970
7976,T80220,NORPAT,2001-12-31 23:00:00+00,,labium majus,7975
7977,T80230,NORPAT,2001-12-31 23:00:00+00,,commissura labiorum anterior,7975
7978,T80240,NORPAT,2001-12-31 23:00:00+00,,commissura labiorum posterior,7975
7979,T80300,NORPAT,2001-12-31 23:00:00+00,,labium minus,7975
7980,T80400,NORPAT,2001-12-31 23:00:00+00,,klitoris,7970
7981,T80500,NORPAT,2001-12-31 23:00:00+00,,glandula Bartholini,7970
7982,T80510,NORPAT,2001-12-31 23:00:00+00,,glandula vestibularis minoris,7970
7983,T81000,NORPAT,2001-12-31 23:00:00+00,,vagina,7827
7984,T81010,NORPAT,2019-01-15 23:00:00+00,,vaginalslimhinne,7983
7985,T81110,NORPAT,2001-12-31 23:00:00+00,,fornix vaginae,7983
7986,T81115,NORPAT,2017-10-14 22:00:00+00,,vaginaltopp,7983
7987,T81400,NORPAT,2001-12-31 23:00:00+00,,hymen,7984
7988,T81900,NORPAT,2019-01-15 23:00:00+00,,vagina og uterus,7827
7989,T82000,NORPAT,2001-12-31 23:00:00+00,,uterus,7827
7990,T82010,NORPAT,2001-12-31 23:00:00+00,,"uterus, høyre side",7993
7991,T82020,NORPAT,2001-12-31 23:00:00+00,,"uterus, venstre side",7993
7992,T82050,NORPAT,2019-01-15 23:00:00+00,,gravid uterus,7989
7993,T82100,NORPAT,2001-12-31 23:00:00+00,,corpus uteri,7989
7994,T82200,NORPAT,2001-12-31 23:00:00+00,,fundus uteri,7993
7995,T82210,NORPAT,2019-01-15 23:00:00+00,,uterinhjørne,7993
7996,T82211,NORPAT,2019-01-15 23:00:00+00,,høyre uterinhjørne,7995
7997,T82212,NORPAT,2019-01-15 23:00:00+00,,venstre uterinhjørne,7995
7998,T82218,NORPAT,2019-01-15 23:00:00+00,,begge uterinhjørner,7995
7999,T82300,NORPAT,2001-12-31 23:00:00+00,,isthmus uteri,7989
8000,T82320,NORPAT,2019-01-15 23:00:00+00,,slimhinne i isthmus uteri,7999
8001,T82400,NORPAT,2019-01-15 23:00:00+00,,"uterus, subserosa",7989
8002,T82500,NORPAT,2019-01-15 23:00:00+00,,"uterus, serosa",7989
8003,T82600,NORPAT,2001-12-31 23:00:00+00,,ligamentum uterinum,7989
8004,T82610,NORPAT,2001-12-31 23:00:00+00,,ligamentum sacrouterinum,8003
8005,T82900,NORPAT,2019-01-15 23:00:00+00,,corpus og cervix uteri,7989
8006,T82920,NORPAT,2019-01-15 23:00:00+00,,"uterus, tuber og ovarier",7827
8007,T82921,NORPAT,2019-01-15 23:00:00+00,,"uterus, høyre tube og ovarium",7827
8008,T82922,NORPAT,2019-01-15 23:00:00+00,,"uterus, venstre tube og ovarium",7827
8009,T83000,NORPAT,2001-12-31 23:00:00+00,,cervix uteri,7989
8010,T83010,NORPAT,2019-01-15 23:00:00+00,,slimhinne i cervix uteri,8009
8011,T83030,NORPAT,2019-01-15 23:00:00+00,,cervixveggen,8009
8012,T83100,NORPAT,2001-12-31 23:00:00+00,2017-10-13 22:00:00+00,portio UNS,
8013,T8310A,NORPAT,2017-10-14 22:00:00+00,,portio,8009
8014,T83110,NORPAT,2001-12-31 23:00:00+00,,portioslimhinne,8013
8015,T83150,NORPAT,2019-01-15 23:00:00+00,,transformasjonssonen i cervix,8010
8016,T83200,NORPAT,2019-01-15 23:00:00+00,,ytre mormunn,8013
8017,T83210,NORPAT,2019-01-15 23:00:00+00,,fremre leppe av cervix uteri,8016
8018,T83220,NORPAT,2019-01-15 23:00:00+00,,bakre leppe av cervix uteri,8016
8019,T83300,NORPAT,2019-01-15 23:00:00+00,,endocervix,8009
8020,T83320,NORPAT,2001-12-31 23:00:00+00,,endocervicalslimhinne,8010
8021,T83400,NORPAT,2019-01-15 23:00:00+00,,cervixkjertel,8010
8022,T83500,NORPAT,2019-01-15 23:00:00+00,,indre mormunn,7993
8023,T83700,NORPAT,2001-12-31 23:00:00+00,,cervixstump,8009
8024,T83701,NORPAT,2001-12-31 23:00:00+00,,cervixkonus,8009
8025,T84000,NORPAT,2001-12-31 23:00:00+00,,endometrium,7993
8026,T84010,NORPAT,2019-01-15 23:00:00+00,,"endometrium, zona functionalis",8025
8027,T84020,NORPAT,2019-01-15 23:00:00+00,,"endometrium, zona basalis",8025
8028,T84100,NORPAT,2019-01-15 23:00:00+00,,"endometrium, overflateepitel",8025
8029,T84200,NORPAT,2019-01-15 23:00:00+00,,endometriekjertel,8025
8030,T84300,NORPAT,2019-01-15 23:00:00+00,,endometriestroma,8025
8031,T84500,NORPAT,2019-01-15 23:00:00+00,,endometriedecidua,7993
8032,T85000,NORPAT,2001-12-31 23:00:00+00,,myometrium,7993
8033,T85010,NORPAT,2019-01-15 23:00:00+00,,"myometrium, submukøst",8032
8034,T85020,NORPAT,2019-01-15 23:00:00+00,,"myometrium, intramuralt",8032
8035,T85030,NORPAT,2019-01-15 23:00:00+00,,"myometrium, subserøst",8032
8036,T86000,NORPAT,2019-01-15 23:00:00+00,,"tuber, parametrium og paraovarialregion",7827
8037,T86100,NORPAT,2001-12-31 23:00:00+00,,tube,8036
8038,T86110,NORPAT,2001-12-31 23:00:00+00,,høyre tube,8037
8039,T86120,NORPAT,2001-12-31 23:00:00+00,,venstre tube,8037
8040,T86180,NORPAT,2019-01-15 23:00:00+00,,tubeisthmus,8037
8041,T86220,NORPAT,2017-10-14 22:00:00+00,,fimbriae tubae,8037
8042,T86300,NORPAT,2017-10-14 22:00:00+00,,ligamentum latum,8036
8043,T86320,NORPAT,2001-12-31 23:00:00+00,,mesosalpinx,8036
8044,T86400,NORPAT,2001-12-31 23:00:00+00,,parametrium,8036
8045,T86600,NORPAT,2001-12-31 23:00:00+00,,paraovarial region,8481
8046,T86700,NORPAT,2001-12-31 23:00:00+00,,ligamentum rotundum,8003
8047,T86800,NORPAT,2001-12-31 23:00:00+00,,begge tuber,8037
8048,T86910,NORPAT,2019-01-15 23:00:00+00,,begge tuber og begge ovarier,7827
8049,T86920,NORPAT,2019-01-15 23:00:00+00,,en tube og et ovarium,7827
8050,T86921,NORPAT,2019-01-15 23:00:00+00,,høyre tube og høyre ovarium,8049
8051,T86922,NORPAT,2019-01-15 23:00:00+00,,venstre tube og venstre ovarium,8049
8052,T87000,NORPAT,2001-12-31 23:00:00+00,,ovarium,7825
8053,T87001,NORPAT,2019-01-15 23:00:00+00,,hilus ovarii,8052
8054,T87010,NORPAT,2001-12-31 23:00:00+00,,høyre ovarium,8052
8055,T87020,NORPAT,2001-12-31 23:00:00+00,,venstre ovarium,8052
8056,T87410,NORPAT,2017-10-14 22:00:00+00,,rete ovarii,8052
8057,T87420,NORPAT,2001-12-31 23:00:00+00,,mesovarium,8052
8058,T87421,NORPAT,2019-01-15 23:00:00+00,,høyre mesovarium,8052
8059,T87422,NORPAT,2019-01-15 23:00:00+00,,ventre mesovarium,8052
8060,T87441,NORPAT,2019-01-15 23:00:00+00,,høyre fossa ovarica,8052
8061,T87442,NORPAT,2019-01-15 23:00:00+00,,venstre fossa ovarica,8052
8062,T87600,NORPAT,2019-01-15 23:00:00+00,,ovarialfollikkel,8052
8063,T87670,NORPAT,2019-01-15 23:00:00+00,,corpus luteum,8062
8064,T87710,NORPAT,2019-01-15 23:00:00+00,,ovariestroma,8052
8065,T87800,NORPAT,2001-12-31 23:00:00+00,,begge ovarier,8052
8066,T88000,NORPAT,2019-01-15 23:00:00+00,,placenta med navlesnor og hinner,6716
8067,T88100,NORPAT,2001-12-31 23:00:00+00,,placenta,8066
8068,T88200,NORPAT,2001-12-31 23:00:00+00,,fosterhinner,8066
8069,T88205,NORPAT,2019-01-15 23:00:00+00,,decidua,8067
8070,T88210,NORPAT,2019-01-15 23:00:00+00,,chorion,8068
8071,T88220,NORPAT,2019-01-15 23:00:00+00,,chorionvilli,8070
8072,T88225,NORPAT,2019-01-15 23:00:00+00,,intervilløse rom,8067
8073,T88230,NORPAT,2019-01-15 23:00:00+00,,umodne chorionvilli,8071
8074,T88240,NORPAT,2019-01-15 23:00:00+00,,modne chorionvilli,8071
8075,T88300,NORPAT,2019-01-15 23:00:00+00,,amnion,8068
8076,T88410,NORPAT,2019-01-15 23:00:00+00,,placentært føtalt blodkar,8066
8077,T88450,NORPAT,2019-01-15 23:00:00+00,,ductus vitellinus,8066
8078,T88500,NORPAT,2019-01-15 23:00:00+00,,"placenta, føtale flate",8066
8079,T88600,NORPAT,2019-01-15 23:00:00+00,,"placenta, maternelle flate",8066
8080,T88610,NORPAT,2019-01-15 23:00:00+00,,placentakotelydon,8066
8081,T88700,NORPAT,2019-01-15 23:00:00+00,,diffusjonsmembran,8066
8082,T88800,NORPAT,2001-12-31 23:00:00+00,,navlesnor,8066
8083,T88810,NORPAT,2019-01-15 23:00:00+00,,navlestrengsarterie,8082
8084,T88820,NORPAT,2019-01-15 23:00:00+00,,navlestrengsvene,8082
8085,T88900,NORPAT,2019-01-15 23:00:00+00,,implantasjonssted,7992
8086,T88920,NORPAT,2019-01-15 23:00:00+00,,Nitabuchs lag,7992
8087,T88930,NORPAT,2019-01-15 23:00:00+00,,decidua basalisarterie,7992
8088,T88950,NORPAT,2019-01-15 23:00:00+00,,decidua basalisvene,7992
8089,T88960,NORPAT,2019-01-15 23:00:00+00,,foster og placenta,6716
8090,T89000,NORPAT,2001-12-31 23:00:00+00,,foster,8089
8091,T89001,NORPAT,2001-12-31 23:00:00+00,,fosterdeler,8090
8092,T89010,NORPAT,2001-12-31 23:00:00+00,,embryon,8090
8093,T89320,NORPAT,2019-01-15 23:00:00+00,,germinalcelle,8589
8094,T89360,NORPAT,2001-12-31 23:00:00+00,,mesonefrisk gang,8089
8095,T89370,NORPAT,2001-12-31 23:00:00+00,,metanefros,8089
8096,T89450,NORPAT,2019-01-15 23:00:00+00,,sinus urogenitalis,8089
8097,T89500,NORPAT,2001-12-31 23:00:00+00,,gjellebue,8089
8098,T89501,NORPAT,2019-01-15 23:00:00+00,,ulitimobrankialt legeme,8089
8099,T89630,NORPAT,2001-12-31 23:00:00+00,,truncus arteriosus,7338
8100,T89645,NORPAT,2001-12-31 23:00:00+00,,ductus arteriosus Botalli,7338
8101,T89880,NORPAT,2001-12-31 23:00:00+00,,Rathkes pose,8089
8102,T89900,NORPAT,2001-12-31 23:00:00+00,,fosterhode,8091
8103,T89904,NORPAT,2001-12-31 23:00:00+00,,føtal kranievelving,8091
8104,T89XX0,NORPAT,2017-10-14 22:00:00+00,,kvinnelig foster,8090
8105,T89XY0,NORPAT,2017-10-14 22:00:00+00,,mannlig foster,8090
8106,T8X110,NORPAT,2001-12-31 23:00:00+00,2019-01-14 23:00:00+00,cytologisk materiale fra vulva,
8107,T8X210,NORPAT,2001-12-31 23:00:00+00,2019-01-14 23:00:00+00,cytologisk materiale fra vagina,
8108,T8X310,NORPAT,2001-12-31 23:00:00+00,2017-10-13 22:00:00+00,cytologisk materiale fra ekto- og endocervix tatt med spatel eller uviss metode,
8109,T8X311,NORPAT,2001-12-31 23:00:00+00,2017-10-13 22:00:00+00,cytologisk materiale fra ektocervix,
8110,T8X312,NORPAT,2001-12-31 23:00:00+00,2017-10-13 22:00:00+00,cytologisk materiale fra ekto- og endocervix tatt med børste og spatel,
8111,T8X320,NORPAT,2001-12-31 23:00:00+00,2017-10-13 22:00:00+00,cytologisk materiale fra endocervix,
8112,T8X430,NORPAT,2001-12-31 23:00:00+00,2019-01-14 23:00:00+00,cytologisk materiale fra endometrium,
8113,T8Y300,NORPAT,2001-12-31 23:00:00+00,,amnionvæske,8067
8114,T8Y310,NORPAT,2001-12-31 23:00:00+00,2017-10-13 22:00:00+00,amnionvæske,
8115,T90000,NORPAT,2001-12-31 23:00:00+00,,endokrine system,6831
8116,T90100,NORPAT,2001-12-31 23:00:00+00,,endokrin kjertel,8115
8117,T90160,NORPAT,2019-01-15 23:00:00+00,,endokrin celle,8589
8118,T90200,NORPAT,2001-12-31 23:00:00+00,,nevroendokrint vev,8115
8119,T90900,NORPAT,2001-12-31 23:00:00+00,,multiple endokrine kjertler,8115
8120,T91000,NORPAT,2001-12-31 23:00:00+00,,hypofyse,8116
8121,T91030,NORPAT,2019-01-15 23:00:00+00,,pars intermedia hypophysis,8120
8122,T91100,NORPAT,2001-12-31 23:00:00+00,,hypofyseforlapp,8120
8123,T91200,NORPAT,2001-12-31 23:00:00+00,,hypofysebaklapp,8120
8124,T91300,NORPAT,2019-01-15 23:00:00+00,,hypofysestilk,8120
8125,T92000,NORPAT,2001-12-31 23:00:00+00,,corpus pineale,8116
8126,T93000,NORPAT,2001-12-31 23:00:00+00,,binyre,8116
8127,T93010,NORPAT,2001-12-31 23:00:00+00,,høyre binyre,8126
8128,T93020,NORPAT,2001-12-31 23:00:00+00,,venstre binyre,8126
8129,T93100,NORPAT,2001-12-31 23:00:00+00,,binyrebark,8126
8130,T93110,NORPAT,2019-01-15 23:00:00+00,,zona glomerulosa,8129
8131,T93120,NORPAT,2019-01-15 23:00:00+00,,zona fasciculata,8129
8132,T93130,NORPAT,2019-01-15 23:00:00+00,,zona reticularis,8129
8133,T93200,NORPAT,2001-12-31 23:00:00+00,,binyremarg,8126
8134,T93300,NORPAT,2019-01-15 23:00:00+00,,periadrenalt vev,8126
8135,T93800,NORPAT,2001-12-31 23:00:00+00,,begge binyrer,8126
8136,T94000,NORPAT,2001-12-31 23:00:00+00,,glomus caroticum,8115
8137,T95000,NORPAT,2001-12-31 23:00:00+00,,paraganglion,8115
8138,T95300,NORPAT,2001-12-31 23:00:00+00,,glomus jugulare,8115
8139,T96000,NORPAT,2001-12-31 23:00:00+00,,glandula thyreoidea,8116
8140,T96010,NORPAT,2019-01-15 23:00:00+00,,glandula thyreoidea kapsel,8139
8141,T96050,NORPAT,2019-01-15 23:00:00+00,,C-celler i glandula thyreoidea,8139
8142,T96100,NORPAT,2001-12-31 23:00:00+00,,høyre thyreoidealapp,8139
8143,T96200,NORPAT,2001-12-31 23:00:00+00,,venstre thyreoidealapp,8139
8144,T96300,NORPAT,2001-12-31 23:00:00+00,,isthmus glandulae thyreoideae,8139
8145,T96400,NORPAT,2019-01-15 23:00:00+00,,lobus pyramidalis,8139
8146,T96500,NORPAT,2001-12-31 23:00:00+00,,ductus thyreoglossus,8115
8147,T97000,NORPAT,2001-12-31 23:00:00+00,,glandula parathyreoidea,8116
8148,T97100,NORPAT,2001-12-31 23:00:00+00,,høyre øvre glandula parathyreoidea,8147
8149,T97200,NORPAT,2001-12-31 23:00:00+00,,høyre nedre glandula parathyreoidea,8147
8150,T97300,NORPAT,2001-12-31 23:00:00+00,,venstre øvre glandula parathyreoidea,8147
8151,T97400,NORPAT,2001-12-31 23:00:00+00,,venstre nedre glandula parathyreoidea,8147
8152,T97800,NORPAT,2001-12-31 23:00:00+00,,alle glandulae parathyreoidea,8147
8153,T98000,NORPAT,2001-12-31 23:00:00+00,,thymus,8116
8154,T98010,NORPAT,2001-12-31 23:00:00+00,,thymuskapsel,8153
8155,T98030,NORPAT,2001-12-31 23:00:00+00,,thymuscortex,8153
8156,T98040,NORPAT,2001-12-31 23:00:00+00,,thymusmedulla,8153
8157,T98060,NORPAT,2001-12-31 23:00:00+00,2017-10-13 22:00:00+00,thymisk retikulum celle,
8158,T98070,NORPAT,2001-12-31 23:00:00+00,2017-10-13 22:00:00+00,thymisk lymfocytt,
8159,T99000,NORPAT,2019-01-15 23:00:00+00,,langerhanske øyer,7619
8160,T99100,NORPAT,2001-12-31 23:00:00+00,2017-10-13 22:00:00+00,alfaceller i langerhanske øyer,
8161,T99200,NORPAT,2001-12-31 23:00:00+00,2017-10-13 22:00:00+00,betaceller i langerhanske øyer,
8162,T99300,NORPAT,2001-12-31 23:00:00+00,2017-10-13 22:00:00+00,deltaceller i langerhanske øyer,
8163,TX0000,NORPAT,2001-12-31 23:00:00+00,,nervesystemet,6716
8164,TX0090,NORPAT,2001-12-31 23:00:00+00,,sentralnervesystemet,8163
8165,TX0100,NORPAT,2001-12-31 23:00:00+00,,perifere nervesystem,8163
8166,TX0210,NORPAT,2019-01-15 23:00:00+00,,neuron,8589
8167,TX0211,NORPAT,2001-12-31 23:00:00+00,2017-10-13 22:00:00+00,gangliecelle,
8168,TX0280,NORPAT,2001-12-31 23:00:00+00,2017-10-13 22:00:00+00,axon,
8169,TX0300,NORPAT,2001-12-31 23:00:00+00,2017-10-13 22:00:00+00,Purkinje-celle UNS,
8170,TX0310,NORPAT,2001-12-31 23:00:00+00,2017-10-13 22:00:00+00,neuropil,
8171,TX0400,NORPAT,2019-01-15 23:00:00+00,,glia,8589
8172,TX0420,NORPAT,2001-12-31 23:00:00+00,2017-10-13 22:00:00+00,astrocytt UNS,
8173,TX0450,NORPAT,2019-01-15 23:00:00+00,,oligodendrocytt,8589
8174,TX0460,NORPAT,2019-01-15 23:00:00+00,,mikrogliocytt,8589
8175,TX0490,NORPAT,2001-12-31 23:00:00+00,2017-10-13 22:00:00+00,ependymcelle,
8176,TX0500,NORPAT,2001-12-31 23:00:00+00,,perifer nerve,8287
8177,TX0700,NORPAT,2019-01-15 23:00:00+00,,perifer sensorisk nervestruktur,8163
8178,TX0710,NORPAT,2019-01-15 23:00:00+00,,Vater-Pacini legeme,8163
8179,TX0900,NORPAT,2019-01-15 23:00:00+00,,hjerne og ryggmarg,8180
8180,TX0905,NORPAT,2019-01-15 23:00:00+00,,"hjerne, ryggmarg og hjernehinner",8163
8181,TX0960,NORPAT,2019-01-15 23:00:00+00,,ryggmarg og hjernehinner,8180
8182,TX1000,NORPAT,2001-12-31 23:00:00+00,,cerebrospinalvæske,8163
8183,TX1010,NORPAT,2001-12-31 23:00:00+00,2017-10-13 22:00:00+00,cerebrospinalvæske,
8184,TX1110,NORPAT,2001-12-31 23:00:00+00,,meninger,8163
8185,TX1115,NORPAT,2001-12-31 23:00:00+00,,ryggmargshinne,8261
8186,TX1120,NORPAT,2001-12-31 23:00:00+00,,dura mater,8184
8187,TX1140,NORPAT,2001-12-31 23:00:00+00,,falx cerebri,8184
8188,TX1150,NORPAT,2001-12-31 23:00:00+00,,tentorium cerebelli,8184
8189,TX1180,NORPAT,2001-12-31 23:00:00+00,,durasinus,7456
8190,TX1250,NORPAT,2001-12-31 23:00:00+00,,sinus cavernosus,7456
8191,TX1280,NORPAT,2001-12-31 23:00:00+00,,epiduralrom,8179
8192,TX1290,NORPAT,2001-12-31 23:00:00+00,,kranialt epiduralrom,8179
8193,TX1300,NORPAT,2017-10-14 22:00:00+00,,spinalt epiduralrom,8179
8194,TX1310,NORPAT,2001-12-31 23:00:00+00,,leptomeninger,8184
8195,TX1321,NORPAT,2001-12-31 23:00:00+00,,arachnoidea,8184
8196,TX1381,NORPAT,2001-12-31 23:00:00+00,,pia mater,8184
8197,TX1400,NORPAT,2001-12-31 23:00:00+00,,subduralrom,8184
8198,TX1410,NORPAT,2001-12-31 23:00:00+00,,intrakranialt subduralrom,8184
8199,TX1480,NORPAT,2001-12-31 23:00:00+00,,spinalt subduralrom,8184
8200,TX1500,NORPAT,2001-12-31 23:00:00+00,,subaraknoidalrom,8184
8201,TX1502,NORPAT,2001-12-31 23:00:00+00,,kranialt subaraknoidalrom,8184
8202,TX1590,NORPAT,2017-10-14 22:00:00+00,,spinalt subaraknoidalrom,8184
8203,TX1600,NORPAT,2001-12-31 23:00:00+00,,hjerneventrikkel,8214
8204,TX1610,NORPAT,2001-12-31 23:00:00+00,,ependym,8214
8205,TX1620,NORPAT,2001-12-31 23:00:00+00,,septum pellucidum,8164
8206,TX1650,NORPAT,2001-12-31 23:00:00+00,,sidehjerneventrikkel,8203
8207,TX1660,NORPAT,2019-01-15 23:00:00+00,,"sidehjerneventrikkel, høyre",8206
8208,TX1670,NORPAT,2019-01-15 23:00:00+00,,"sidehjerneventrikkel, venstre",8206
8209,TX1740,NORPAT,2001-12-31 23:00:00+00,,tredje hjerneventrikkel,8203
8210,TX1800,NORPAT,2001-12-31 23:00:00+00,,Sylvis akvadukt,8179
8211,TX1820,NORPAT,2001-12-31 23:00:00+00,,fjerde hjerneventrikkel,8203
8212,TX1880,NORPAT,2017-10-14 22:00:00+00,,sentralkanal,8179
8213,TX1900,NORPAT,2001-12-31 23:00:00+00,,plexus choroideus,8179
8214,TX2000,NORPAT,2001-12-31 23:00:00+00,,hjerne,8180
8215,TX2020,NORPAT,2019-01-15 23:00:00+00,,grå substans,8214
8216,TX2030,NORPAT,2019-01-15 23:00:00+00,,hvit substans,8214
8217,TX2050,NORPAT,2001-12-31 23:00:00+00,,hjernestamme,8214
8218,TX2060,NORPAT,2019-01-15 23:00:00+00,,cerebral hemisfære,8214
8219,TX2070,NORPAT,2001-12-31 23:00:00+00,,høyre hemisfære,8163
8220,TX2080,NORPAT,2001-12-31 23:00:00+00,,venstre hemisfære,8163
8221,TX2200,NORPAT,2001-12-31 23:00:00+00,,frontallapp,8218
8222,TX2202,NORPAT,2019-01-15 23:00:00+00,,høyre frontallapp,8221
8223,TX2203,NORPAT,2019-01-15 23:00:00+00,,venstre frontallapp,8221
8224,TX2300,NORPAT,2001-12-31 23:00:00+00,,parietallapp,8218
8225,TX2302,NORPAT,2019-01-15 23:00:00+00,,høyre parietallapp,8224
8226,TX2303,NORPAT,2019-01-15 23:00:00+00,,venstre parietallapp,8224
8227,TX2400,NORPAT,2001-12-31 23:00:00+00,,occipitallapp,8218
8228,TX2402,NORPAT,2019-01-15 23:00:00+00,,høyre occipitallap,8227
8229,TX2403,NORPAT,2019-01-15 23:00:00+00,,venstre occipitallap,8227
8230,TX2500,NORPAT,2001-12-31 23:00:00+00,,temporallapp,8218
8231,TX2502,NORPAT,2019-01-15 23:00:00+00,,høyre temporallapp,8230
8232,TX2503,NORPAT,2019-01-15 23:00:00+00,,venstre temporallapp,8230
8233,TX2570,NORPAT,2001-12-31 23:00:00+00,,hippocampus,8214
8234,TX2700,NORPAT,2001-12-31 23:00:00+00,,corpus callosum,8214
8235,TX2910,NORPAT,2001-12-31 23:00:00+00,,bulbus olfactorius,8214
8236,TX2970,NORPAT,2017-10-14 22:00:00+00,,fornix,8214
8237,TX2980,NORPAT,2017-10-14 22:00:00+00,,commissura anterior,8214
8238,TX3010,NORPAT,2001-12-31 23:00:00+00,,basalganglion,8214
8239,TX3200,NORPAT,2017-10-14 22:00:00+00,,nucleus caudatus,8214
8240,TX3400,NORPAT,2017-10-14 22:00:00+00,,putamen,8214
8241,TX3500,NORPAT,2017-10-14 22:00:00+00,,globus pallidus,8214
8242,TX3700,NORPAT,2001-12-31 23:00:00+00,,capsula interna,8214
8243,TX4010,NORPAT,2001-12-31 23:00:00+00,,thalamus,8214
8244,TX4580,NORPAT,2001-12-31 23:00:00+00,,nucleus subthalamicus,8214
8245,TX4600,NORPAT,2001-12-31 23:00:00+00,,hypothalamus,8214
8246,TX4760,NORPAT,2001-12-31 23:00:00+00,,corpora mamillaria,8214
8247,TX5100,NORPAT,2001-12-31 23:00:00+00,,mesencephalon,8214
8248,TX5160,NORPAT,2001-12-31 23:00:00+00,,substantia nigra,8214
8249,TX5200,NORPAT,2001-12-31 23:00:00+00,,nucleus ruber,8214
8250,TX5400,NORPAT,2001-12-31 23:00:00+00,,pons,8214
8251,TX5640,NORPAT,2017-10-14 22:00:00+00,,cerebellopontine vinkel,8214
8252,TX6000,NORPAT,2001-12-31 23:00:00+00,,lillehjerne,8214
8253,TX6040,NORPAT,2001-12-31 23:00:00+00,,lillehjernebark,8252
8254,TX6210,NORPAT,2001-12-31 23:00:00+00,,cerebellare vermis,8252
8255,TX6360,NORPAT,2001-12-31 23:00:00+00,,cerebellar tonsille,8252
8256,TX6510,NORPAT,2001-12-31 23:00:00+00,,nucleus dentatus cerebelli,8252
8257,TX6920,NORPAT,2017-10-14 22:00:00+00,,nucleus olivaris inferior,8214
8258,TX6921,NORPAT,2019-01-15 23:00:00+00,,høyre nucleus olivaris inferior,8257
8259,TX6922,NORPAT,2019-01-15 23:00:00+00,,venstre nucleus olivaris inferior,8257
8260,TX7000,NORPAT,2001-12-31 23:00:00+00,,medulla oblongata,8179
8261,TX7410,NORPAT,2001-12-31 23:00:00+00,,ryggmarg,8179
8262,TX7560,NORPAT,2001-12-31 23:00:00+00,,spinalrot,8287
8263,TX7561,NORPAT,2019-01-15 23:00:00+00,,bakre spinalrot,8262
8264,TX7562,NORPAT,2019-01-15 23:00:00+00,,fremre spinalrot,8262
8265,TX7580,NORPAT,2001-12-31 23:00:00+00,,spinalganglion,8287
8266,TX7600,NORPAT,2001-12-31 23:00:00+00,,halsryggmarg,8261
8267,TX7700,NORPAT,2001-12-31 23:00:00+00,,torakalryggmarg,8261
8268,TX7800,NORPAT,2001-12-31 23:00:00+00,,lumbalryggmarg,8261
8269,TX7810,NORPAT,2001-12-31 23:00:00+00,,sakralryggmarg,8261
8270,TX7900,NORPAT,2001-12-31 23:00:00+00,,cauda equina,8287
8271,TX7930,NORPAT,2001-12-31 23:00:00+00,,filum terminale,8179
8272,TX8000,NORPAT,2001-12-31 23:00:00+00,,hjernenerve,8287
8273,TX8010,NORPAT,2001-12-31 23:00:00+00,,hjernenervekjerne,8163
8274,TX8020,NORPAT,2001-12-31 23:00:00+00,,nervus olfactorius,8272
8275,TX8040,NORPAT,2001-12-31 23:00:00+00,,nervus opticus,8272
8276,TX8050,NORPAT,2001-12-31 23:00:00+00,,chiasma opticum,8272
8277,TX8070,NORPAT,2001-12-31 23:00:00+00,,nervus oculomotorius,8272
8278,TX8110,NORPAT,2001-12-31 23:00:00+00,,nervus trochlearis,8272
8279,TX8130,NORPAT,2001-12-31 23:00:00+00,,nervus abducens,8272
8280,TX8150,NORPAT,2001-12-31 23:00:00+00,,nervus trigeminus,8272
8281,TX8500,NORPAT,2001-12-31 23:00:00+00,,nervus statoacusticus,8272
8282,TX8570,NORPAT,2001-12-31 23:00:00+00,,nervus glossopharyngeus,8272
8283,TX8640,NORPAT,2001-12-31 23:00:00+00,,nervus vagus,8272
8284,TX8780,NORPAT,2001-12-31 23:00:00+00,,nervus accessorius,8272
8285,TX8820,NORPAT,2001-12-31 23:00:00+00,,nervus hypoglossus,8272
8286,TX9000,NORPAT,2001-12-31 23:00:00+00,,spinalnerver,8176
8287,TX9001,NORPAT,2001-12-31 23:00:00+00,,nerve,8163
8288,TX9031,NORPAT,2001-12-31 23:00:00+00,,cervikal nerve,8286
8289,TX9081,NORPAT,2001-12-31 23:00:00+00,,nervus phrenicus,8287
8290,TX9090,NORPAT,2001-12-31 23:00:00+00,,plexus brachialis,8165
8291,TX9160,NORPAT,2017-10-14 22:00:00+00,,nerve i overekstremitet,8176
8292,TX9170,NORPAT,2019-01-15 23:00:00+00,,nervus ulnaris,8291
8293,TX9180,NORPAT,2019-01-15 23:00:00+00,,nervus medianus,8291
8294,TX9190,NORPAT,2019-01-15 23:00:00+00,,nervus radialis,8291
8295,TX9230,NORPAT,2001-12-31 23:00:00+00,,torakal nerve,8286
8296,TX9300,NORPAT,2001-12-31 23:00:00+00,,lumbal nerve,8286
8297,TX9400,NORPAT,2001-12-31 23:00:00+00,,sakral nerve,8286
8298,TX9440,NORPAT,2001-12-31 23:00:00+00,,nervus ischiadicus,8287
8299,TX9470,NORPAT,2001-12-31 23:00:00+00,,nervus suralis,8165
8300,TX9485,NORPAT,2001-12-31 23:00:00+00,,plantar digital nerve,8165
8301,TX9581,NORPAT,2001-12-31 23:00:00+00,,coccygeal nerve,8287
8302,TX9600,NORPAT,2001-12-31 23:00:00+00,,autonome nervesystem,8163
8303,TX9610,NORPAT,2001-12-31 23:00:00+00,,autonomt pleksus,8165
8304,TX9620,NORPAT,2001-12-31 23:00:00+00,,sympatisk nervesystem,8302
8305,TX9630,NORPAT,2001-12-31 23:00:00+00,,truncus sympathicus,8287
8306,TX9900,NORPAT,2001-12-31 23:00:00+00,,parasympatisk nervesystem,8302
8307,TXX000,NORPAT,2001-12-31 23:00:00+00,,øye,6716
8308,TXX00Y,NORPAT,2019-01-15 23:00:00+00,,bløtdelsvev i orbita,8419
8309,TXX010,NORPAT,2001-12-31 23:00:00+00,,høyre øye,8307
8310,TXX020,NORPAT,2001-12-31 23:00:00+00,,venstre øye,8307
8311,TXX050,NORPAT,2001-12-31 23:00:00+00,,øyeforkammer,8307
8312,TXX070,NORPAT,2001-12-31 23:00:00+00,,øyebakkammer,8307
8313,TXX080,NORPAT,2001-12-31 23:00:00+00,,corpus vitreum,8307
8314,TXX088,NORPAT,2019-01-15 23:00:00+00,,corpus vitreum og retina,8307
8315,TXX104,NORPAT,2001-12-31 23:00:00+00,,øyemuskel,8307
8316,TXX110,NORPAT,2001-12-31 23:00:00+00,,sklera,8307
8317,TXX180,NORPAT,2001-12-31 23:00:00+00,,begge øyne,8307
8318,TXX200,NORPAT,2001-12-31 23:00:00+00,,cornea,8307
8319,TXX206,NORPAT,2001-12-31 23:00:00+00,,høyre cornea,8318
8320,TXX207,NORPAT,2001-12-31 23:00:00+00,,venstre cornea,8318
8321,TXX208,NORPAT,2001-12-31 23:00:00+00,,begge corneae,8318
8322,TXX270,NORPAT,2001-12-31 23:00:00+00,,Schlemms kanal,8307
8323,TXX310,NORPAT,2001-12-31 23:00:00+00,,choroidea,8329
8324,TXX360,NORPAT,2019-01-15 23:00:00+00,,choroidea og retina,8307
8325,TXX370,NORPAT,2001-12-31 23:00:00+00,,blodkar i retina,7338
8326,TXX400,NORPAT,2001-12-31 23:00:00+00,,corpus ciliare,8328
8327,TXX500,NORPAT,2001-12-31 23:00:00+00,,iris,8328
8328,TXX560,NORPAT,2019-01-15 23:00:00+00,,iris og corpus ciliare,8307
8329,TXX570,NORPAT,2001-12-31 23:00:00+00,,uvea,8307
8330,TXX610,NORPAT,2001-12-31 23:00:00+00,,retina,8307
8331,TXX616,NORPAT,2001-12-31 23:00:00+00,,høyre retina,8330
8332,TXX617,NORPAT,2001-12-31 23:00:00+00,,venstre retina,8330
8333,TXX618,NORPAT,2001-12-31 23:00:00+00,,begge retinae,8330
8334,TXX700,NORPAT,2001-12-31 23:00:00+00,,linse,8307
8335,TXX756,NORPAT,2001-12-31 23:00:00+00,,høyre linse,8334
8336,TXX757,NORPAT,2001-12-31 23:00:00+00,,venstre linse,8334
8337,TXX758,NORPAT,2001-12-31 23:00:00+00,,begge linser,8334
8338,TXX810,NORPAT,2001-12-31 23:00:00+00,,øyelokk,8405
8339,TXX820,NORPAT,2001-12-31 23:00:00+00,,øvre øyelokk,8338
8340,TXX821,NORPAT,2001-12-31 23:00:00+00,,høyre øvre øyelokk,8339
8341,TXX822,NORPAT,2001-12-31 23:00:00+00,,venstre øvre øyelokk,8339
8342,TXX830,NORPAT,2001-12-31 23:00:00+00,,nedre øyelokk,8338
8343,TXX831,NORPAT,2001-12-31 23:00:00+00,,høyre nedre øyelokk,8342
8344,TXX832,NORPAT,2001-12-31 23:00:00+00,,venstre nedre øyelokk,8342
8345,TXX850,NORPAT,2001-12-31 23:00:00+00,,Meiboms talgkjertel,6742
8346,TXX851,NORPAT,2001-12-31 23:00:00+00,,Molls svettekjertel,8338
8347,TXX860,NORPAT,2001-12-31 23:00:00+00,,conjunctiva,8307
8348,TXX862,NORPAT,2019-01-15 23:00:00+00,,tårekarunkel,8307
8349,TXX868,NORPAT,2019-01-15 23:00:00+00,,konjunktival kjertel,8347
8350,TXX870,NORPAT,2001-12-31 23:00:00+00,,palpebral conjunctiva,8347
8351,TXX871,NORPAT,2019-01-15 23:00:00+00,,conjunctiva palpebrae sinistrae,8347
8352,TXX872,NORPAT,2019-01-15 23:00:00+00,,conjunctiva palpebrae superioris sinistrae,8347
8353,TXX873,NORPAT,2019-01-15 23:00:00+00,,conjunctiva palpebrae inferioris sinistrae,8347
8354,TXX874,NORPAT,2019-01-15 23:00:00+00,,conjunctiva palpebrae dextrae,8347
8355,TXX875,NORPAT,2019-01-15 23:00:00+00,,conjunctiva palpebrae superioris dextrae,8347
8356,TXX876,NORPAT,2019-01-15 23:00:00+00,,conjunctiva palpebrae inferioris dextrae,8347
8357,TXX880,NORPAT,2001-12-31 23:00:00+00,,bulbar conjunctiva,8347
8358,TXX881,NORPAT,2001-12-31 23:00:00+00,,høyre bulbare conjunctiva,8347
8359,TXX882,NORPAT,2001-12-31 23:00:00+00,,venstre bulbare conjunctiva,8347
8360,TXX890,NORPAT,2019-01-15 23:00:00+00,,conjunctiva og cornea,8347
8361,TXX900,NORPAT,2001-12-31 23:00:00+00,,tåreapparat,8307
8362,TXX910,NORPAT,2001-12-31 23:00:00+00,,tårekjertel,8361
8363,TXX916,NORPAT,2001-12-31 23:00:00+00,,høyre glandula lacrimalis,8362
8364,TXX917,NORPAT,2001-12-31 23:00:00+00,,venstre glandula lacrimalis,8362
8365,TXX920,NORPAT,2019-01-15 23:00:00+00,,ductus lacrimalis,8362
8366,TXX940,NORPAT,2001-12-31 23:00:00+00,,tåresekk,8361
8367,TXX960,NORPAT,2001-12-31 23:00:00+00,,tåregang,8361
8368,TXX962,NORPAT,2001-12-31 23:00:00+00,,høyre ductus nasolacrimalis,8367
8369,TXX963,NORPAT,2001-12-31 23:00:00+00,,venstre ductus nasolacrimalis,8367
8370,TXY000,NORPAT,2001-12-31 23:00:00+00,,øre,6716
8371,TXY010,NORPAT,2019-01-15 23:00:00+00,,høyre øre,8370
8372,TXY020,NORPAT,2019-01-15 23:00:00+00,,venstre øre,8370
8373,TXY100,NORPAT,2001-12-31 23:00:00+00,,aurikkel øre,8370
8374,TXY101,NORPAT,2001-12-31 23:00:00+00,,aurikkel høyre øre,8373
8375,TXY102,NORPAT,2001-12-31 23:00:00+00,,aurikkel venstre øre,8373
8376,TXY110,NORPAT,2001-12-31 23:00:00+00,,helix,8373
8377,TXY120,NORPAT,2001-12-31 23:00:00+00,,antihelix,8373
8378,TXY150,NORPAT,2001-12-31 23:00:00+00,,ørelobulus,8373
8379,TXY170,NORPAT,2001-12-31 23:00:00+00,,aurikkelbrusk øre,8373
8380,TXY200,NORPAT,2001-12-31 23:00:00+00,,ytre øregang,8370
8381,TXY240,NORPAT,2001-12-31 23:00:00+00,,cerumenkjertel,6741
8382,TXY300,NORPAT,2001-12-31 23:00:00+00,,mellomøre,8370
8383,TXY320,NORPAT,2001-12-31 23:00:00+00,,trommehinne,8382
8384,TXY400,NORPAT,2001-12-31 23:00:00+00,,øreknokler,8370
8385,TXY410,NORPAT,2001-12-31 23:00:00+00,,malleus,8384
8386,TXY420,NORPAT,2001-12-31 23:00:00+00,,incus,8384
8387,TXY430,NORPAT,2001-12-31 23:00:00+00,,stapes,8384
8388,TXY460,NORPAT,2019-01-15 23:00:00+00,,runde vindu,8370
8389,TXY470,NORPAT,2019-01-15 23:00:00+00,,ovale vindu,8370
8390,TXY500,NORPAT,2001-12-31 23:00:00+00,,mastoidceller og mastoidantrum,8370
8391,TXY510,NORPAT,2019-01-15 23:00:00+00,,mastoidceller,7028
8392,TXY600,NORPAT,2001-12-31 23:00:00+00,,tuba Eustachii,8382
8393,TXY700,NORPAT,2001-12-31 23:00:00+00,,indre øre,8370
8394,TXY710,NORPAT,2019-01-15 23:00:00+00,,membranøse labyrint,8393
8395,TXY860,NORPAT,2019-01-15 23:00:00+00,,ossøse labyrint,7029
8396,TXY990,NORPAT,2019-01-15 23:00:00+00,,"region, uspesifisert",
8397,TY0000,NORPAT,2019-01-15 23:00:00+00,,hode og hals,8396
8398,TY0100,NORPAT,2001-12-31 23:00:00+00,,hode,8397
8399,TY0110,NORPAT,2019-01-15 23:00:00+00,,panne,8405
8400,TY0130,NORPAT,2019-01-15 23:00:00+00,,parietalregion,8397
8401,TY0150,NORPAT,2019-01-15 23:00:00+00,,temporalregion,8397
8402,TY0160,NORPAT,2019-01-15 23:00:00+00,,skalp,8397
8403,TY0170,NORPAT,2019-01-15 23:00:00+00,,postaurikulært område,8397
8404,TY0171,NORPAT,2001-12-31 23:00:00+00,,preaurikulært område,8397
8405,TY0200,NORPAT,2019-01-15 23:00:00+00,,ansikt,8397
8406,TY0203,NORPAT,2019-01-15 23:00:00+00,,neseregion,8405
8407,TY0208,NORPAT,2019-01-15 23:00:00+00,,parotisregion,8405
8408,TY0210,NORPAT,2019-01-15 23:00:00+00,,hake,8405
8409,TY0212,NORPAT,2019-01-15 23:00:00+00,,submentalregion,8422
8410,TY0213,NORPAT,2019-01-15 23:00:00+00,,kjeve,8405
8411,TY0300,NORPAT,2019-01-15 23:00:00+00,,kinn,8405
8412,TY0316,NORPAT,2019-01-15 23:00:00+00,,nesetipp,7172
8413,TY0400,NORPAT,2001-12-31 23:00:00+00,,kraniekavitet,8398
8414,TY0420,NORPAT,2001-12-31 23:00:00+00,,fremre skallegrop,8413
8415,TY0430,NORPAT,2001-12-31 23:00:00+00,,midtre skallegrop,8413
8416,TY0450,NORPAT,2001-12-31 23:00:00+00,,bakre skallegrop,8413
8417,TY0451,NORPAT,2001-12-31 23:00:00+00,,basis cranii,7025
8418,TY0460,NORPAT,2001-12-31 23:00:00+00,,sella turcica,7021
8419,TY0480,NORPAT,2001-12-31 23:00:00+00,,orbita,8397
8420,TY0490,NORPAT,2017-10-14 22:00:00+00,,periorbitalregion,8398
8421,TY0495,NORPAT,2019-01-15 23:00:00+00,,retrobulbært vev,8308
8422,TY0600,NORPAT,2001-12-31 23:00:00+00,,hals,8397
8423,TY0602,NORPAT,2019-01-15 23:00:00+00,,forside av hals,8422
8424,TY0603,NORPAT,2019-01-15 23:00:00+00,,submandibulærregion,8397
8425,TY0604,NORPAT,2019-01-15 23:00:00+00,,trigonum caroticum,8397
8426,TY0605,NORPAT,2019-01-15 23:00:00+00,,sternocleidoidmastoidregion,8422
8427,TY0606,NORPAT,2019-01-15 23:00:00+00,,side av hals,8422
8428,TY0608,NORPAT,2001-12-31 23:00:00+00,,høyre side av hals,8422
8429,TY0609,NORPAT,2001-12-31 23:00:00+00,,venstre side av hals,8422
8430,TY0610,NORPAT,2019-01-15 23:00:00+00,,nakkeregion,8422
8431,TY0620,NORPAT,2019-01-15 23:00:00+00,,supraklavikulærregion,8422
8432,TY0960,NORPAT,2019-01-15 23:00:00+00,,bløtvev på hode og hals,7151
8433,TY0961,NORPAT,2019-01-15 23:00:00+00,,bløtvev på hode,8432
8434,TY0962,NORPAT,2019-01-15 23:00:00+00,,bløtvev på hals,8432
8435,TY1000,NORPAT,2001-12-31 23:00:00+00,,truncus,8396
8436,TY1010,NORPAT,2001-12-31 23:00:00+00,,øvre del av truncus,8435
8437,TY1020,NORPAT,2001-12-31 23:00:00+00,,nedre del av truncus,8435
8438,TY1021,NORPAT,2001-12-31 23:00:00+00,,høyre side av truncus,8435
8439,TY1022,NORPAT,2001-12-31 23:00:00+00,,venstre side av truncus,8435
8440,TY1100,NORPAT,2001-12-31 23:00:00+00,,rygg,8435
8441,TY1220,NORPAT,2001-12-31 23:00:00+00,,skulder,8523
8442,TY1230,NORPAT,2017-10-14 22:00:00+00,,infraklavikulærregion,8435
8443,TY1300,NORPAT,2001-12-31 23:00:00+00,,lumbalregion,8435
8444,TY1310,NORPAT,2001-12-31 23:00:00+00,,flanke,8437
8445,TY1410,NORPAT,2001-12-31 23:00:00+00,,sakralregion,8435
8446,TY1420,NORPAT,2001-12-31 23:00:00+00,,coccygealregion,8505
8447,TY1500,NORPAT,2001-12-31 23:00:00+00,,hofte,8555
8448,TY1600,NORPAT,2001-12-31 23:00:00+00,,sete,8555
8449,TY1700,NORPAT,2001-12-31 23:00:00+00,,perineum,8435
8450,TY1701,NORPAT,2001-12-31 23:00:00+00,,analregion,8449
8451,TY1705,NORPAT,2001-12-31 23:00:00+00,,anogenital region,8449
8452,TY1760,NORPAT,2001-12-31 23:00:00+00,,bløtdeler i perineum,7151
8453,TY1800,NORPAT,2001-12-31 23:00:00+00,2022-12-30 23:00:00+00,ekstremitet,6716
8454,TY1960,NORPAT,2001-12-31 23:00:00+00,,bløtdeler på truncus,7151
8455,TY2000,NORPAT,2019-01-15 23:00:00+00,,"thorax, mediastinum og diafragma",8435
8456,TY2100,NORPAT,2001-12-31 23:00:00+00,,thorax,8436
8457,TY2110,NORPAT,2001-12-31 23:00:00+00,,høyre side av thorax,8456
8458,TY2120,NORPAT,2001-12-31 23:00:00+00,,venstre side av thorax,8456
8459,TY2128,NORPAT,2001-12-31 23:00:00+00,,bakre thoraxvegg,8462
8460,TY2130,NORPAT,2001-12-31 23:00:00+00,,fremre thoraxvegg,8462
8461,TY2140,NORPAT,2001-12-31 23:00:00+00,,interkostalrom,8456
8462,TY2150,NORPAT,2001-12-31 23:00:00+00,,thoraxvegg,8456
8463,TY2200,NORPAT,2001-12-31 23:00:00+00,,thoraxhule,8456
8464,TY2210,NORPAT,2001-12-31 23:00:00+00,,høyre thoraxhule,8463
8465,TY2220,NORPAT,2001-12-31 23:00:00+00,,venstre thoraxhule,8463
8466,TY2300,NORPAT,2001-12-31 23:00:00+00,,mediastinum,8436
8467,TY2310,NORPAT,2001-12-31 23:00:00+00,,øvre mediastinum,8466
8468,TY2320,NORPAT,2001-12-31 23:00:00+00,,fremre mediastinum,8466
8469,TY2330,NORPAT,2001-12-31 23:00:00+00,,midtre mediastinum,8466
8470,TY2340,NORPAT,2001-12-31 23:00:00+00,,bakre mediastinum,8466
8471,TY2360,NORPAT,2017-10-14 22:00:00+00,,bløtvev i mediastinum,7151
8472,TY2400,NORPAT,2001-12-31 23:00:00+00,,diafragma,7133
8473,TY2420,NORPAT,2001-12-31 23:00:00+00,,hiatus øsofagi,7133
8474,TY2960,NORPAT,2001-12-31 23:00:00+00,,bløtdeler i thorax,7151
8475,TY3000,NORPAT,2001-12-31 23:00:00+00,,thoraxviscera,8436
8476,TY4000,NORPAT,2019-01-15 23:00:00+00,,"abdomen, peritoneum og retroperitoneum",8435
8477,TY4100,NORPAT,2001-12-31 23:00:00+00,,abdomen,8476
8478,TY4200,NORPAT,2001-12-31 23:00:00+00,,epigastrium,8476
8479,TY4220,NORPAT,2001-12-31 23:00:00+00,,navle,8480
8480,TY4230,NORPAT,2001-12-31 23:00:00+00,,umbilikalregion,8476
8481,TY4241,NORPAT,2001-12-31 23:00:00+00,,pubisregion,8476
8482,TY4300,NORPAT,2001-12-31 23:00:00+00,,abdominalvegg,8476
8483,TY4310,NORPAT,2001-12-31 23:00:00+00,,fremre bukvegg,8482
8484,TY4320,NORPAT,2001-12-31 23:00:00+00,,bakre bukvegg,8482
8485,TY4400,NORPAT,2001-12-31 23:00:00+00,,peritoneum,8476
8486,TY4401,NORPAT,2001-12-31 23:00:00+00,,peritoneal serosa,8485
8487,TY4402,NORPAT,2001-12-31 23:00:00+00,,subserøst lag av peritoneum,8485
8488,TY4410,NORPAT,2017-10-14 22:00:00+00,,peritonealt mesotel,8485
8489,TY4420,NORPAT,2001-12-31 23:00:00+00,,peritoneum parietale,8485
8490,TY4430,NORPAT,2001-12-31 23:00:00+00,,peritoneum viscerale,8485
8491,TY4440,NORPAT,2001-12-31 23:00:00+00,,bekkenperitoneum,8485
8492,TY4500,NORPAT,2001-12-31 23:00:00+00,,bukhule,8476
8493,TY4510,NORPAT,2001-12-31 23:00:00+00,,peritonealhulen i bekkenet,8476
8494,TY4520,NORPAT,2001-12-31 23:00:00+00,,subfrenisk rom,8476
8495,TY4530,NORPAT,2001-12-31 23:00:00+00,,subhepatisk rom,8476
8496,TY4540,NORPAT,2001-12-31 23:00:00+00,,bursa omentalis,8476
8497,TY4570,NORPAT,2001-12-31 23:00:00+00,,fossa rectovesicalis,8476
8498,TY4590,NORPAT,2001-12-31 23:00:00+00,,fossa rectouterina,8476
8499,TY4600,NORPAT,2001-12-31 23:00:00+00,,retroperitoneum,8476
8500,TY4652,NORPAT,2001-12-31 23:00:00+00,,retrocøkale rom,8477
8501,TY4660,NORPAT,2017-10-14 22:00:00+00,,bløtvev i retroperitoneum,7151
8502,TY4900,NORPAT,2019-01-15 23:00:00+00,,peritoneum og hud,8396
8503,TY4960,NORPAT,2001-12-31 23:00:00+00,,bløtdeler i abdomen,8437
8504,TY5000,NORPAT,2001-12-31 23:00:00+00,,abdominalorganer,8435
8505,TY6000,NORPAT,2001-12-31 23:00:00+00,,bekken,8435
8506,TY6100,NORPAT,2001-12-31 23:00:00+00,,bekkenorganer,8505
8507,TY6150,NORPAT,2001-12-31 23:00:00+00,,genitale bekkenorganer,8505
8508,TY6160,NORPAT,2001-12-31 23:00:00+00,,ekstragenitale bekkenorganer,8505
8509,TY6200,NORPAT,2001-12-31 23:00:00+00,,store bekken,8505
8510,TY6220,NORPAT,2001-12-31 23:00:00+00,,lille bekken,8505
8511,TY6221,NORPAT,2001-12-31 23:00:00+00,,bekkenhule,8505
8512,TY6235,NORPAT,2001-12-31 23:00:00+00,,bekkenvegg,8505
8513,TY6251,NORPAT,2001-12-31 23:00:00+00,,perirektalregion,8505
8514,TY6261,NORPAT,2001-12-31 23:00:00+00,,bekkenbunn,8505
8515,TY6700,NORPAT,2017-10-14 22:00:00+00,,bløtvev i scrotum,7151
8516,TY6960,NORPAT,2001-12-31 23:00:00+00,,bløtdeler i bekkenet,7151
8517,TY7000,NORPAT,2001-12-31 23:00:00+00,,lyskeregion,8477
8518,TY7010,NORPAT,2001-12-31 23:00:00+00,,høyre lyskeregion,8517
8519,TY7020,NORPAT,2001-12-31 23:00:00+00,,venstre lyskeregion,8517
8520,TY7040,NORPAT,2001-12-31 23:00:00+00,,lyskekanal,8517
8521,TY7960,NORPAT,2001-12-31 23:00:00+00,,bløtdeler i lyskeregion,8516
8522,TY7990,NORPAT,2019-01-15 23:00:00+00,,ekstremitet,8396
8523,TY8000,NORPAT,2001-12-31 23:00:00+00,,overekstremitet,8522
8524,TY8010,NORPAT,2001-12-31 23:00:00+00,,høyre overekstremitet,8523
8525,TY8020,NORPAT,2001-12-31 23:00:00+00,,venstre overekstremitet,8523
8526,TY8080,NORPAT,2001-12-31 23:00:00+00,,begge overekstremiteter,8523
8527,TY8100,NORPAT,2001-12-31 23:00:00+00,,aksille,8523
8528,TY8104,NORPAT,2001-12-31 23:00:00+00,,aksilleregion,8523
8529,TY8110,NORPAT,2001-12-31 23:00:00+00,,høyre aksilleregion,8524
8530,TY8120,NORPAT,2001-12-31 23:00:00+00,,venstre aksilleregion,8525
8531,TY8200,NORPAT,2001-12-31 23:00:00+00,,overarm,8523
8532,TY8201,NORPAT,2017-10-14 22:00:00+00,,deltoideusregion,8441
8533,TY8210,NORPAT,2001-12-31 23:00:00+00,,høyre overarm,8531
8534,TY8220,NORPAT,2001-12-31 23:00:00+00,,venstre overarm,8531
8535,TY8280,NORPAT,2001-12-31 23:00:00+00,,begge overarmer,8523
8536,TY8300,NORPAT,2017-10-14 22:00:00+00,,albue,8523
8537,TY8301,NORPAT,2001-12-31 23:00:00+00,,fossa cubiti,8536
8538,TY8500,NORPAT,2001-12-31 23:00:00+00,,underarm,8523
8539,TY8510,NORPAT,2001-12-31 23:00:00+00,,høyre underarm,8538
8540,TY8520,NORPAT,2001-12-31 23:00:00+00,,venstre underarm,8538
8541,TY8580,NORPAT,2001-12-31 23:00:00+00,,begge underarmer,8538
8542,TY8600,NORPAT,2001-12-31 23:00:00+00,,håndledd,8523
8543,TY8700,NORPAT,2001-12-31 23:00:00+00,,hånd,8523
8544,TY8710,NORPAT,2001-12-31 23:00:00+00,,høyre hånd,8543
8545,TY8720,NORPAT,2001-12-31 23:00:00+00,,venstre hånd,8543
8546,TY8730,NORPAT,2017-10-14 22:00:00+00,,håndrygg,8543
8547,TY8740,NORPAT,2001-12-31 23:00:00+00,,håndflate,8543
8548,TY8800,NORPAT,2001-12-31 23:00:00+00,,finger,8543
8549,TY8810,NORPAT,2017-10-14 22:00:00+00,,tommelfinger,8543
8550,TY8820,NORPAT,2017-10-14 22:00:00+00,,pekefinger,8548
8551,TY8890,NORPAT,2001-12-31 23:00:00+00,,alle fingre,8548
8552,TY8900,NORPAT,2001-12-31 23:00:00+00,,høyre overekstremitet og skulder,8523
8553,TY8910,NORPAT,2001-12-31 23:00:00+00,,venstre overekstremitet og skulder,8523
8554,TY8960,NORPAT,2001-12-31 23:00:00+00,,bløtvev i overekstremitet,7151
8555,TY9000,NORPAT,2001-12-31 23:00:00+00,,underekstremitet,8522
8556,TY9010,NORPAT,2001-12-31 23:00:00+00,,høyre underekstremitet,8555
8557,TY9020,NORPAT,2001-12-31 23:00:00+00,,venstre underekstremitet,8555
8558,TY9050,NORPAT,2019-01-15 23:00:00+00,,høyre femoralregion,8556
8559,TY9060,NORPAT,2019-01-15 23:00:00+00,,venstre femoralregion,8557
8560,TY9080,NORPAT,2001-12-31 23:00:00+00,,begge underekstremiteter,8555
8561,TY9100,NORPAT,2001-12-31 23:00:00+00,,lår,8555
8562,TY9110,NORPAT,2001-12-31 23:00:00+00,,høyre lår,8561
8563,TY9120,NORPAT,2001-12-31 23:00:00+00,,venstre lår,8561
8564,TY9180,NORPAT,2001-12-31 23:00:00+00,,begge lår,8561
8565,TY9200,NORPAT,2001-12-31 23:00:00+00,,kne,8555
8566,TY9210,NORPAT,2001-12-31 23:00:00+00,,høyre kne,8565
8567,TY9220,NORPAT,2001-12-31 23:00:00+00,,venstre kne,8565
8568,TY9280,NORPAT,2001-12-31 23:00:00+00,,begge knær,8565
8569,TY9300,NORPAT,2019-01-15 23:00:00+00,,poplitearegion,8555
8570,TY9310,NORPAT,2001-12-31 23:00:00+00,,fossa poplitea region,8565
8571,TY9400,NORPAT,2001-12-31 23:00:00+00,,legg,8555
8572,TY9410,NORPAT,2001-12-31 23:00:00+00,,høyre legg,8571
8573,TY9420,NORPAT,2001-12-31 23:00:00+00,,venstre legg,8571
8574,TY9480,NORPAT,2001-12-31 23:00:00+00,,begge legger,8571
8575,TY9500,NORPAT,2001-12-31 23:00:00+00,,ankel,8555
8576,TY9580,NORPAT,2001-12-31 23:00:00+00,,begge ankler,8555
8577,TY9600,NORPAT,2017-10-14 22:00:00+00,,hæl,8555
8578,TY9660,NORPAT,2001-12-31 23:00:00+00,,bløtvev i underekstremitet,7151
8579,TY9700,NORPAT,2001-12-31 23:00:00+00,,fot,8555
8580,TY9710,NORPAT,2001-12-31 23:00:00+00,,høyre fot,8579
8581,TY9720,NORPAT,2001-12-31 23:00:00+00,,venstre fot,8579
8582,TY9730,NORPAT,2017-10-14 22:00:00+00,,fotrygg,8579
8583,TY9740,NORPAT,2001-12-31 23:00:00+00,,fotsåle,8579
8584,TY9780,NORPAT,2001-12-31 23:00:00+00,,begge føtter,8579
8585,TY9800,NORPAT,2001-12-31 23:00:00+00,,tå,8579
8586,TY9890,NORPAT,2001-12-31 23:00:00+00,,alle tær,8585
8587,TY9900,NORPAT,2001-12-31 23:00:00+00,,høyre underekstremitet og del av bekken,8396
8588,TY9910,NORPAT,2001-12-31 23:00:00+00,,venstre underekstremitet og del av bekken,8396
8589,TYX000,NORPAT,2019-01-15 23:00:00+00,,celle,6716
9861,FE13C3,NORPAT,2023-12-31 23:00:00+00,,EGFR gen mutert,
9862,FE13C5,NORPAT,2023-12-31 23:00:00+00,,EGFR genamplifikasjon,
9863,FE13E1,NORPAT,2023-12-31 23:00:00+00,,BRAF genstatus normal,
9864,FE13E2,NORPAT,2023-12-31 23:00:00+00,,BRAF gen mutert,
9865,FE13EX,NORPAT,2023-12-31 23:00:00+00,,BRAF genfusjon,
9866,FE13ZX,NORPAT,2023-12-31 23:00:00+00,,ALK genfusjon,
9867,FE15Y1,NORPAT,2023-12-31 23:00:00+00,,SMARCB1 genstatus normal,
9868,FE15Y3,NORPAT,2023-12-31 23:00:00+00,,SMARCB1 gen mutert,
9869,FE16E1,NORPAT,2023-12-31 23:00:00+00,,TP53 genstatus normal,
9870,FE16E3,NORPAT,2023-12-31 23:00:00+00,,TP53 gen mutert,
9871,FE16N1,NORPAT,2023-12-31 23:00:00+00,,histon 3 (H3) genstatus normal,
9872,FE16N8,NORPAT,2023-12-31 23:00:00+00,,histon 3 (H3) gen alterert,
9873,FE16NA,NORPAT,2023-12-31 23:00:00+00,,histon 3 (H3) genmutasjon p.K28,
9874,FE16NB,NORPAT,2023-12-31 23:00:00+00,,histon 3 (H3) genmutasjon p.G35,
9875,FE16R1,NORPAT,2023-12-31 23:00:00+00,,SMARCA4 genstatus normal,
9876,FE16R3,NORPAT,2023-12-31 23:00:00+00,,SMARCA4 gen mutert,
9877,FE16S8,NORPAT,2023-12-31 23:00:00+00,,C19MC gen alterert,
9878,FE16Z1,NORPAT,2023-12-31 23:00:00+00,,TERT genstatus normal,
9879,FE16Z3,NORPAT,2023-12-31 23:00:00+00,,TERT gen mutert,
9880,FE18U8,NORPAT,2023-12-31 23:00:00+00,,MYC gen alterert,
9881,FE18V8,NORPAT,2023-12-31 23:00:00+00,,MYCN gen alterert,
9882,FE1BV3,NORPAT,2023-12-31 23:00:00+00,,MYB gen mutert,
9883,FE1BX3,NORPAT,2023-12-31 23:00:00+00,,MYBL1 gen mutert,
9884,FE1GQ1,NORPAT,2023-12-31 23:00:00+00,,FGFR genstatus normal,
9885,FE1GQ2,NORPAT,2023-12-31 23:00:00+00,,FGFR gen mutert,
9886,FE1GQX,NORPAT,2023-12-31 23:00:00+00,,FGFR genfusjon,
9887,FE1HQX,NORPAT,2023-12-31 23:00:00+00,,NTRK genfusjon,
9888,FE1IQX,NORPAT,2023-12-31 23:00:00+00,,ZFTA genfusjon,
9889,FE1JQX,NORPAT,2023-12-31 23:00:00+00,,YAP1 genfusjon,
9890,FE1KQ1,NORPAT,2023-12-31 23:00:00+00,,MN1 genstatus normal,
9891,FE1KQX,NORPAT,2023-12-31 23:00:00+00,,MN1 genfusjon,
9892,FE1LQ8,NORPAT,2023-12-31 23:00:00+00,,FOXR2 gen alterert,
9893,FE1MQ8,NORPAT,2023-12-31 23:00:00+00,,DICER gen alterert,
9894,FF10C0,NORPAT,2023-12-31 23:00:00+00,,gain Chrom7/tap Chrom10 ikke påvist,
9895,FF10C3,NORPAT,2023-12-31 23:00:00+00,,gain Chrom7/tap Chrom10 påvist,
9896,M81462,NORPAT,2024-12-31 23:00:00+00,,adenokarsinom in situ med mulig begynnende stromainfiltrasjon,
9897,M81463,NORPAT,2024-12-31 23:00:00+00,,adenokarsinom med begynnende stromainfiltrasjon,
9898,M82723,NORPAT,2024-12-31 23:00:00+00,,pituitær nevroendokrin tumor (PitNET),
9899,M82733,NORPAT,2024-12-31 23:00:00+00,,pituitær blastom,
9900,M87280,NORPAT,2024-12-31 23:00:00+00,,meningeal melanocytose,
9901,M87281,NORPAT,2024-12-31 23:00:00+00,,meningealt melanocytom,
9902,M87283,NORPAT,2024-12-31 23:00:00+00,,meningeal melanomatose,
9903,M93511,NORPAT,2024-12-31 23:00:00+00,,adamantinomatøst kraniofaryngiom,
9904,M93512,NORPAT,2024-12-31 23:00:00+00,,papillær kraniofaryngiom,
9905,M93521,NORPAT,2024-12-31 23:00:00+00,,papillær kraniofaryngiom,
9906,M93863,NORPAT,2024-12-31 23:00:00+00,,"diffust hemisfærisk gliom, H3 G34-mutert",
9907,M93873,NORPAT,2024-12-31 23:00:00+00,,"diffust pediatrisk type høygradig gliom, H3-villtype og IDH-villtype",
9908,M93883,NORPAT,2024-12-31 23:00:00+00,,infantil type hemisfærisk gliom,
9909,M93893,NORPAT,2024-12-31 23:00:00+00,,"diffust midtlinjegliom, H3 K27-endret",
9910,M938B3,NORPAT,2024-12-31 23:00:00+00,,"diffust midtlinjegliom, H3 K27-endret",
9911,M938C3,NORPAT,2024-12-31 23:00:00+00,,"diffust hemisfærisk gliom, H3 G34-mutert",
9912,M938D3,NORPAT,2024-12-31 23:00:00+00,,"diffust pediatrisk type høygradig gliom, H3-villtype og IDH-villtype",
9913,M938E3,NORPAT,2024-12-31 23:00:00+00,,infantil type hemisfærisk gliom,
9914,M93963,NORPAT,2024-12-31 23:00:00+00,,"supratentorielt ependymom, ZFTA-fusjon positiv",
9915,M939B3,NORPAT,2024-12-31 23:00:00+00,,"supratentorielt ependymom, YAP1-fusjon positiv",
9916,M939C3,NORPAT,2024-12-31 23:00:00+00,,bakre skallegropsependymom,
9917,M939D3,NORPAT,2024-12-31 23:00:00+00,,"bakre skallegropsependymom, gruppe A",
9918,M939E3,NORPAT,2024-12-31 23:00:00+00,,"bakre skallegropsependymom, gruppe B",
9919,M939F3,NORPAT,2024-12-31 23:00:00+00,,spinalt ependymom,
9920,M939G3,NORPAT,2024-12-31 23:00:00+00,,"spinalt ependymom, MYCN-amplifisert",
9921,M939H3,NORPAT,2024-12-31 23:00:00+00,,supratentorielt ependymom,
9922,M94121,NORPAT,2024-12-31 23:00:00+00,,desmoplastisk infantilt astrocytom,
9923,M94130,NORPAT,2024-12-31 23:00:00+00,,polymorf lavgradig nevroepitelial tumor hos unge (PLNTY),
9924,M94143,NORPAT,2024-12-31 23:00:00+00,,"diffust lavgradig gliom, MAPK signalvei-endret",
9925,M94211,NORPAT,2024-12-31 23:00:00+00,,"diffust astrocytom, MYB- eller MYBL1-endret",
9926,M94263,NORPAT,2024-12-31 23:00:00+00,,høygradig astrocytom med piloide trekk,
9927,M942A1,NORPAT,2024-12-31 23:00:00+00,,"diffust astrocytom, MYB- eller MYBL1-endret",
9928,M942A3,NORPAT,2024-12-31 23:00:00+00,,høygradig astrocytom med piloide trekk,
9929,M942B1,NORPAT,2024-12-31 23:00:00+00,,"diffust lavgradig gliom, MAPK signalvei-endret",
9930,M94321,NORPAT,2024-12-31 23:00:00+00,,pituicytom,
9931,M94453,NORPAT,2024-12-31 23:00:00+00,,"astrocytom, IDH-mutert, CNS WHO grad 4",
9932,M94753,NORPAT,2024-12-31 23:00:00+00,,"medulloblastom, WNT-aktivert",
9933,M94763,NORPAT,2024-12-31 23:00:00+00,,"medulloblastom, SHH-aktivert og TP53-mutert",
9934,M94773,NORPAT,2024-12-31 23:00:00+00,,"medulloblastom, non-WNT/non-SHH",
9935,M94783,NORPAT,2024-12-31 23:00:00+00,,embryonal tumor med multilagdelte rosetter,
9936,M94793,NORPAT,2024-12-31 23:00:00+00,,"medulloblastom, SHH-aktivert og TP53-villtype",
9937,M947B3,NORPAT,2024-12-31 23:00:00+00,,"medulloblastom, SHH-aktivert og TP53-villtype",
9938,M94930,NORPAT,2024-12-31 23:00:00+00,,dysplastisk cerebellært gangliocytom (Lhermitte–Duclos sykdom),
9939,M95061,NORPAT,2024-12-31 23:00:00+00,,cerebellært liponevrocytom,
9940,M95090,NORPAT,2024-12-31 23:00:00+00,,multinodulær og vakuoliserende nevronal tumor,
9941,M95093,NORPAT,2024-12-31 23:00:00+00,,diffus leptomeningeal glionevronal tumor,
9942,M950D1,NORPAT,2024-12-31 23:00:00+00,,papillær glionevronal tumor,
9943,M950E1,NORPAT,2024-12-31 23:00:00+00,,myksoid glionevronal tumor,
9944,M95131,NORPAT,2024-12-31 23:00:00+00,,papillær glionevronal tumor,
9945,M95141,NORPAT,2024-12-31 23:00:00+00,,myksoid glionevronal tumor,
9946,M95413,NORPAT,2024-12-31 23:00:00+00,,malign melanotisk nerveskjedetumor,
9947,M95433,NORPAT,2024-12-31 23:00:00+00,,malign perifer nerveskjedetumor,
9948,M954B3,NORPAT,2024-12-31 23:00:00+00,,malign perifer nerveskjedetumor,
9949,M954C3,NORPAT,2024-12-31 23:00:00+00,,malign melanotisk nerveskjedetumor,
9950,M97483,NORPAT,2024-12-31 23:00:00+00,,Rosai–Dorfman sykdom,
9951,M97491,NORPAT,2024-12-31 23:00:00+00,,juvenil xanthogranulom,
9952,M97493,NORPAT,2024-12-31 23:00:00+00,,Erdheim–Chester sykdom,
9953,M974A3,NORPAT,2024-12-31 23:00:00+00,,Rosai–Dorfman sykdom,
9954,P11012,NORPAT,2024-12-31 23:00:00+00,,Mohs kirurgi,5527
9955,P31113,NORPAT,2023-12-31 23:00:00+00,,"cytologi screening, automatisert guided punktscreening",5503
9956,P32600,NORPAT,2024-12-31 23:00:00+00,,semitynne snitt,5458
9957,P33711,NORPAT,2023-12-31 23:00:00+00,,DNA-kimbane neste generasjons sekvensering (NGS) helgenom,5746
9958,P33712,NORPAT,2023-12-31 23:00:00+00,,DNA neste generasjons sekvensering (NGS) helgenom,5746
10001,899901000168103,SNOMED CT,2002-01-31 00:00:00+00,,Hexaminolevulinate,10000
10002,764166003,SNOMED CT,2002-01-31 00:00:00+00,,Carbol-fuchsin,10000
10003,735070008,SNOMED CT,2002-01-31 00:00:00+00,,Methylene blue hydroxide,10000
10004,412548006,SNOMED CT,2002-01-31 00:00:00+00,,Indigotindisulfonate sodium,10000
10005,406995008,SNOMED CT,2002-01-31 00:00:00+00,,Thioflavine S stain,10000
10006,406993001,SNOMED CT,2002-01-31 00:00:00+00,,Protargol S stain,10000
10007,406992006,SNOMED CT,2002-01-31 00:00:00+00,,Verhoeff s hematoxylin stain,10000
10008,406991004,SNOMED CT,2002-01-31 00:00:00+00,,Modified trichrome stain,10000
10009,406990003,SNOMED CT,2002-01-31 00:00:00+00,,Aniline blue stain,10000
10010,406989007,SNOMED CT,2002-01-31 00:00:00+00,,Trichrome stain,10000
10011,406988004,SNOMED CT,2002-01-31 00:00:00+00,,Safranin stain,10000
10012,406986000,SNOMED CT,2002-01-31 00:00:00+00,,Chromic acid stain,10000
10013,406985001,SNOMED CT,2002-01-31 00:00:00+00,,Silver nitrate stain,10000
10014,406983008,SNOMED CT,2002-01-31 00:00:00+00,,Hansel stain,10000
10015,406982003,SNOMED CT,2002-01-31 00:00:00+00,,Bauers chromic acid leucofuchsin stain,10000
10016,406981005,SNOMED CT,2002-01-31 00:00:00+00,,Aldehyde fuchsin stain,10000
10017,406980006,SNOMED CT,2002-01-31 00:00:00+00,,Fouchet stain,10000
10018,406977005,SNOMED CT,2002-01-31 00:00:00+00,,Rhodamine stain,10000
10019,406975002,SNOMED CT,2002-01-31 00:00:00+00,,Terminal deoxynucleotidyl transferase stain,10000
10020,406974003,SNOMED CT,2002-01-31 00:00:00+00,,Peroxidase stain,10000
10021,406973009,SNOMED CT,2002-01-31 00:00:00+00,,Naphthol-AS-D-chloracetate esterase stain,10000
10022,406972004,SNOMED CT,2002-01-31 00:00:00+00,,India ink stain,10000
10023,406971006,SNOMED CT,2002-01-31 00:00:00+00,,Alkaline phosphatase stain,10000
10024,406968003,SNOMED CT,2002-01-31 00:00:00+00,,Quinacrine fluorescent stain,10000
10025,406967008,SNOMED CT,2002-01-31 00:00:00+00,,Phosphotungstic acid-hematoxylin stain,10000
10026,406966004,SNOMED CT,2002-01-31 00:00:00+00,,Orcein stain,10000
10027,406965000,SNOMED CT,2002-01-31 00:00:00+00,,Night blue stain,10000
10028,406964001,SNOMED CT,2002-01-31 00:00:00+00,,Mucicarmine stain,10000
10029,406961009,SNOMED CT,2002-01-31 00:00:00+00,,Methylene violet stain,10000
10030,406960005,SNOMED CT,2002-01-31 00:00:00+00,,Cresyl echt violet stain,10000
10031,406959000,SNOMED CT,2002-01-31 00:00:00+00,,Cresyl violet stain,10000
10032,406958008,SNOMED CT,2002-01-31 00:00:00+00,,Luxol fast blue stain,10000
10033,406957003,SNOMED CT,2002-01-31 00:00:00+00,,Van Gieson stain,10000
10034,406955006,SNOMED CT,2002-01-31 00:00:00+00,,Butyrate esterase stain,10000
10035,406953004,SNOMED CT,2002-01-31 00:00:00+00,,Mallory bleach stain,10000
10036,406952009,SNOMED CT,2002-01-31 00:00:00+00,,Colloidal iron stain,10000
10037,406951002,SNOMED CT,2002-01-31 00:00:00+00,,Silver stain,10000
10038,384954007,SNOMED CT,2002-01-31 00:00:00+00,,Indocyanine green,10000
10039,314900004,SNOMED CT,2002-01-31 00:00:00+00,,Sudan stain,10000
10040,310805002,SNOMED CT,2002-01-31 00:00:00+00,,Sudan black stain,10000
10041,259496005,SNOMED CT,2002-01-31 00:00:00+00,,5-aminolevulinic acid,10000
10042,259298008,SNOMED CT,2002-01-31 00:00:00+00,,Acid phosphatase bone isoenzyme,10000
10043,255813003,SNOMED CT,2002-01-31 00:00:00+00,,Ziehl-Neelsen stain,10000
10044,255811001,SNOMED CT,2002-01-31 00:00:00+00,,Spore stain,10000
10045,255810000,SNOMED CT,2002-01-31 00:00:00+00,,Romanowsky stain,10000
10046,255808002,SNOMED CT,2002-01-31 00:00:00+00,,Periodic acid Schiff stain,10000
10047,255807007,SNOMED CT,2002-01-31 00:00:00+00,,Nonspecific esterase stain,10000
10048,255806003,SNOMED CT,2002-01-31 00:00:00+00,,Neutrophil alkaline phosphatase stain,10000
10049,255805004,SNOMED CT,2002-01-31 00:00:00+00,,Myeloperoxidase stain,10000
10050,255804000,SNOMED CT,2002-01-31 00:00:00+00,,Methyl green pyronin stain,10000
10051,255803006,SNOMED CT,2002-01-31 00:00:00+00,,May-Grunwald giemsa stain,10000
10052,255802001,SNOMED CT,2002-01-31 00:00:00+00,,Leishman stain,10000
10053,255801008,SNOMED CT,2002-01-31 00:00:00+00,,Jenner-Giemsa stain,10000
10054,255800009,SNOMED CT,2002-01-31 00:00:00+00,,Immunofluorescent stain,10000
10055,255799005,SNOMED CT,2002-01-31 00:00:00+00,,Flagellar stain,10000
10056,255798002,SNOMED CT,2002-01-31 00:00:00+00,,Fields stain,10000
10057,255797007,SNOMED CT,2002-01-31 00:00:00+00,,Feulgen reaction stain,10000
10058,255796003,SNOMED CT,2002-01-31 00:00:00+00,,Chloroacetate esterase stain,10000
10059,255795004,SNOMED CT,2002-01-31 00:00:00+00,,Beta-glucuronidase stain,10000
10060,255794000,SNOMED CT,2002-01-31 00:00:00+00,,Auramine stain,10000
10061,255793006,SNOMED CT,2002-01-31 00:00:00+00,,Alberts stain,10000
10062,255792001,SNOMED CT,2002-01-31 00:00:00+00,,Acid phosphatase stain,10000
10063,111102009,SNOMED CT,2002-01-31 00:00:00+00,,Lissamine rhodamine stain,10000
10064,111101002,SNOMED CT,2002-01-31 00:00:00+00,,Naphthol yellow S stain,10000
10065,108880002,SNOMED CT,2002-01-31 00:00:00+00,,Fluorexon stain,10000
10066,91295002,SNOMED CT,2002-01-31 00:00:00+00,,Fast blue BB salt stain,10000
10067,89856006,SNOMED CT,2002-01-31 00:00:00+00,,Ponceau S stain,10000
10068,89577003,SNOMED CT,2002-01-31 00:00:00+00,,Pontamine sky blue 5BX stain,10000
10069,89148006,SNOMED CT,2002-01-31 00:00:00+00,,Fast garnet GBC salt stain,10000
10070,89139001,SNOMED CT,2002-01-31 00:00:00+00,,Light green SF stain,10000
10071,89028002,SNOMED CT,2002-01-31 00:00:00+00,,Curcumin stain,10000
10072,88660000,SNOMED CT,2002-01-31 00:00:00+00,,Fast sulfon black F stain,10000
10073,88625006,SNOMED CT,2002-01-31 00:00:00+00,,Water soluble aniline blue stain,10000
10074,86750008,SNOMED CT,2002-01-31 00:00:00+00,,Nitrazine yellow stain,10000
10075,86541009,SNOMED CT,2002-01-31 00:00:00+00,,Brilliant crocein stain,10000
10076,85981002,SNOMED CT,2002-01-31 00:00:00+00,,Chromotrope 2R stain,10000
10077,85596006,SNOMED CT,2002-01-31 00:00:00+00,,Fluorescein stain,10000
10078,85190005,SNOMED CT,2002-01-31 00:00:00+00,,Bismark brown Y stain,10000
10079,85066006,SNOMED CT,2002-01-31 00:00:00+00,,Azo black stain,10000
10080,84656005,SNOMED CT,2002-01-31 00:00:00+00,,Atebrin FS stain,10000
10081,84217005,SNOMED CT,2002-01-31 00:00:00+00,,Titan yellow stain,10000
10082,83600004,SNOMED CT,2002-01-31 00:00:00+00,,Spirit soluble eosin stain,10000
10083,82682000,SNOMED CT,2002-01-31 00:00:00+00,,Victoria blue 4R stain,10000
10084,81397005,SNOMED CT,2002-01-31 00:00:00+00,,Auramine O stain,10000
10085,80305003,SNOMED CT,2002-01-31 00:00:00+00,,Pontamine sky blue 6BX stain,10000
10086,78869007,SNOMED CT,2002-01-31 00:00:00+00,,Nuclear fast red stain,10000
10087,77073008,SNOMED CT,2002-01-31 00:00:00+00,,Nile blue stain,10000
10088,76925007,SNOMED CT,2002-01-31 00:00:00+00,,Alkali blue 5B (4B) stain,10000
10089,76633005,SNOMED CT,2002-01-31 00:00:00+00,,Fast red TR salt stain,10000
10090,76605005,SNOMED CT,2002-01-31 00:00:00+00,,Biebrich scarlet stain,10000
10091,76439002,SNOMED CT,2002-01-31 00:00:00+00,,Fat red 7B stain,10000
10092,76048000,SNOMED CT,2002-01-31 00:00:00+00,,Azocarmine G (GX) stain,10000
10093,76001002,SNOMED CT,2002-01-31 00:00:00+00,,Pyronine B stain,10000
10094,75956008,SNOMED CT,2002-01-31 00:00:00+00,,Hematein stain,10000
10095,73892005,SNOMED CT,2002-01-31 00:00:00+00,,Carmine stain,10000
10096,73251007,SNOMED CT,2002-01-31 00:00:00+00,,Auramine G stain,10000
10097,72572003,SNOMED CT,2002-01-31 00:00:00+00,,Diamond black stain,10000
10098,72371006,SNOMED CT,2002-01-31 00:00:00+00,,Fast violet B salt stain,10000
10099,71957009,SNOMED CT,2002-01-31 00:00:00+00,,Phloxin B stain,10000
10100,70520000,SNOMED CT,2002-01-31 00:00:00+00,,Ponceau xylidine stain,10000
10101,69133007,SNOMED CT,2002-01-31 00:00:00+00,,Sudan IV stain,10000
10102,68459007,SNOMED CT,2002-01-31 00:00:00+00,,Crystal ponceau stain,10000
10103,68263003,SNOMED CT,2002-01-31 00:00:00+00,,Janus green B stain,10000
10104,67956008,SNOMED CT,2002-01-31 00:00:00+00,,Neutral red stain,10000
10105,65730007,SNOMED CT,2002-01-31 00:00:00+00,,Ponceau 3R stain,10000
10106,65580004,SNOMED CT,2002-01-31 00:00:00+00,,Alizarin red S stain,10000
10107,65445001,SNOMED CT,2002-01-31 00:00:00+00,,Ethyl violet stain,10000
10108,64991008,SNOMED CT,2002-01-31 00:00:00+00,,Soluble berlin blue stain,10000
10109,64112001,SNOMED CT,2002-01-31 00:00:00+00,,Fast blue RR salt stain,10000
10110,63929007,SNOMED CT,2002-01-31 00:00:00+00,,Alkali blue 6B stain,10000
10111,61068006,SNOMED CT,2002-01-31 00:00:00+00,,Thioflavine T stain,10000
10112,60920007,SNOMED CT,2002-01-31 00:00:00+00,,Fuchsin acid stain,10000
10113,60739006,SNOMED CT,2002-01-31 00:00:00+00,,Waxoline blue stain,10000
10114,60441008,SNOMED CT,2002-01-31 00:00:00+00,,Trypan blue stain,10000
10115,58755002,SNOMED CT,2002-01-31 00:00:00+00,,Water soluble anthracene brown stain,10000
10116,58631000,SNOMED CT,2002-01-31 00:00:00+00,,Eriochrome blue black SE stain,10000
10117,57753006,SNOMED CT,2002-01-31 00:00:00+00,,Brilliant yellow stain,10000
10118,55831004,SNOMED CT,2002-01-31 00:00:00+00,,Xylene cyanol FF stain,10000
10119,54791001,SNOMED CT,2002-01-31 00:00:00+00,,Metanil yellow stain,10000
10120,54432009,SNOMED CT,2002-01-31 00:00:00+00,,Alizarin blue S stain,10000
10121,54221006,SNOMED CT,2002-01-31 00:00:00+00,,Orange G stain,10000
10122,53511009,SNOMED CT,2002-01-31 00:00:00+00,,Tropaeolin OO stain,10000
10123,51567006,SNOMED CT,2002-01-31 00:00:00+00,,Sirius red F3B stain,10000
10124,50062004,SNOMED CT,2002-01-31 00:00:00+00,,Fuchsin basic stain,10000
10125,49687009,SNOMED CT,2002-01-31 00:00:00+00,,Coriphosphine stain,10000
10126,48540004,SNOMED CT,2002-01-31 00:00:00+00,,Patent blue V sodium salt stain,10000
10127,47995002,SNOMED CT,2002-01-31 00:00:00+00,,Alcohol soluble nigrosine stain,10000
10128,47486002,SNOMED CT,2002-01-31 00:00:00+00,,Fast red ITR stain,10000
10129,47030008,SNOMED CT,2002-01-31 00:00:00+00,,Insoluble berlin blue stain,10000
10130,46139004,SNOMED CT,2002-01-31 00:00:00+00,,Martius yellow stain,10000
10131,45106005,SNOMED CT,2002-01-31 00:00:00+00,,Congo red stain,10000
10132,44488008,SNOMED CT,2002-01-31 00:00:00+00,,Bismark brown R stain,10000
10133,43549000,SNOMED CT,2002-01-31 00:00:00+00,,Solochrome azurine (BS) stain,10000
10134,43106008,SNOMED CT,2002-01-31 00:00:00+00,,Pyronine G stain,10000
10135,42248000,SNOMED CT,2002-01-31 00:00:00+00,,Methyl orange stain,10000
10136,41750006,SNOMED CT,2002-01-31 00:00:00+00,,Brazilin stain,10000
10137,40808006,SNOMED CT,2002-01-31 00:00:00+00,,Oil red O stain,10000
10138,40718007,SNOMED CT,2002-01-31 00:00:00+00,,Fast red B salt stain,10000
10139,40076005,SNOMED CT,2002-01-31 00:00:00+00,,Erie garnet stain,10000
10140,39777001,SNOMED CT,2002-01-31 00:00:00+00,,Sudan III stain,10000
10141,38902009,SNOMED CT,2002-01-31 00:00:00+00,,Solochrome dark blue stain,10000
10142,38707008,SNOMED CT,2002-01-31 00:00:00+00,,Celestine blue B stain,10000
10143,38543004,SNOMED CT,2002-01-31 00:00:00+00,,Lissamine green B stain,10000
10144,38271009,SNOMED CT,2002-01-31 00:00:00+00,,Saffron stain,10000
10145,37575004,SNOMED CT,2002-01-31 00:00:00+00,,Carmoisine A stain,10000
10146,36879007,SNOMED CT,2002-01-31 00:00:00+00,,Water soluble eosin stain,10000
10147,36572009,SNOMED CT,2002-01-31 00:00:00+00,,Sudan black B stain,10000
10148,35724001,SNOMED CT,2002-01-31 00:00:00+00,,Lacmoid stain,10000
10149,35609001,SNOMED CT,2002-01-31 00:00:00+00,,Azophloxin stain,10000
10150,35352008,SNOMED CT,2002-01-31 00:00:00+00,,Fluorescent stain,10000
10151,35094004,SNOMED CT,2002-01-31 00:00:00+00,,Tropaeolin O stain,10000
10152,34700000,SNOMED CT,2002-01-31 00:00:00+00,,Fast blue B salt stain,10000
10153,34128002,SNOMED CT,2002-01-31 00:00:00+00,,Chrome azurol S stain,10000
10154,31714001,SNOMED CT,2002-01-31 00:00:00+00,,New fuchsin stain,10000
10155,31260003,SNOMED CT,2002-01-31 00:00:00+00,,Methylene violet stain (Bernthsen),10000
10156,29522004,SNOMED CT,2002-01-31 00:00:00+00,,Tolonium chloride,10000
10157,29342009,SNOMED CT,2002-01-31 00:00:00+00,,Kenacid blue R stain,10000
10158,29252006,SNOMED CT,2002-01-31 00:00:00+00,,Acridine orange stain,10000
10159,28622002,SNOMED CT,2002-01-31 00:00:00+00,,Alizarin yellow R stain,10000
10160,27844007,SNOMED CT,2002-01-31 00:00:00+00,,Benzo fast scarlet stain,10000
10161,27671009,SNOMED CT,2002-01-31 00:00:00+00,,Rhodamine B stain,10000
10162,27120008,SNOMED CT,2002-01-31 00:00:00+00,,Malachite green stain,10000
10163,27016007,SNOMED CT,2002-01-31 00:00:00+00,,Alizarin yellow GG stain,10000
10164,25941002,SNOMED CT,2002-01-31 00:00:00+00,,Orange II stain,10000
10165,25351006,SNOMED CT,2002-01-31 00:00:00+00,,Fluorescein sodium stain,10000
10166,25091000,SNOMED CT,2002-01-31 00:00:00+00,,Solochrome cyanine R stain,10000
10167,25079009,SNOMED CT,2002-01-31 00:00:00+00,,Lissamine fast yellow stain,10000
10168,24900003,SNOMED CT,2002-01-31 00:00:00+00,,Procion brilliant blue MRS stain,10000
10169,24516006,SNOMED CT,2002-01-31 00:00:00+00,,Meldola blue stain,10000
10170,24167004,SNOMED CT,2002-01-31 00:00:00+00,,Fast green FCF stain,10000
10171,22968009,SNOMED CT,2002-01-31 00:00:00+00,,Sunset yellow FCF stain,10000
10172,22931006,SNOMED CT,2002-01-31 00:00:00+00,,Evans blue stain,10000
10173,22749001,SNOMED CT,2002-01-31 00:00:00+00,,Victoria blue B stain,10000
10174,22021002,SNOMED CT,2002-01-31 00:00:00+00,,Methyl green stain,10000
10175,21951008,SNOMED CT,2002-01-31 00:00:00+00,,Alizarin cyanine green stain,10000
10176,21592006,SNOMED CT,2002-01-31 00:00:00+00,,Tartrazine stain,10000
10177,20230008,SNOMED CT,2002-01-31 00:00:00+00,,Vital new red stain,10000
10178,17693003,SNOMED CT,2002-01-31 00:00:00+00,,Acriflavine stain,10000
10179,17172002,SNOMED CT,2002-01-31 00:00:00+00,,Dibromofluorescein stain,10000
10180,16943008,SNOMED CT,2002-01-31 00:00:00+00,,Chrysoidine Y stain,10000
10181,16836001,SNOMED CT,2002-01-31 00:00:00+00,,Azure A stain,10000
10182,16788000,SNOMED CT,2002-01-31 00:00:00+00,,Naphthalene black 12B stain,10000
10183,15896008,SNOMED CT,2002-01-31 00:00:00+00,,Methyl violet 2B stain,10000
10184,15529003,SNOMED CT,2002-01-31 00:00:00+00,,Rosolic acid sodium salt stain,10000
10185,14958002,SNOMED CT,2002-01-31 00:00:00+00,,Naphthol green B stain,10000
10186,14544006,SNOMED CT,2002-01-31 00:00:00+00,,Methyl violet 6B stain,10000
10187,13744001,SNOMED CT,2002-01-31 00:00:00+00,,Methyl red stain,10000
10188,12710003,SNOMED CT,2002-01-31 00:00:00+00,,Hematoxylin stain,10000
10189,12119009,SNOMED CT,2002-01-31 00:00:00+00,,Water soluble nigrosine stain,10000
10190,12030009,SNOMED CT,2002-01-31 00:00:00+00,,Sudan II stain,10000
10191,12001002,SNOMED CT,2002-01-31 00:00:00+00,,Thionine stain,10000
10192,11780008,SNOMED CT,2002-01-31 00:00:00+00,,Durazol red stain,10000
10193,11727009,SNOMED CT,2002-01-31 00:00:00+00,,Indophenol from naphthol stain,10000
10194,11645004,SNOMED CT,2002-01-31 00:00:00+00,,Spirit soluble aniline blue stain,10000
10195,11201005,SNOMED CT,2002-01-31 00:00:00+00,,Solochrome black 6B stain,10000
10196,11069001,SNOMED CT,2002-01-31 00:00:00+00,,Azure C stain,10000
10197,10740006,SNOMED CT,2002-01-31 00:00:00+00,,Sudan blue stain,10000
10198,10247008,SNOMED CT,2002-01-31 00:00:00+00,,Chrysoidine R stain,10000
10199,9010006,SNOMED CT,2002-01-31 00:00:00+00,,Methyl blue stain,10000
10200,8926000,SNOMED CT,2002-01-31 00:00:00+00,,Azure B stain,10000
